0.00,-3.253305,1.109425,0.846247,0.014704,0.010117,0.034119,0.999258,0.000617883,-0.0251571,-0.0393466,0.424611,-0.542901,0.554187,-0.466734,618.000000,43.000000,563.500000,196.000000,803.000000,45.000000,816.500000,198.500000,-1.000000,-1.000000
0.00,-3.253305,1.109425,0.846247,0.014704,0.010117,0.034119,0.999258,0.000617883,-0.0251571,-0.0393466,0.424611,-0.542901,0.554187,-0.466734,618.000000,43.000000,563.500000,196.000000,803.000000,45.000000,816.500000,198.500000,-1.000000,-1.000000
0.10,-3.254937,1.111510,0.847528,0.018493,0.008900,0.034165,0.999205,0.000617883,-0.0251571,-0.0393466,0.424611,-0.542901,0.554187,-0.466734,621.150000,43.450000,563.500000,196.450000,803.900000,45.000000,818.800000,198.500000,-1.000000,-1.000000
0.20,-3.256172,1.114031,0.848413,0.018698,0.011392,0.034409,0.999168,0.000617883,-0.0251571,-0.0393466,0.424611,-0.542901,0.554187,-0.466734,622.250000,43.500000,564.100000,196.800000,804.550000,45.600000,818.050000,199.100000,-1.000000,-1.000000
0.30,-3.256763,1.115834,0.848411,0.017866,0.010433,0.033105,0.999238,0.000617883,-0.0251571,-0.0393466,0.424611,-0.542901,0.554187,-0.466734,622.400000,42.700000,564.300000,196.400000,805.350000,45.550000,818.800000,199.550000,-1.000000,-1.000000
0.40,-3.257317,1.118237,0.848646,0.018336,0.008360,0.033043,0.999251,0.000617883,-0.0251571,-0.0393466,0.424611,-0.542901,0.554187,-0.466734,622.750000,41.800000,564.400000,196.150000,806.250000,45.800000,819.150000,199.850000,-1.000000,-1.000000
0.50,-3.257253,1.120373,0.848893,0.019293,0.007510,0.032537,0.999256,0.000617883,-0.0251571,-0.0393466,0.424611,-0.542901,0.554187,-0.466734,622.200000,41.000000,564.800000,196.050000,807.300000,45.950000,819.650000,200.000000,-1.000000,-1.000000
0.60,-3.257349,1.122408,0.847593,0.017715,0.009195,0.031940,0.999290,0.000617883,-0.0251571,-0.0393466,0.424611,-0.542901,0.554187,-0.466734,622.350000,39.850000,565.200000,195.750000,808.350000,45.750000,821.200000,200.050000,-1.000000,-1.000000
0.70,-3.257470,1.124220,0.846865,0.018806,0.007009,0.032433,0.999272,0.000617883,-0.0251571,-0.0393466,0.424611,-0.542901,0.554187,-0.466734,622.500000,38.400000,565.650000,195.350000,809.450000,45.650000,820.800000,199.850000,-1.000000,-1.000000
0.80,-3.257042,1.126191,0.844913,0.021299,0.005777,0.032863,0.999216,0.000617883,-0.0251571,-0.0393466,0.424611,-0.542901,0.554187,-0.466734,624.250000,36.200000,566.200000,194.300000,810.250000,45.350000,820.550000,199.450000,-1.000000,-1.000000
0.90,-3.257219,1.127373,0.842963,0.022778,0.006629,0.032741,0.999182,0.000617883,-0.0251571,-0.0393466,0.424611,-0.542901,0.554187,-0.466734,627.000000,33.250000,566.450000,193.050000,809.900000,45.200000,820.100000,198.750000,-1.000000,-1.000000
1.00,-3.257189,1.128157,0.840429,0.019941,0.007803,0.032170,0.999253,0.000617883,-0.0251571,-0.0393466,0.424611,-0.542901,0.554187,-0.466734,630.000000,30.900000,566.600000,192.100000,809.700000,44.800000,819.600000,198.350000,-1.000000,-1.000000
1.10,-3.256775,1.129135,0.838239,0.020684,0.008658,0.031309,0.999258,0.000617883,-0.0251571,-0.0393466,0.424611,-0.542901,0.554187,-0.466734,631.650000,29.100000,566.900000,191.100000,809.100000,44.650000,819.600000,197.850000,-1.000000,-1.000000
1.20,-3.256548,1.130307,0.836328,0.018098,0.006132,0.031924,0.999308,0.000617883,-0.0251571,-0.0393466,0.424611,-0.542901,0.554187,-0.466734,634.750000,27.700000,567.100000,190.050000,808.500000,44.300000,819.800000,197.150000,-1.000000,-1.000000
1.30,-3.256089,1.131448,0.834456,0.021095,0.004164,0.032391,0.999244,0.000617883,-0.0251571,-0.0393466,0.424611,-0.542901,0.554187,-0.466734,638.350000,27.200000,567.400000,189.250000,807.150000,44.100000,820.150000,196.700000,-1.000000,-1.000000
1.40,-3.255761,1.132625,0.832521,0.021890,0.005226,0.032433,0.999221,0.000617883,-0.0251571,-0.0393466,0.424611,-0.542901,0.554187,-0.466734,640.300000,26.700000,567.600000,188.350000,805.950000,43.050000,820.900000,196.250000,-1.000000,-1.000000
1.50,-3.255553,1.133206,0.830981,0.020856,0.002635,0.032983,0.999235,0.000617883,-0.0251571,-0.0393466,0.424611,-0.542901,0.554187,-0.466734,642.850000,26.500000,567.950000,187.400000,805.200000,41.450000,821.750000,195.550000,-1.000000,-1.000000
1.60,-3.255744,1.133978,0.829544,0.023274,0.004194,0.032227,0.999201,0.000617883,-0.0251571,-0.0393466,0.424611,-0.542901,0.554187,-0.466734,647.050000,26.200000,568.100000,186.650000,804.550000,40.150000,822.450000,194.650000,-1.000000,-1.000000
1.70,-3.255399,1.134485,0.828137,0.021876,0.007856,0.032522,0.999201,0.000617883,-0.0251571,-0.0393466,0.424611,-0.542901,0.554187,-0.466734,651.300000,25.350000,567.950000,185.950000,804.000000,38.900000,823.100000,193.900000,-1.000000,-1.000000
1.80,-3.255360,1.134945,0.827312,0.023676,0.007709,0.032037,0.999177,0.000617883,-0.0251571,-0.0393466,0.424611,-0.542901,0.554187,-0.466734,654.350000,24.200000,567.600000,185.900000,803.150000,38.400000,823.450000,193.300000,-1.000000,-1.000000
1.90,-3.254475,1.135442,0.826012,0.023125,0.008283,0.032255,0.999178,0.000617883,-0.0251571,-0.0393466,0.424611,-0.542901,0.554187,-0.466734,656.500000,23.600000,567.650000,185.850000,802.700000,38.200000,823.600000,193.200000,-1.000000,-1.000000
2.00,-3.253564,1.135553,0.825320,0.021052,0.007606,0.031332,0.999258,0.000617883,-0.0251571,-0.0393466,0.424611,-0.542901,0.554187,-0.466734,656.650000,23.250000,567.650000,185.650000,802.450000,38.100000,823.700000,193.150000,-1.000000,-1.000000
2.10,-3.252265,1.135679,0.824337,0.023230,0.008859,0.032563,0.999160,0.000617883,-0.0251571,-0.0393466,0.424611,-0.542901,0.554187,-0.466734,656.450000,21.300000,567.650000,185.550000,802.600000,37.800000,822.800000,193.350000,-1.000000,-1.000000
2.20,-3.251013,1.135607,0.823803,0.022236,0.007143,0.031461,0.999232,0.000617883,-0.0251571,-0.0393466,0.424611,-0.542901,0.554187,-0.466734,658.600000,19.950000,567.650000,185.500000,803.350000,37.700000,821.800000,193.750000,-1.000000,-1.000000
2.30,-3.249446,1.135524,0.823844,0.022912,0.008238,0.031798,0.999198,0.000617883,-0.0251571,-0.0393466,0.424611,-0.542901,0.554187,-0.466734,660.200000,19.050000,567.600000,185.750000,804.300000,37.600000,820.300000,194.450000,-1.000000,-1.000000
2.40,-3.247491,1.135134,0.823674,0.021807,0.008514,0.032766,0.999189,0.000617883,-0.0251571,-0.0393466,0.424611,-0.542901,0.554187,-0.466734,661.750000,18.550000,567.600000,185.850000,805.300000,37.150000,818.950000,195.050000,-1.000000,-1.000000
2.50,-3.245669,1.135013,0.823666,0.020319,0.007804,0.030646,0.999293,0.000617883,-0.0251571,-0.0393466,0.424611,-0.542901,0.554187,-0.466734,662.600000,18.300000,567.400000,185.800000,806.100000,36.650000,817.450000,195.450000,-1.000000,-1.000000
2.60,-3.244110,1.134714,0.823869,0.023285,0.005488,0.031082,0.999231,0.000617883,-0.0251571,-0.0393466,0.424611,-0.542901,0.554187,-0.466734,664.400000,18.350000,567.250000,185.500000,807.300000,36.350000,815.250000,195.950000,-1.000000,-1.000000
2.70,-3.242483,1.134847,0.823762,0.023581,0.002334,0.031857,0.999211,0.000617883,-0.0251571,-0.0393466,0.424611,-0.542901,0.554187,-0.466734,666.050000,18.450000,567.150000,185.550000,808.200000,36.200000,813.000000,196.450000,-1.000000,-1.000000
2.80,-3.241591,1.134868,0.824076,0.022173,0.004805,0.031480,0.999247,0.000617883,-0.0251571,-0.0393466,0.424611,-0.542901,0.554187,-0.466734,666.450000,18.950000,566.900000,185.600000,808.950000,36.150000,810.050000,196.950000,-1.000000,-1.000000
2.90,-3.241163,1.134604,0.824602,0.023263,0.004802,0.031539,0.999220,0.000617883,-0.0251571,-0.0393466,0.424611,-0.542901,0.554187,-0.466734,667.300000,19.700000,566.700000,185.900000,809.600000,36.400000,807.950000,197.500000,-1.000000,-1.000000
3.00,-3.241240,1.134574,0.825014,0.023725,0.006619,0.031251,0.999208,0.000617883,-0.0251571,-0.0393466,0.424611,-0.542901,0.554187,-0.466734,667.950000,21.700000,566.600000,186.550000,809.250000,37.200000,806.100000,198.250000,-1.000000,-1.000000
3.10,-3.241167,1.134554,0.825983,0.024539,0.009900,0.031548,0.999152,0.000617883,-0.0251571,-0.0393466,0.424611,-0.542901,0.554187,-0.466734,668.250000,24.500000,566.500000,187.150000,808.800000,38.200000,804.100000,198.700000,-1.000000,-1.000000
3.20,-3.241781,1.134413,0.826067,0.023348,0.006701,0.031937,0.999195,0.000617883,-0.0251571,-0.0393466,0.424611,-0.542901,0.554187,-0.466734,667.450000,26.350000,566.500000,187.750000,808.550000,38.750000,802.800000,198.950000,-1.000000,-1.000000
3.30,-3.242203,1.134537,0.826280,0.022976,0.007711,0.031529,0.999209,0.000617883,-0.0251571,-0.0393466,0.424611,-0.542901,0.554187,-0.466734,666.200000,30.250000,566.300000,188.100000,808.150000,39.550000,801.100000,198.850000,-1.000000,-1.000000
3.40,-3.242785,1.134540,0.826671,0.023682,0.007386,0.031327,0.999201,0.000617883,-0.0251571,-0.0393466,0.424611,-0.542901,0.554187,-0.466734,664.300000,33.650000,566.100000,188.300000,808.150000,40.500000,799.300000,198.550000,-1.000000,-1.000000
3.50,-3.243197,1.134374,0.827218,0.023734,0.008179,0.031291,0.999195,0.000617883,-0.0251571,-0.0393466,0.424611,-0.542901,0.554187,-0.466734,662.650000,36.300000,566.050000,188.650000,808.100000,41.500000,797.600000,198.150000,-1.000000,-1.000000
3.60,-3.243515,1.134199,0.827746,0.021607,0.008554,0.030616,0.999261,0.000617883,-0.0251571,-0.0393466,0.424611,-0.542901,0.554187,-0.466734,660.500000,38.750000,566.000000,189.050000,809.050000,42.500000,795.250000,197.450000,-1.000000,-1.000000
3.70,-3.243845,1.133850,0.828013,0.022506,0.008561,0.030264,0.999252,0.000617883,-0.0251571,-0.0393466,0.424611,-0.542901,0.554187,-0.466734,658.550000,40.100000,565.950000,189.300000,809.600000,43.100000,793.250000,196.750000,-1.000000,-1.000000
3.80,-3.244110,1.133561,0.828016,0.021857,0.008023,0.030557,0.999262,0.000617883,-0.0251571,-0.0393466,0.424611,-0.542901,0.554187,-0.466734,656.200000,40.350000,565.750000,189.450000,810.150000,43.200000,790.750000,195.700000,-1.000000,-1.000000
3.90,-3.244464,1.133219,0.828253,0.021195,0.005706,0.031404,0.999266,0.000617883,-0.0251571,-0.0393466,0.424611,-0.542901,0.554187,-0.466734,651.850000,40.500000,565.550000,189.550000,810.650000,43.250000,788.400000,194.600000,-1.000000,-1.000000
4.00,-3.245031,1.133029,0.828204,0.021974,0.006979,0.031835,0.999227,0.000617883,-0.0251571,-0.0393466,0.424611,-0.542901,0.554187,-0.466734,648.400000,40.700000,565.500000,189.600000,810.950000,43.500000,786.200000,194.000000,-1.000000,-1.000000
4.10,-3.245728,1.132979,0.828254,0.022369,0.005955,0.031444,0.999237,0.000617883,-0.0251571,-0.0393466,0.424611,-0.542901,0.554187,-0.466734,644.300000,41.100000,565.250000,189.600000,812.050000,43.200000,783.150000,193.350000,-1.000000,-1.000000
4.20,-3.246845,1.132961,0.828535,0.024514,0.007315,0.030523,0.999207,0.000617883,-0.0251571,-0.0393466,0.424611,-0.542901,0.554187,-0.466734,641.750000,41.200000,565.050000,190.100000,813.150000,43.200000,781.000000,193.100000,-1.000000,-1.000000
4.30,-3.248401,1.132277,0.827737,0.021856,0.006529,0.030795,0.999265,0.000617883,-0.0251571,-0.0393466,0.424611,-0.542901,0.554187,-0.466734,639.400000,40.850000,564.500000,189.900000,813.500000,42.700000,779.150000,192.200000,-1.000000,-1.000000
4.40,-3.249956,1.131854,0.827246,0.022283,0.006767,0.030759,0.999255,0.000617883,-0.0251571,-0.0393466,0.424611,-0.542901,0.554187,-0.466734,636.200000,39.600000,563.950000,189.700000,813.950000,42.450000,776.950000,192.200000,-1.000000,-1.000000
4.50,-3.251725,1.131379,0.826544,0.019593,0.007719,0.029840,0.999333,0.000617883,-0.0251571,-0.0393466,0.424611,-0.542901,0.554187,-0.466734,633.900000,38.400000,563.400000,189.700000,814.150000,42.550000,775.500000,192.150000,-1.000000,-1.000000
4.60,-3.253687,1.130463,0.826103,0.021270,0.006024,0.030657,0.999285,0.000617883,-0.0251571,-0.0393466,0.424611,-0.542901,0.554187,-0.466734,631.550000,37.000000,562.650000,189.900000,814.750000,43.500000,773.850000,192.900000,-1.000000,-1.000000
4.70,-3.255745,1.130062,0.825593,0.022430,0.007678,0.030549,0.999252,0.000617883,-0.0251571,-0.0393466,0.424611,-0.542901,0.554187,-0.466734,629.300000,35.200000,562.200000,189.750000,815.300000,44.100000,772.750000,193.100000,-1.000000,-1.000000
4.80,-3.257744,1.129000,0.824718,0.021992,0.006673,0.031151,0.999250,0.000617883,-0.0251571,-0.0393466,0.424611,-0.542901,0.554187,-0.466734,626.650000,33.250000,561.950000,189.200000,815.650000,45.100000,772.200000,192.950000,-1.000000,-1.000000
4.90,-3.259507,1.128170,0.824077,0.022099,0.006673,0.030928,0.999255,0.000617883,-0.0251571,-0.0393466,0.424611,-0.542901,0.554187,-0.466734,624.500000,32.150000,561.800000,188.850000,816.250000,46.350000,771.500000,193.350000,-1.000000,-1.000000
5.00,-3.261177,1.127020,0.823213,0.021163,0.007841,0.030512,0.999280,0.000617883,-0.0251571,-0.0393466,0.424611,-0.542901,0.554187,-0.466734,622.850000,31.450000,561.750000,188.700000,816.600000,47.800000,770.950000,193.150000,-1.000000,-1.000000
5.10,-3.262729,1.126542,0.822297,0.018966,0.007799,0.031220,0.999302,0.000617883,-0.0251571,-0.0393466,0.424611,-0.542901,0.554187,-0.466734,620.600000,31.350000,561.750000,188.600000,815.350000,50.950000,770.200000,193.450000,-1.000000,-1.000000
5.20,-3.263876,1.126140,0.820965,0.019223,0.006801,0.030738,0.999319,0.000617883,-0.0251571,-0.0393466,0.424611,-0.542901,0.554187,-0.466734,618.650000,31.050000,561.750000,188.800000,814.400000,53.650000,769.350000,193.700000,-1.000000,-1.000000
5.30,-3.265325,1.126171,0.820596,0.020246,0.006667,0.032073,0.999258,0.000617883,-0.0251571,-0.0393466,0.424611,-0.542901,0.554187,-0.466734,616.700000,30.900000,561.500000,188.600000,812.200000,57.100000,767.800000,194.050000,-1.000000,-1.000000
5.40,-3.266659,1.126568,0.820341,0.022192,0.006301,0.031810,0.999228,0.000617883,-0.0251571,-0.0393466,0.424611,-0.542901,0.554187,-0.466734,614.950000,30.350000,561.400000,188.550000,809.750000,60.000000,765.750000,194.750000,-1.000000,-1.000000
5.50,-3.268055,1.127020,0.820184,0.022599,0.004138,0.031045,0.999254,0.000617883,-0.0251571,-0.0393466,0.424611,-0.542901,0.554187,-0.466734,613.500000,29.800000,561.350000,188.500000,808.100000,62.000000,764.200000,195.100000,-1.000000,-1.000000
5.60,-3.269393,1.127694,0.819873,0.021834,0.006193,0.031736,0.999239,0.000617883,-0.0251571,-0.0393466,0.424611,-0.542901,0.554187,-0.466734,611.900000,28.100000,560.850000,188.250000,806.200000,63.650000,761.650000,195.800000,-1.000000,-1.000000
5.70,-3.270983,1.128181,0.819535,0.023659,0.006698,0.030425,0.999235,0.000617883,-0.0251571,-0.0393466,0.424611,-0.542901,0.554187,-0.466734,610.550000,27.150000,560.550000,188.350000,804.450000,64.500000,760.050000,196.450000,-1.000000,-1.000000
5.80,-3.272653,1.128084,0.818933,0.022479,0.009532,0.031202,0.999215,0.000617883,-0.0251571,-0.0393466,0.424611,-0.542901,0.554187,-0.466734,608.900000,27.050000,560.400000,188.400000,802.750000,64.700000,758.500000,197.050000,-1.000000,-1.000000
5.90,-3.273786,1.128037,0.818192,0.021775,0.008132,0.030880,0.999253,0.000617883,-0.0251571,-0.0393466,0.424611,-0.542901,0.554187,-0.466734,606.400000,28.450000,560.350000,188.850000,801.550000,64.800000,756.500000,197.800000,-1.000000,-1.000000
6.00,-3.274699,1.127790,0.817813,0.021607,0.007711,0.030976,0.999257,0.000617883,-0.0251571,-0.0393466,0.424611,-0.542901,0.554187,-0.466734,602.950000,30.450000,560.300000,189.200000,800.900000,64.050000,754.750000,198.250000,-1.000000,-1.000000
6.10,-3.275340,1.127500,0.817582,0.021256,0.007382,0.031341,0.999255,0.000617883,-0.0251571,-0.0393466,0.424611,-0.542901,0.554187,-0.466734,599.350000,32.300000,560.300000,189.350000,801.050000,62.900000,753.300000,198.050000,-1.000000,-1.000000
6.20,-3.275740,1.127261,0.817480,0.020097,0.006292,0.031800,0.999272,0.000617883,-0.0251571,-0.0393466,0.424611,-0.542901,0.554187,-0.466734,596.650000,34.050000,560.300000,189.700000,801.350000,61.900000,752.100000,197.900000,-1.000000,-1.000000
6.30,-3.276453,1.126975,0.817683,0.017569,0.004343,0.030329,0.999376,0.000617883,-0.0251571,-0.0393466,0.424611,-0.542901,0.554187,-0.466734,595.200000,36.300000,560.300000,189.850000,802.550000,60.150000,750.550000,197.600000,-1.000000,-1.000000
6.40,-3.277226,1.127491,0.817848,0.020651,0.005613,0.030273,0.999313,0.000617883,-0.0251571,-0.0393466,0.424611,-0.542901,0.554187,-0.466734,594.050000,38.000000,560.100000,190.000000,803.250000,58.450000,748.750000,197.400000,-1.000000,-1.000000
6.50,-3.278027,1.128245,0.818247,0.020741,0.006033,0.029985,0.999317,0.000617883,-0.0251571,-0.0393466,0.424611,-0.542901,0.554187,-0.466734,593.200000,40.850000,559.950000,190.500000,804.150000,56.750000,747.100000,197.000000,-1.000000,-1.000000
6.60,-3.279041,1.129037,0.818783,0.022271,0.006337,0.030170,0.999277,0.000617883,-0.0251571,-0.0393466,0.424611,-0.542901,0.554187,-0.466734,592.600000,42.700000,559.700000,190.350000,804.650000,55.000000,745.500000,196.600000,-1.000000,-1.000000
6.70,-3.280010,1.130047,0.819387,0.021751,0.006141,0.031135,0.999260,0.000617883,-0.0251571,-0.0393466,0.424611,-0.542901,0.554187,-0.466734,591.350000,44.200000,559.500000,190.450000,805.450000,53.550000,744.200000,196.550000,-1.000000,-1.000000
6.80,-3.281411,1.131212,0.820684,0.020868,0.004850,0.029939,0.999322,0.000617883,-0.0251571,-0.0393466,0.424611,-0.542901,0.554187,-0.466734,590.050000,45.500000,559.150000,190.750000,806.600000,52.250000,742.350000,196.550000,-1.000000,-1.000000
6.90,-3.283111,1.131951,0.822292,0.022946,0.006552,0.029441,0.999282,0.000617883,-0.0251571,-0.0393466,0.424611,-0.542901,0.554187,-0.466734,589.150000,46.200000,558.800000,190.950000,807.750000,51.050000,741.100000,196.550000,-1.000000,-1.000000
7.00,-3.284586,1.132288,0.823626,0.021260,0.005316,0.029476,0.999325,0.000617883,-0.0251571,-0.0393466,0.424611,-0.542901,0.554187,-0.466734,587.450000,47.500000,558.300000,191.050000,808.400000,50.550000,739.750000,196.550000,-1.000000,-1.000000
7.10,-3.286224,1.132745,0.825024,0.022878,0.009151,0.029310,0.999267,0.000617883,-0.0251571,-0.0393466,0.424611,-0.542901,0.554187,-0.466734,586.850000,48.500000,558.050000,190.600000,808.750000,49.850000,738.850000,196.050000,-1.000000,-1.000000
7.20,-3.287456,1.132839,0.826458,0.024519,0.007534,0.029932,0.999223,0.000617883,-0.0251571,-0.0393466,0.424611,-0.542901,0.554187,-0.466734,586.800000,48.950000,557.900000,190.350000,808.750000,49.500000,737.900000,195.550000,-1.000000,-1.000000
7.30,-3.288429,1.132089,0.826802,0.022969,0.007856,0.029808,0.999261,0.000617883,-0.0251571,-0.0393466,0.424611,-0.542901,0.554187,-0.466734,586.150000,48.500000,557.600000,189.750000,808.000000,49.250000,736.000000,195.500000,-1.000000,-1.000000
7.40,-3.288714,1.131387,0.826886,0.021129,0.007453,0.029508,0.999313,0.000617883,-0.0251571,-0.0393466,0.424611,-0.542901,0.554187,-0.466734,585.600000,47.500000,557.450000,189.400000,807.600000,49.150000,734.550000,195.450000,-1.000000,-1.000000
7.50,-3.288943,1.130590,0.827447,0.020567,0.005556,0.029540,0.999337,0.000617883,-0.0251571,-0.0393466,0.424611,-0.542901,0.554187,-0.466734,586.050000,45.500000,557.100000,188.700000,806.400000,49.100000,732.300000,196.350000,-1.000000,-1.000000
7.60,-3.289054,1.129901,0.827960,0.020079,0.005964,0.030522,0.999315,0.000617883,-0.0251571,-0.0393466,0.424611,-0.542901,0.554187,-0.466734,585.150000,43.800000,556.950000,188.100000,804.300000,49.600000,729.700000,196.900000,949.500000,103.500000
7.70,-3.288749,1.129560,0.828187,0.021134,0.007186,0.030829,0.999275,0.000617883,-0.0251571,-0.0393466,0.424611,-0.542901,0.554187,-0.466734,584.250000,41.900000,556.350000,187.750000,802.350000,49.650000,727.300000,197.200000,949.050000,103.500000
7.80,-3.288121,1.129342,0.828105,0.022007,0.007553,0.030908,0.999251,0.000617883,-0.0251571,-0.0393466,0.424611,-0.542901,0.554187,-0.466734,583.100000,41.550000,556.050000,187.800000,800.400000,50.400000,724.900000,197.650000,948.200000,103.500000
7.90,-3.286611,1.129391,0.827849,0.022421,0.007026,0.030253,0.999266,0.000617883,-0.0251571,-0.0393466,0.424611,-0.542901,0.554187,-0.466734,582.250000,41.750000,555.900000,188.050000,798.750000,51.100000,722.850000,197.900000,947.250000,103.250000
8.00,-3.285144,1.129328,0.827992,0.021708,0.005332,0.030107,0.999297,0.000617883,-0.0251571,-0.0393466,0.424611,-0.542901,0.554187,-0.466734,581.050000,43.750000,555.800000,188.200000,796.700000,51.700000,721.250000,197.050000,945.500000,102.350000
8.10,-3.283737,1.129395,0.828101,0.022127,0.004841,0.030575,0.999276,0.000617883,-0.0251571,-0.0393466,0.424611,-0.542901,0.554187,-0.466734,580.450000,46.550000,555.800000,187.850000,795.700000,51.850000,719.250000,195.850000,944.300000,100.800000
8.20,-3.281848,1.129286,0.828182,0.022620,0.005295,0.029277,0.999301,0.000617883,-0.0251571,-0.0393466,0.424611,-0.542901,0.554187,-0.466734,580.350000,49.350000,555.800000,187.350000,795.000000,51.900000,717.750000,194.300000,943.100000,98.950000
8.30,-3.280550,1.129341,0.828820,0.021097,0.004554,0.029876,0.999321,0.000617883,-0.0251571,-0.0393466,0.424611,-0.542901,0.554187,-0.466734,580.850000,53.500000,555.800000,187.150000,794.350000,52.150000,715.550000,192.150000,941.200000,96.900000
8.40,-3.279689,1.129839,0.828010,0.021748,0.007170,0.030038,0.999286,0.000617883,-0.0251571,-0.0393466,0.424611,-0.542901,0.554187,-0.466734,582.150000,57.700000,556.000000,187.000000,793.550000,52.550000,713.600000,190.250000,940.200000,96.050000
8.50,-3.278541,1.130347,0.827584,0.019982,0.006618,0.030759,0.999305,0.000617883,-0.0251571,-0.0393466,0.424611,-0.542901,0.554187,-0.466734,584.050000,62.700000,556.400000,186.950000,791.750000,52.300000,711.450000,188.250000,939.200000,95.400000
8.60,-3.277177,1.131470,0.826852,0.019350,0.008079,0.030401,0.999318,0.000617883,-0.0251571,-0.0393466,0.424611,-0.542901,0.554187,-0.466734,586.100000,67.650000,557.100000,186.650000,791.200000,51.950000,710.250000,186.150000,938.400000,94.800000
8.70,-3.275651,1.132751,0.826147,0.021040,0.006217,0.028966,0.999340,0.000617883,-0.0251571,-0.0393466,0.424611,-0.542901,0.554187,-0.466734,588.300000,71.600000,557.500000,186.750000,790.400000,51.550000,709.200000,184.750000,937.550000,94.250000
8.80,-3.274289,1.134396,0.825394,0.020352,0.005103,0.030027,0.999329,0.000617883,-0.0251571,-0.0393466,0.424611,-0.542901,0.554187,-0.466734,591.200000,75.900000,558.000000,186.800000,790.050000,50.800000,708.200000,183.750000,936.350000,94.750000
8.90,-3.272576,1.136356,0.824115,0.021474,0.005894,0.030132,0.999298,0.000617883,-0.0251571,-0.0393466,0.424611,-0.542901,0.554187,-0.466734,594.300000,78.550000,558.500000,186.850000,789.400000,49.650000,707.450000,182.950000,935.450000,95.250000
9.00,-3.271241,1.138755,0.823250,0.021904,0.006795,0.029839,0.999292,0.000617883,-0.0251571,-0.0393466,0.424611,-0.542901,0.554187,-0.466734,598.600000,80.600000,559.000000,186.850000,788.550000,48.500000,706.400000,183.000000,935.050000,95.600000
9.10,-3.269490,1.141285,0.821367,0.021924,0.006277,0.030144,0.999285,0.000617883,-0.0251571,-0.0393466,0.424611,-0.542901,0.554187,-0.466734,602.950000,82.250000,559.550000,186.400000,788.350000,47.650000,705.150000,183.550000,934.300000,96.500000
9.20,-3.267958,1.144138,0.820132,0.023529,0.005188,0.030921,0.999231,0.000617883,-0.0251571,-0.0393466,0.424611,-0.542901,0.554187,-0.466734,606.850000,83.250000,560.100000,186.400000,788.750000,47.200000,704.500000,184.350000,933.500000,97.350000
9.30,-3.266082,1.146549,0.819512,0.024627,0.008054,0.030634,0.999195,0.000617883,-0.0251571,-0.0393466,0.424611,-0.542901,0.554187,-0.466734,611.150000,82.600000,560.800000,186.400000,789.250000,46.950000,703.950000,185.350000,932.600000,98.700000
9.40,-3.264672,1.149131,0.818293,0.021764,0.005545,0.030218,0.999291,0.000617883,-0.0251571,-0.0393466,0.424611,-0.542901,0.554187,-0.466734,614.500000,82.100000,561.550000,186.350000,789.800000,46.800000,703.750000,186.400000,931.900000,100.000000
9.50,-3.263028,1.151768,0.817539,0.022480,0.006037,0.030553,0.999262,0.000617883,-0.0251571,-0.0393466,0.424611,-0.542901,0.554187,-0.466734,619.450000,81.050000,562.850000,186.850000,790.350000,47.450000,703.200000,188.400000,931.000000,101.700000
9.60,-3.261478,1.154511,0.817051,0.021535,0.006485,0.030238,0.999290,0.000617883,-0.0251571,-0.0393466,0.424611,-0.542901,0.554187,-0.466734,624.750000,78.950000,564.050000,186.900000,791.650000,48.050000,702.700000,190.500000,930.350000,103.100000
9.70,-3.259676,1.157237,0.816354,0.018392,0.006756,0.029832,0.999363,0.000617883,-0.0251571,-0.0393466,0.424611,-0.542901,0.554187,-0.466734,628.650000,77.700000,564.950000,186.700000,792.150000,48.400000,702.700000,192.200000,929.750000,103.950000
9.80,-3.258645,1.160038,0.816580,0.020655,0.005443,0.029512,0.999336,0.000617883,-0.0251571,-0.0393466,0.424611,-0.542901,0.554187,-0.466734,633.400000,76.400000,566.150000,186.600000,792.050000,49.050000,703.450000,193.900000,928.500000,104.400000
9.90,-3.256664,1.163412,0.817461,0.023032,0.006878,0.029102,0.999287,0.000617883,-0.0251571,-0.0393466,0.424611,-0.542901,0.554187,-0.466734,636.950000,75.950000,567.050000,186.550000,792.600000,49.500000,703.900000,195.300000,927.350000,105.100000
10.00,-3.256045,1.166547,0.816738,0.023152,0.007643,0.029748,0.999260,0.000617883,-0.0251571,-0.0393466,0.424611,-0.542901,0.554187,-0.466734,641.000000,76.050000,567.800000,186.250000,793.000000,50.000000,704.700000,196.600000,925.800000,106.000000
10.10,-3.254712,1.169513,0.816782,0.023885,0.006911,0.029352,0.999260,0.000617883,-0.0251571,-0.0393466,0.424611,-0.542901,0.554187,-0.466734,644.350000,76.550000,568.450000,186.050000,793.200000,50.500000,705.000000,197.300000,924.250000,106.700000
10.20,-3.253080,1.172085,0.816761,0.024632,0.006562,0.029837,0.999230,0.000617883,-0.0251571,-0.0393466,0.424611,-0.542901,0.554187,-0.466734,647.800000,77.050000,568.750000,185.500000,793.350000,50.300000,705.400000,197.900000,922.900000,106.850000
10.30,-3.251487,1.174819,0.817082,0.023123,0.006107,0.029223,0.999287,0.000617883,-0.0251571,-0.0393466,0.424611,-0.542901,0.554187,-0.466734,651.600000,78.750000,569.200000,184.950000,793.150000,51.150000,705.400000,198.700000,920.800000,107.350000
10.40,-3.249757,1.177054,0.817272,0.022378,0.006391,0.028946,0.999310,0.000617883,-0.0251571,-0.0393466,0.424611,-0.542901,0.554187,-0.466734,654.300000,80.150000,569.400000,184.650000,792.600000,52.050000,705.200000,199.150000,918.850000,107.450000
10.50,-3.248168,1.179030,0.816983,0.022956,0.005193,0.028772,0.999309,0.000617883,-0.0251571,-0.0393466,0.424611,-0.542901,0.554187,-0.466734,657.600000,81.150000,569.750000,184.500000,792.050000,53.800000,705.400000,199.350000,915.950000,107.450000
10.60,-3.246402,1.181547,0.817604,0.022104,0.007467,0.029239,0.999300,0.000617883,-0.0251571,-0.0393466,0.424611,-0.542901,0.554187,-0.466734,660.800000,81.500000,570.100000,184.150000,792.700000,55.250000,705.900000,199.050000,913.650000,107.450000
10.70,-3.244196,1.183565,0.817574,0.022076,0.006571,0.029379,0.999303,0.000617883,-0.0251571,-0.0393466,0.424611,-0.542901,0.554187,-0.466734,662.950000,81.400000,570.300000,184.000000,793.300000,56.000000,706.250000,198.300000,912.150000,106.950000
10.80,-3.242316,1.185182,0.817965,0.021881,0.010804,0.029483,0.999267,0.000617883,-0.0251571,-0.0393466,0.424611,-0.542901,0.554187,-0.466734,665.500000,80.850000,570.650000,183.900000,794.100000,56.450000,706.500000,196.950000,910.600000,106.400000
10.90,-3.240064,1.187178,0.817864,0.020906,0.007830,0.028856,0.999334,0.000617883,-0.0251571,-0.0393466,0.424611,-0.542901,0.554187,-0.466734,667.250000,80.500000,570.850000,183.850000,795.050000,56.750000,706.600000,195.700000,909.350000,105.850000
11.00,-3.237353,1.189253,0.818039,0.020918,0.006024,0.029087,0.999340,0.000617883,-0.0251571,-0.0393466,0.424611,-0.542901,0.554187,-0.466734,669.100000,80.050000,570.900000,183.850000,796.250000,56.350000,707.200000,194.000000,907.750000,105.050000
11.10,-3.235196,1.191081,0.817886,0.020557,0.005317,0.028833,0.999359,0.000617883,-0.0251571,-0.0393466,0.424611,-0.542901,0.554187,-0.466734,670.500000,79.500000,570.950000,184.050000,797.200000,56.150000,708.000000,193.050000,906.400000,104.800000
11.20,-3.232560,1.193895,0.817897,0.020335,0.006021,0.028491,0.999369,0.000617883,-0.0251571,-0.0393466,0.424611,-0.542901,0.554187,-0.466734,671.900000,79.000000,570.900000,184.200000,798.200000,55.800000,708.700000,192.250000,905.200000,104.700000
11.30,-3.230169,1.196414,0.817649,0.022722,0.006356,0.029359,0.999290,0.000617883,-0.0251571,-0.0393466,0.424611,-0.542901,0.554187,-0.466734,673.500000,77.450000,570.900000,184.300000,798.750000,55.300000,709.800000,192.050000,904.400000,104.600000
11.40,-3.227873,1.199179,0.816799,0.022064,0.005270,0.030460,0.999279,0.000617883,-0.0251571,-0.0393466,0.424611,-0.542901,0.554187,-0.466734,674.800000,76.400000,571.100000,184.350000,799.300000,55.000000,710.900000,192.150000,903.950000,104.600000
11.50,-3.225397,1.202024,0.816054,0.024972,0.006953,0.028955,0.999245,0.000617883,-0.0251571,-0.0393466,0.424611,-0.542901,0.554187,-0.466734,676.350000,75.250000,571.450000,183.900000,799.850000,54.400000,712.450000,192.450000,903.750000,104.500000
11.60,-3.222860,1.204260,0.815557,0.024054,0.008599,0.029161,0.999248,0.000617883,-0.0251571,-0.0393466,0.424611,-0.542901,0.554187,-0.466734,677.400000,73.900000,571.650000,183.450000,800.350000,53.800000,714.300000,192.600000,904.200000,104.500000
11.70,-3.219790,1.206335,0.814440,0.020954,0.007286,0.028266,0.999354,0.000617883,-0.0251571,-0.0393466,0.424611,-0.542901,0.554187,-0.466734,678.350000,73.150000,572.200000,183.150000,800.400000,53.450000,715.550000,192.250000,904.750000,104.500000
11.80,-3.216831,1.208632,0.813622,0.022751,0.006559,0.029176,0.999294,0.000617883,-0.0251571,-0.0393466,0.424611,-0.542901,0.554187,-0.466734,679.300000,72.450000,572.750000,182.750000,800.900000,53.500000,716.950000,191.850000,905.550000,104.500000
11.90,-3.213771,1.210780,0.812901,0.022655,0.004147,0.030071,0.999282,0.000617883,-0.0251571,-0.0393466,0.424611,-0.542901,0.554187,-0.466734,679.950000,72.100000,573.050000,182.550000,800.450000,53.250000,718.050000,191.400000,906.100000,104.500000
12.00,-3.210714,1.212827,0.812070,0.023468,0.005868,0.030236,0.999250,0.000617883,-0.0251571,-0.0393466,0.424611,-0.542901,0.554187,-0.466734,680.750000,71.400000,573.000000,181.750000,800.600000,53.100000,719.000000,190.150000,906.400000,104.000000
12.10,-3.207683,1.214684,0.811288,0.019288,0.005137,0.028030,0.999408,0.000617883,-0.0251571,-0.0393466,0.424611,-0.542901,0.554187,-0.466734,681.550000,71.550000,572.900000,181.950000,800.000000,53.050000,721.000000,189.250000,906.850000,104.500000
12.20,-3.204632,1.216595,0.810917,0.019632,0.005365,0.028787,0.999378,0.000617883,-0.0251571,-0.0393466,0.424611,-0.542901,0.554187,-0.466734,681.750000,71.600000,572.900000,181.900000,799.450000,53.250000,723.100000,188.250000,907.150000,104.700000
12.30,-3.202778,1.218895,0.809811,0.022270,0.005735,0.028973,0.999316,0.000617883,-0.0251571,-0.0393466,0.424611,-0.542901,0.554187,-0.466734,682.450000,72.100000,573.050000,182.300000,797.900000,53.800000,724.900000,187.200000,907.350000,105.300000
12.40,-3.199861,1.221207,0.808710,0.023913,0.006203,0.029714,0.999253,0.000617883,-0.0251571,-0.0393466,0.424611,-0.542901,0.554187,-0.466734,682.550000,72.900000,572.950000,182.800000,796.550000,54.850000,726.650000,186.850000,907.450000,106.150000
12.50,-3.197271,1.223263,0.808115,0.022638,0.007670,0.029629,0.999275,0.000617883,-0.0251571,-0.0393466,0.424611,-0.542901,0.554187,-0.466734,682.100000,73.800000,572.400000,183.100000,793.400000,55.900000,728.050000,186.700000,907.550000,107.350000
12.60,-3.194429,1.224886,0.807230,0.022710,0.008199,0.028721,0.999296,0.000617883,-0.0251571,-0.0393466,0.424611,-0.542901,0.554187,-0.466734,681.950000,73.650000,571.550000,182.800000,789.750000,57.050000,729.800000,186.850000,908.550000,108.000000
12.70,-3.190441,1.227334,0.806518,0.022292,0.005949,0.029233,0.999306,0.000617883,-0.0251571,-0.0393466,0.424611,-0.542901,0.554187,-0.466734,681.600000,73.100000,571.100000,182.650000,786.000000,58.350000,731.150000,186.750000,909.100000,108.100000
12.80,-3.186787,1.229574,0.806370,0.022895,0.005769,0.029436,0.999288,0.000617883,-0.0251571,-0.0393466,0.424611,-0.542901,0.554187,-0.466734,680.900000,71.400000,570.600000,182.050000,782.250000,59.800000,732.400000,186.700000,910.400000,108.200000
12.90,-3.182826,1.230999,0.806318,0.024575,0.004225,0.028440,0.999284,0.000617883,-0.0251571,-0.0393466,0.424611,-0.542901,0.554187,-0.466734,680.700000,70.150000,569.800000,181.700000,779.400000,61.050000,733.300000,187.150000,911.900000,108.500000
13.00,-3.178957,1.232766,0.806269,0.023737,0.006649,0.028739,0.999283,0.000617883,-0.0251571,-0.0393466,0.424611,-0.542901,0.554187,-0.466734,680.750000,68.950000,568.700000,181.550000,777.150000,63.200000,734.200000,187.850000,913.650000,109.350000
13.10,-3.175054,1.234242,0.806644,0.024502,0.006808,0.028809,0.999261,0.000617883,-0.0251571,-0.0393466,0.424611,-0.542901,0.554187,-0.466734,680.800000,67.850000,567.600000,181.200000,775.150000,65.350000,735.200000,188.550000,914.650000,110.000000
13.20,-3.171151,1.235523,0.806861,0.024240,0.004864,0.028687,0.999283,0.000617883,-0.0251571,-0.0393466,0.424611,-0.542901,0.554187,-0.466734,680.750000,66.750000,566.700000,181.050000,773.150000,66.800000,735.900000,189.150000,915.450000,110.400000
13.30,-3.167011,1.236587,0.806846,0.022680,0.005992,0.028248,0.999326,0.000617883,-0.0251571,-0.0393466,0.424611,-0.542901,0.554187,-0.466734,680.900000,65.650000,565.750000,180.500000,772.050000,67.100000,737.000000,189.300000,917.300000,109.700000
13.40,-3.163310,1.238020,0.806711,0.020415,0.005688,0.028845,0.999359,0.000617883,-0.0251571,-0.0393466,0.424611,-0.542901,0.554187,-0.466734,680.750000,65.050000,565.200000,180.150000,771.300000,67.500000,738.000000,189.650000,919.300000,109.300000
13.50,-3.159933,1.239073,0.806139,0.020612,0.008102,0.029717,0.999313,0.000617883,-0.0251571,-0.0393466,0.424611,-0.542901,0.554187,-0.466734,680.200000,65.200000,564.650000,180.650000,771.150000,67.850000,739.300000,190.250000,921.100000,109.000000
13.60,-3.156436,1.240419,0.806161,0.021969,0.006477,0.029016,0.999317,0.000617883,-0.0251571,-0.0393466,0.424611,-0.542901,0.554187,-0.466734,679.850000,65.800000,564.150000,181.950000,770.850000,68.600000,740.650000,191.350000,923.350000,109.100000
13.70,-3.152565,1.241789,0.806103,0.022177,0.006648,0.029885,0.999285,0.000617883,-0.0251571,-0.0393466,0.424611,-0.542901,0.554187,-0.466734,679.350000,66.100000,563.600000,182.650000,770.750000,68.900000,741.650000,192.200000,925.000000,109.100000
13.80,-3.148984,1.243336,0.806179,0.022738,0.008139,0.029536,0.999272,0.000617883,-0.0251571,-0.0393466,0.424611,-0.542901,0.554187,-0.466734,678.900000,66.600000,563.800000,183.050000,771.700000,68.850000,742.650000,192.700000,926.450000,108.700000
13.90,-3.145279,1.245171,0.806464,0.022096,0.005310,0.028585,0.999333,0.000617883,-0.0251571,-0.0393466,0.424611,-0.542901,0.554187,-0.466734,678.300000,67.100000,563.950000,183.300000,772.750000,68.550000,743.150000,192.950000,927.450000,108.400000
14.00,-3.141937,1.246900,0.806600,0.023094,0.005804,0.028990,0.999296,0.000617883,-0.0251571,-0.0393466,0.424611,-0.542901,0.554187,-0.466734,676.600000,68.600000,564.250000,183.900000,773.850000,68.350000,743.400000,193.600000,928.700000,108.450000
14.10,-3.138335,1.248734,0.806873,0.023285,0.007592,0.028220,0.999302,0.000617883,-0.0251571,-0.0393466,0.424611,-0.542901,0.554187,-0.466734,674.400000,70.400000,564.700000,184.300000,774.800000,68.200000,743.500000,194.400000,929.600000,108.550000
14.20,-3.135060,1.250829,0.807050,0.022514,0.004440,0.029352,0.999306,0.000617883,-0.0251571,-0.0393466,0.424611,-0.542901,0.554187,-0.466734,672.250000,71.900000,564.750000,184.450000,775.600000,68.100000,743.250000,194.800000,930.050000,108.800000
14.30,-3.131909,1.252925,0.807599,0.022556,0.006133,0.029185,0.999301,0.000617883,-0.0251571,-0.0393466,0.424611,-0.542901,0.554187,-0.466734,669.100000,73.250000,564.750000,184.100000,776.750000,67.100000,742.850000,195.100000,931.000000,108.000000
14.40,-3.129270,1.254516,0.807583,0.023973,0.005379,0.029626,0.999259,0.000617883,-0.0251571,-0.0393466,0.424611,-0.542901,0.554187,-0.466734,666.350000,74.450000,565.000000,183.600000,777.450000,66.500000,742.550000,195.200000,931.750000,107.500000
14.50,-3.127144,1.255812,0.808098,0.024092,0.006022,0.030771,0.999218,0.000617883,-0.0251571,-0.0393466,0.424611,-0.542901,0.554187,-0.466734,663.650000,75.400000,565.400000,183.350000,778.350000,65.700000,741.950000,195.300000,932.350000,106.750000
14.60,-3.124988,1.256365,0.808525,0.023598,0.007866,0.031271,0.999201,0.000617883,-0.0251571,-0.0393466,0.424611,-0.542901,0.554187,-0.466734,660.950000,76.850000,565.650000,183.450000,779.050000,65.400000,741.300000,196.200000,932.650000,106.600000
14.70,-3.123014,1.256704,0.808884,0.021675,0.008216,0.031656,0.999230,0.000617883,-0.0251571,-0.0393466,0.424611,-0.542901,0.554187,-0.466734,657.850000,77.650000,565.800000,183.250000,779.750000,64.800000,740.900000,196.500000,933.300000,106.250000
14.80,-3.121010,1.256623,0.809607,0.020707,0.009374,0.030359,0.999281,0.000617883,-0.0251571,-0.0393466,0.424611,-0.542901,0.554187,-0.466734,655.350000,78.100000,565.650000,182.900000,779.900000,64.400000,740.400000,196.450000,933.800000,105.850000
14.90,-3.119829,1.256747,0.810673,0.019698,0.011191,0.029896,0.999296,0.000617883,-0.0251571,-0.0393466,0.424611,-0.542901,0.554187,-0.466734,653.750000,78.600000,565.750000,182.700000,780.000000,64.250000,740.350000,196.400000,934.100000,105.600000
15.00,-3.117958,1.257036,0.811640,0.021505,0.010123,0.030963,0.999238,0.000617883,-0.0251571,-0.0393466,0.424611,-0.542901,0.554187,-0.466734,651.700000,79.100000,566.300000,182.350000,779.800000,63.650000,740.350000,196.150000,934.250000,105.700000
15.10,-3.116636,1.257035,0.812081,0.020240,0.011897,0.029775,0.999281,0.000617883,-0.0251571,-0.0393466,0.424611,-0.542901,0.554187,-0.466734,650.150000,79.550000,566.650000,182.150000,779.200000,63.300000,740.750000,195.750000,934.500000,105.750000
15.20,-3.115537,1.257275,0.812571,0.016852,0.008814,0.029158,0.999394,0.000617883,-0.0251571,-0.0393466,0.424611,-0.542901,0.554187,-0.466734,648.600000,80.250000,567.050000,181.600000,779.100000,63.100000,741.250000,195.000000,935.100000,105.800000
15.30,-3.114966,1.257791,0.812280,0.017593,0.009828,0.028846,0.999381,0.000617883,-0.0251571,-0.0393466,0.424611,-0.542901,0.554187,-0.466734,646.850000,81.150000,567.750000,181.050000,778.800000,62.750000,741.950000,194.150000,935.650000,106.050000
15.40,-3.114374,1.258623,0.812063,0.017545,0.009394,0.026797,0.999443,0.000617883,-0.0251571,-0.0393466,0.424611,-0.542901,0.554187,-0.466734,645.200000,82.100000,568.200000,180.650000,778.650000,62.100000,742.650000,193.150000,935.950000,106.000000
15.50,-3.114422,1.260151,0.812087,0.018783,0.010077,0.026038,0.999434,0.000617883,-0.0251571,-0.0393466,0.424611,-0.542901,0.554187,-0.466734,642.650000,83.100000,568.650000,181.200000,778.550000,62.000000,743.200000,192.550000,936.050000,106.700000
15.60,-3.114291,1.262247,0.812925,0.018225,0.008643,0.026565,0.999444,0.000617883,-0.0251571,-0.0393466,0.424611,-0.542901,0.554187,-0.466734,640.550000,83.850000,568.900000,181.500000,779.250000,61.650000,744.000000,192.200000,935.900000,107.050000
15.70,-3.114436,1.265551,0.813747,0.021578,0.009987,0.029082,0.999294,0.000617883,-0.0251571,-0.0393466,0.424611,-0.542901,0.554187,-0.466734,638.500000,84.750000,568.800000,181.950000,780.300000,61.250000,745.100000,191.800000,935.700000,107.050000
15.80,-3.114251,1.268691,0.815524,0.022040,0.009456,0.028974,0.999292,0.000617883,-0.0251571,-0.0393466,0.424611,-0.542901,0.554187,-0.466734,636.400000,85.700000,568.750000,182.200000,780.900000,61.250000,746.000000,191.800000,935.650000,107.250000
15.90,-3.113867,1.272048,0.816724,0.021558,0.012325,0.028122,0.999296,0.000617883,-0.0251571,-0.0393466,0.424611,-0.542901,0.554187,-0.466734,635.100000,86.650000,568.700000,182.800000,781.500000,61.300000,746.750000,191.850000,935.550000,107.400000
16.00,-3.112960,1.275473,0.818060,0.022741,0.012340,0.027308,0.999292,0.000617883,-0.0251571,-0.0393466,0.424611,-0.542901,0.554187,-0.466734,633.950000,87.450000,569.150000,183.150000,781.800000,61.300000,747.850000,191.650000,935.500000,106.750000
16.10,-3.111606,1.279031,0.819452,0.023970,0.011912,0.026758,0.999284,0.000617883,-0.0251571,-0.0393466,0.424611,-0.542901,0.554187,-0.466734,633.100000,87.850000,568.900000,183.350000,782.000000,61.300000,748.450000,191.250000,935.650000,106.400000
16.20,-3.109249,1.282356,0.820099,0.024864,0.011018,0.027270,0.999258,0.000617883,-0.0251571,-0.0393466,0.424611,-0.542901,0.554187,-0.466734,631.750000,88.500000,569.000000,183.700000,782.350000,62.050000,748.750000,191.500000,935.750000,106.200000
16.30,-3.106784,1.285061,0.820660,0.024100,0.012636,0.028045,0.999236,0.000617883,-0.0251571,-0.0393466,0.424611,-0.542901,0.554187,-0.466734,630.550000,88.650000,569.550000,183.700000,782.500000,62.450000,749.400000,191.250000,936.000000,105.600000
16.40,-3.103582,1.287424,0.821010,0.023215,0.010636,0.027378,0.999299,0.000617883,-0.0251571,-0.0393466,0.424611,-0.542901,0.554187,-0.466734,629.750000,88.450000,570.100000,183.650000,783.100000,62.200000,750.200000,190.800000,935.700000,104.800000
16.50,-3.100229,1.289130,0.820967,0.025230,0.007612,0.027927,0.999263,0.000617883,-0.0251571,-0.0393466,0.424611,-0.542901,0.554187,-0.466734,628.850000,87.800000,570.400000,183.150000,783.400000,61.850000,750.650000,190.100000,935.750000,103.150000
16.60,-3.097239,1.290878,0.820836,0.026083,0.007927,0.028725,0.999216,0.000617883,-0.0251571,-0.0393466,0.424611,-0.542901,0.554187,-0.466734,627.900000,86.950000,570.750000,182.600000,783.600000,60.950000,750.900000,189.500000,936.000000,101.550000
16.70,-3.094283,1.292316,0.820313,0.020146,0.007867,0.028833,0.999350,0.000617883,-0.0251571,-0.0393466,0.424611,-0.542901,0.554187,-0.466734,626.550000,86.250000,571.450000,181.850000,783.650000,59.750000,751.450000,188.900000,936.350000,99.400000
16.80,-3.091494,1.294074,0.820108,0.020518,0.008588,0.026956,0.999389,0.000617883,-0.0251571,-0.0393466,0.424611,-0.542901,0.554187,-0.466734,624.650000,85.550000,571.850000,181.400000,783.700000,58.800000,751.300000,188.800000,936.800000,98.250000
16.90,-3.089287,1.295844,0.819943,0.023411,0.008953,0.027513,0.999307,0.000617883,-0.0251571,-0.0393466,0.424611,-0.542901,0.554187,-0.466734,623.150000,85.150000,572.050000,180.700000,783.700000,58.250000,751.600000,188.550000,936.800000,97.100000
17.00,-3.086408,1.297377,0.819139,0.022071,0.007475,0.028262,0.999329,0.000617883,-0.0251571,-0.0393466,0.424611,-0.542901,0.554187,-0.466734,621.600000,84.650000,572.150000,180.250000,784.200000,58.200000,752.050000,188.350000,937.000000,96.000000
17.10,-3.084104,1.298676,0.818463,0.024247,0.006315,0.026857,0.999325,0.000617883,-0.0251571,-0.0393466,0.424611,-0.542901,0.554187,-0.466734,620.550000,84.650000,572.200000,179.800000,784.950000,57.950000,752.250000,188.100000,937.150000,95.200000
17.20,-3.082571,1.299459,0.817717,0.022723,0.007806,0.027003,0.999347,0.000617883,-0.0251571,-0.0393466,0.424611,-0.542901,0.554187,-0.466734,619.350000,84.600000,572.200000,179.050000,786.500000,57.800000,752.600000,187.450000,937.450000,94.250000
17.30,-3.080731,1.300043,0.816772,0.024616,0.010175,0.026324,0.999299,0.000617883,-0.0251571,-0.0393466,0.424611,-0.542901,0.554187,-0.466734,618.200000,84.550000,572.200000,178.700000,787.850000,57.750000,753.500000,187.050000,937.800000,94.200000
17.40,-3.078428,1.300641,0.815720,0.023732,0.013365,0.027270,0.999257,0.000617883,-0.0251571,-0.0393466,0.424611,-0.542901,0.554187,-0.466734,617.850000,84.850000,572.500000,178.450000,789.100000,57.500000,754.250000,186.850000,938.050000,94.250000
17.50,-3.075433,1.301145,0.814642,0.023050,0.011820,0.027964,0.999273,0.000617883,-0.0251571,-0.0393466,0.424611,-0.542901,0.554187,-0.466734,617.000000,85.650000,572.800000,178.550000,791.450000,58.100000,755.050000,187.500000,938.650000,94.950000
17.60,-3.071821,1.302064,0.814374,0.022491,0.010813,0.027583,0.999308,0.000617883,-0.0251571,-0.0393466,0.424611,-0.542901,0.554187,-0.466734,616.350000,86.350000,572.800000,178.450000,793.050000,58.400000,755.800000,187.650000,939.150000,95.650000
17.70,-3.067804,1.303220,0.813707,0.021528,0.010017,0.027531,0.999339,0.000617883,-0.0251571,-0.0393466,0.424611,-0.542901,0.554187,-0.466734,615.750000,86.750000,573.000000,177.900000,794.600000,58.350000,756.400000,187.500000,939.450000,96.300000
17.80,-3.063568,1.304472,0.813863,0.020291,0.008208,0.028085,0.999366,0.000617883,-0.0251571,-0.0393466,0.424611,-0.542901,0.554187,-0.466734,615.050000,87.450000,573.350000,177.800000,795.950000,58.850000,757.250000,187.850000,939.650000,96.950000
17.90,-3.058916,1.306094,0.814451,0.022258,0.008812,0.028106,0.999318,0.000617883,-0.0251571,-0.0393466,0.424611,-0.542901,0.554187,-0.466734,614.950000,88.300000,573.500000,177.550000,797.100000,59.100000,757.900000,188.100000,939.950000,97.300000
18.00,-3.054252,1.307935,0.814606,0.021888,0.005582,0.029099,0.999321,0.000617883,-0.0251571,-0.0393466,0.424611,-0.542901,0.554187,-0.466734,614.650000,89.750000,574.100000,177.400000,798.700000,59.750000,758.700000,188.700000,939.900000,97.800000
18.10,-3.049829,1.309661,0.814813,0.022380,0.006155,0.029052,0.999308,0.000617883,-0.0251571,-0.0393466,0.424611,-0.542901,0.554187,-0.466734,614.550000,91.000000,574.900000,177.750000,800.050000,60.550000,759.400000,189.050000,940.100000,98.300000
18.20,-3.045203,1.311295,0.815570,0.023707,0.006138,0.028708,0.999288,0.000617883,-0.0251571,-0.0393466,0.424611,-0.542901,0.554187,-0.466734,614.300000,92.200000,575.550000,177.800000,801.300000,61.300000,760.000000,189.500000,940.400000,98.600000
18.30,-3.040728,1.313139,0.815960,0.020185,0.005425,0.028908,0.999364,0.000617883,-0.0251571,-0.0393466,0.424611,-0.542901,0.554187,-0.466734,614.400000,93.550000,575.950000,178.000000,802.600000,62.150000,760.550000,190.250000,940.600000,98.800000
18.40,-3.036675,1.315471,0.817171,0.021151,0.004659,0.028988,0.999345,0.000617883,-0.0251571,-0.0393466,0.424611,-0.542901,0.554187,-0.466734,614.550000,94.800000,576.400000,178.200000,803.350000,62.650000,761.100000,190.600000,940.700000,98.850000
18.50,-3.032263,1.318066,0.818224,0.022302,0.007294,0.028224,0.999326,0.000617883,-0.0251571,-0.0393466,0.424611,-0.542901,0.554187,-0.466734,614.350000,96.400000,577.100000,178.050000,804.450000,63.400000,761.400000,190.850000,941.200000,98.700000
18.60,-3.028728,1.320891,0.818401,0.024241,0.004928,0.028346,0.999292,0.000617883,-0.0251571,-0.0393466,0.424611,-0.542901,0.554187,-0.466734,614.550000,97.350000,577.700000,177.250000,805.250000,62.650000,761.300000,190.050000,941.700000,97.900000
18.70,-3.025088,1.323586,0.819208,0.024473,0.005527,0.029141,0.999260,0.000617883,-0.0251571,-0.0393466,0.424611,-0.542901,0.554187,-0.466734,614.250000,98.950000,578.050000,176.800000,806.600000,61.500000,761.650000,188.900000,942.000000,96.250000
18.80,-3.021415,1.325330,0.819179,0.025439,0.006737,0.028659,0.999243,0.000617883,-0.0251571,-0.0393466,0.424611,-0.542901,0.554187,-0.466734,613.850000,99.650000,578.450000,176.100000,808.050000,59.900000,762.100000,187.250000,942.850000,93.950000
18.90,-3.017081,1.327326,0.819108,0.025284,0.007798,0.027403,0.999274,0.000617883,-0.0251571,-0.0393466,0.424611,-0.542901,0.554187,-0.466734,612.900000,100.250000,578.650000,175.700000,809.050000,58.750000,761.850000,186.300000,943.350000,92.800000
19.00,-3.012505,1.328712,0.818462,0.024731,0.008568,0.027911,0.999268,0.000617883,-0.0251571,-0.0393466,0.424611,-0.542901,0.554187,-0.466734,611.500000,100.300000,578.800000,175.500000,810.050000,57.800000,761.900000,185.100000,943.850000,92.200000
19.10,-3.007597,1.329823,0.817358,0.023237,0.008217,0.028546,0.999289,0.000617883,-0.0251571,-0.0393466,0.424611,-0.542901,0.554187,-0.466734,610.200000,100.100000,579.100000,175.350000,810.600000,57.100000,761.900000,183.950000,944.100000,91.150000
19.20,-3.002491,1.330506,0.816082,0.023938,0.007185,0.028581,0.999279,0.000617883,-0.0251571,-0.0393466,0.424611,-0.542901,0.554187,-0.466734,609.050000,99.450000,579.450000,175.300000,811.550000,56.200000,761.700000,182.800000,944.700000,90.100000
19.30,-2.997461,1.330869,0.814989,0.023960,0.007609,0.027588,0.999303,0.000617883,-0.0251571,-0.0393466,0.424611,-0.542901,0.554187,-0.466734,608.150000,98.350000,579.400000,175.500000,812.300000,55.450000,761.750000,182.150000,945.300000,90.000000
19.40,-2.991345,1.331213,0.814351,0.023930,0.007601,0.027958,0.999294,0.000617883,-0.0251571,-0.0393466,0.424611,-0.542901,0.554187,-0.466734,607.250000,97.250000,579.400000,175.400000,813.150000,54.350000,761.600000,181.600000,945.600000,90.200000
19.50,-2.986437,1.331446,0.812817,0.023393,0.007403,0.028825,0.999283,0.000617883,-0.0251571,-0.0393466,0.424611,-0.542901,0.554187,-0.466734,606.000000,95.900000,579.600000,175.350000,813.600000,53.250000,761.700000,181.300000,946.000000,90.350000
19.60,-2.980481,1.331509,0.811790,0.023370,0.007956,0.028245,0.999296,0.000617883,-0.0251571,-0.0393466,0.424611,-0.542901,0.554187,-0.466734,605.150000,94.850000,579.950000,175.150000,813.800000,52.400000,761.750000,180.900000,946.150000,90.400000
19.70,-2.974679,1.330970,0.810839,0.023517,0.010023,0.028751,0.999260,0.000617883,-0.0251571,-0.0393466,0.424611,-0.542901,0.554187,-0.466734,604.150000,94.450000,580.100000,174.950000,813.900000,51.700000,761.950000,180.950000,946.500000,90.750000
19.80,-2.967875,1.330261,0.810046,0.019942,0.007678,0.029893,0.999325,0.000617883,-0.0251571,-0.0393466,0.424611,-0.542901,0.554187,-0.466734,603.400000,94.500000,580.200000,174.400000,813.900000,51.100000,762.100000,181.000000,947.200000,90.000000
19.90,-2.961463,1.329497,0.807884,0.021942,0.006260,0.028736,0.999327,0.000617883,-0.0251571,-0.0393466,0.424611,-0.542901,0.554187,-0.466734,602.800000,94.500000,580.450000,173.850000,814.100000,50.300000,762.650000,181.050000,947.800000,89.550000
20.00,-2.955273,1.328978,0.807010,0.022138,0.005406,0.027960,0.999349,0.000617883,-0.0251571,-0.0393466,0.424611,-0.542901,0.554187,-0.466734,602.450000,95.900000,580.650000,173.850000,814.450000,49.850000,763.150000,182.000000,948.100000,89.600000
20.10,-2.948861,1.328591,0.805705,0.021264,0.004917,0.029923,0.999314,0.000617883,-0.0251571,-0.0393466,0.424611,-0.542901,0.554187,-0.466734,602.050000,96.950000,580.500000,173.800000,814.550000,49.150000,763.700000,182.600000,948.500000,89.600000
20.20,-2.942715,1.328254,0.804520,0.023438,0.004498,0.029195,0.999289,0.000617883,-0.0251571,-0.0393466,0.424611,-0.542901,0.554187,-0.466734,601.650000,98.500000,580.350000,174.250000,814.900000,48.800000,764.000000,183.850000,948.450000,90.350000
20.30,-2.937148,1.327677,0.803794,0.023611,0.005261,0.029372,0.999276,0.000617883,-0.0251571,-0.0393466,0.424611,-0.542901,0.554187,-0.466734,601.650000,98.900000,580.300000,173.850000,815.700000,47.400000,764.150000,184.600000,948.450000,90.050000
20.40,-2.931734,1.327442,0.803424,0.023634,0.006715,0.029644,0.999259,0.000617883,-0.0251571,-0.0393466,0.424611,-0.542901,0.554187,-0.466734,601.500000,99.100000,580.250000,173.850000,816.150000,46.400000,764.250000,185.000000,948.650000,90.400000
20.50,-2.926180,1.326876,0.803316,0.023144,0.006316,0.027964,0.999321,0.000617883,-0.0251571,-0.0393466,0.424611,-0.542901,0.554187,-0.466734,601.450000,98.500000,580.450000,173.600000,816.850000,45.200000,764.500000,185.300000,948.750000,90.100000
20.60,-2.920892,1.326147,0.802713,0.023473,0.006539,0.029072,0.999280,0.000617883,-0.0251571,-0.0393466,0.424611,-0.542901,0.554187,-0.466734,601.400000,97.950000,580.350000,173.450000,817.000000,44.250000,764.650000,185.400000,948.550000,89.750000
20.70,-2.915364,1.325546,0.802061,0.023537,0.006301,0.027879,0.999314,0.000617883,-0.0251571,-0.0393466,0.424611,-0.542901,0.554187,-0.466734,601.650000,95.700000,580.000000,172.900000,817.300000,43.050000,764.900000,184.800000,948.400000,88.550000
20.80,-2.909926,1.324615,0.800967,0.023809,0.004933,0.027727,0.999320,0.000617883,-0.0251571,-0.0393466,0.424611,-0.542901,0.554187,-0.466734,602.050000,93.950000,579.800000,172.900000,817.900000,42.400000,764.900000,184.650000,948.550000,87.950000
20.90,-2.904567,1.324058,0.800109,0.023801,0.005917,0.028616,0.999290,0.000617883,-0.0251571,-0.0393466,0.424611,-0.542901,0.554187,-0.466734,602.500000,92.450000,579.700000,172.800000,818.000000,42.050000,764.550000,184.150000,948.400000,86.850000
21.00,-2.899161,1.322891,0.798664,0.024338,0.005142,0.028311,0.999290,0.000617883,-0.0251571,-0.0393466,0.424611,-0.542901,0.554187,-0.466734,602.600000,90.700000,579.150000,172.600000,818.050000,42.150000,764.650000,183.550000,948.300000,85.350000
21.10,-2.893980,1.321984,0.797808,0.023148,0.006672,0.027980,0.999318,0.000617883,-0.0251571,-0.0393466,0.424611,-0.542901,0.554187,-0.466734,602.400000,89.700000,578.850000,172.450000,817.850000,42.150000,764.700000,183.050000,947.800000,84.200000
21.20,-2.888791,1.321105,0.796849,0.022356,0.006665,0.027253,0.999356,0.000617883,-0.0251571,-0.0393466,0.424611,-0.542901,0.554187,-0.466734,602.050000,88.900000,578.200000,172.400000,817.150000,42.700000,764.700000,182.250000,947.250000,83.350000
21.30,-2.883761,1.320422,0.795574,0.024023,0.007615,0.028371,0.999280,0.000617883,-0.0251571,-0.0393466,0.424611,-0.542901,0.554187,-0.466734,601.650000,88.200000,577.800000,172.350000,816.800000,43.550000,764.450000,181.350000,946.900000,83.150000
21.40,-2.878643,1.319222,0.794564,0.024073,0.007172,0.027755,0.999299,0.000617883,-0.0251571,-0.0393466,0.424611,-0.542901,0.554187,-0.466734,600.950000,87.850000,577.600000,171.850000,816.350000,44.000000,764.550000,180.100000,946.750000,82.800000
21.50,-2.873787,1.318109,0.794456,0.025806,0.008176,0.027893,0.999244,0.000617883,-0.0251571,-0.0393466,0.424611,-0.542901,0.554187,-0.466734,600.550000,86.950000,577.000000,171.400000,816.000000,44.100000,764.800000,178.000000,946.400000,82.150000
21.60,-2.868569,1.316175,0.794058,0.025636,0.008745,0.027478,0.999255,0.000617883,-0.0251571,-0.0393466,0.424611,-0.542901,0.554187,-0.466734,600.150000,86.450000,576.700000,171.300000,815.900000,44.600000,765.200000,176.800000,946.200000,82.050000
21.70,-2.863266,1.314126,0.793418,0.024340,0.007088,0.025452,0.999355,0.000617883,-0.0251571,-0.0393466,0.424611,-0.542901,0.554187,-0.466734,599.400000,86.200000,576.300000,171.050000,815.250000,45.850000,765.650000,175.450000,946.100000,82.000000
21.80,-2.857571,1.311879,0.793195,0.021856,0.007639,0.028029,0.999339,0.000617883,-0.0251571,-0.0393466,0.424611,-0.542901,0.554187,-0.466734,599.300000,85.350000,576.050000,170.700000,814.700000,46.850000,765.900000,174.650000,946.000000,82.000000
21.90,-2.851699,1.309479,0.792463,0.023697,0.006843,0.026295,0.999350,0.000617883,-0.0251571,-0.0393466,0.424611,-0.542901,0.554187,-0.466734,598.750000,84.650000,575.950000,170.750000,814.650000,47.600000,766.300000,174.250000,945.950000,82.250000
22.00,-2.845767,1.307652,0.792056,0.025430,0.007366,0.026829,0.999289,0.000617883,-0.0251571,-0.0393466,0.424611,-0.542901,0.554187,-0.466734,598.450000,84.100000,575.400000,170.950000,813.900000,48.750000,766.500000,174.250000,945.950000,82.450000
22.10,-2.839679,1.305074,0.791464,0.024000,0.008842,0.026309,0.999327,0.000617883,-0.0251571,-0.0393466,0.424611,-0.542901,0.554187,-0.466734,598.250000,83.500000,574.850000,171.150000,813.400000,49.450000,766.600000,174.350000,945.950000,82.750000
22.20,-2.833585,1.302759,0.790745,0.021415,0.007580,0.026488,0.999391,0.000617883,-0.0251571,-0.0393466,0.424611,-0.542901,0.554187,-0.466734,597.700000,81.800000,574.550000,171.050000,813.200000,49.350000,766.400000,173.900000,945.950000,82.700000
22.30,-2.827578,1.300540,0.790917,0.020997,0.008372,0.024697,0.999439,0.000617883,-0.0251571,-0.0393466,0.424611,-0.542901,0.554187,-0.466734,597.200000,80.350000,573.950000,171.400000,813.050000,49.750000,766.300000,173.650000,945.950000,82.750000
22.40,-2.821180,1.298709,0.790620,0.023972,0.008499,0.025401,0.999354,0.000617883,-0.0251571,-0.0393466,0.424611,-0.542901,0.554187,-0.466734,596.650000,78.650000,573.550000,171.650000,812.500000,50.450000,766.000000,173.600000,946.000000,82.750000
22.50,-2.814722,1.296660,0.790566,0.022475,0.007391,0.025113,0.999405,0.000617883,-0.0251571,-0.0393466,0.424611,-0.542901,0.554187,-0.466734,597.100000,76.300000,573.150000,172.050000,811.950000,51.300000,765.850000,173.550000,946.000000,82.750000
22.60,-2.808483,1.294981,0.791123,0.021535,0.007109,0.025008,0.999430,0.000617883,-0.0251571,-0.0393466,0.424611,-0.542901,0.554187,-0.466734,597.100000,74.950000,572.700000,172.250000,811.400000,52.700000,765.450000,173.550000,946.000000,83.000000
22.70,-2.802328,1.293457,0.792041,0.023280,0.010127,0.025232,0.999359,0.000617883,-0.0251571,-0.0393466,0.424611,-0.542901,0.554187,-0.466734,597.350000,73.300000,572.200000,172.350000,810.200000,53.800000,765.300000,173.600000,946.000000,82.950000
22.80,-2.795900,1.291759,0.792698,0.022525,0.008302,0.024655,0.999408,0.000617883,-0.0251571,-0.0393466,0.424611,-0.542901,0.554187,-0.466734,597.300000,72.400000,571.700000,172.900000,808.750000,54.800000,764.700000,174.300000,946.200000,83.800000
22.90,-2.789755,1.290475,0.793040,0.025071,0.005711,0.023535,0.999392,0.000617883,-0.0251571,-0.0393466,0.424611,-0.542901,0.554187,-0.466734,597.750000,71.200000,571.400000,172.750000,808.000000,55.600000,764.600000,174.250000,946.350000,84.100000
23.00,-2.783954,1.289280,0.792934,0.023712,0.006776,0.024792,0.999388,0.000617883,-0.0251571,-0.0393466,0.424611,-0.542901,0.554187,-0.466734,597.500000,70.550000,571.050000,173.100000,806.350000,56.550000,764.050000,175.400000,946.650000,85.950000
23.10,-2.778575,1.288136,0.792823,0.022049,0.007639,0.023787,0.999445,0.000617883,-0.0251571,-0.0393466,0.424611,-0.542901,0.554187,-0.466734,597.200000,70.200000,571.050000,173.300000,805.200000,57.300000,763.750000,176.350000,946.850000,86.950000
23.20,-2.772969,1.287265,0.792593,0.023106,0.007513,0.024456,0.999406,0.000617883,-0.0251571,-0.0393466,0.424611,-0.542901,0.554187,-0.466734,597.000000,70.050000,570.900000,173.200000,803.850000,57.000000,764.050000,177.300000,946.950000,88.050000
23.30,-2.767810,1.286356,0.792856,0.025321,0.008849,0.025489,0.999315,0.000617883,-0.0251571,-0.0393466,0.424611,-0.542901,0.554187,-0.466734,596.400000,70.050000,570.800000,173.150000,802.850000,57.300000,764.200000,178.350000,947.000000,88.850000
23.40,-2.763079,1.285553,0.793051,0.023851,0.008828,0.025040,0.999363,0.000617883,-0.0251571,-0.0393466,0.424611,-0.542901,0.554187,-0.466734,595.850000,70.100000,570.950000,172.600000,801.850000,56.650000,764.800000,179.000000,947.500000,89.150000
23.50,-2.756750,1.284199,0.793688,0.023194,0.007133,0.024529,0.999405,0.000617883,-0.0251571,-0.0393466,0.424611,-0.542901,0.554187,-0.466734,594.850000,69.900000,570.850000,172.100000,801.100000,56.100000,765.600000,179.300000,947.750000,89.200000
23.60,-2.750980,1.282833,0.794458,0.023880,0.005706,0.024934,0.999388,0.000617883,-0.0251571,-0.0393466,0.424611,-0.542901,0.554187,-0.466734,594.100000,69.800000,570.800000,171.350000,800.700000,55.250000,766.300000,179.500000,948.200000,89.250000
23.70,-2.744794,1.281635,0.795905,0.021860,0.005032,0.024300,0.999453,0.000617883,-0.0251571,-0.0393466,0.424611,-0.542901,0.554187,-0.466734,593.150000,70.300000,570.350000,171.600000,800.200000,54.550000,766.700000,179.800000,948.400000,89.550000
23.80,-2.738457,1.280612,0.797405,0.023125,0.006008,0.023874,0.999429,0.000617883,-0.0251571,-0.0393466,0.424611,-0.542901,0.554187,-0.466734,592.400000,70.750000,570.050000,171.500000,799.750000,53.900000,766.900000,180.050000,948.750000,89.450000
23.90,-2.732764,1.279874,0.798272,0.024515,0.007499,0.024734,0.999365,0.000617883,-0.0251571,-0.0393466,0.424611,-0.542901,0.554187,-0.466734,592.200000,71.350000,569.200000,171.700000,799.550000,53.500000,767.250000,180.100000,948.950000,88.900000
24.00,-2.725180,1.278860,0.799091,0.025367,0.007106,0.025046,0.999339,0.000617883,-0.0251571,-0.0393466,0.424611,-0.542901,0.554187,-0.466734,592.150000,72.400000,568.450000,172.300000,799.200000,53.550000,767.450000,179.950000,949.250000,88.350000
24.10,-2.717752,1.277658,0.799164,0.025022,0.005385,0.024625,0.999369,0.000617883,-0.0251571,-0.0393466,0.424611,-0.542901,0.554187,-0.466734,592.350000,73.000000,567.600000,173.100000,799.050000,53.550000,767.350000,179.850000,949.750000,88.250000
24.20,-2.710301,1.276206,0.799618,0.023440,0.005097,0.024382,0.999415,0.000617883,-0.0251571,-0.0393466,0.424611,-0.542901,0.554187,-0.466734,592.250000,73.400000,566.450000,173.550000,798.700000,53.050000,767.250000,179.750000,949.950000,87.700000
24.30,-2.702250,1.274798,0.799647,0.021381,0.004307,0.024815,0.999454,0.000617883,-0.0251571,-0.0393466,0.424611,-0.542901,0.554187,-0.466734,591.950000,73.600000,565.500000,174.050000,798.550000,52.350000,767.000000,179.650000,950.100000,87.400000
24.40,-2.694774,1.273690,0.799728,0.023904,0.003411,0.025171,0.999391,0.000617883,-0.0251571,-0.0393466,0.424611,-0.542901,0.554187,-0.466734,591.350000,73.500000,564.750000,174.550000,798.500000,51.900000,766.350000,179.900000,950.150000,86.750000
24.50,-2.686901,1.272387,0.800887,0.025116,0.001508,0.024502,0.999383,0.000617883,-0.0251571,-0.0393466,0.424611,-0.542901,0.554187,-0.466734,590.750000,73.450000,563.950000,175.350000,797.750000,51.650000,765.950000,180.250000,950.650000,86.600000
24.60,-2.680196,1.271094,0.800314,0.022908,0.002041,0.024966,0.999424,0.000617883,-0.0251571,-0.0393466,0.424611,-0.542901,0.554187,-0.466734,590.450000,73.400000,563.450000,175.750000,797.150000,52.000000,765.250000,180.900000,950.700000,86.550000
24.70,-2.673187,1.269714,0.800717,0.022963,0.005084,0.027171,0.999354,0.000617883,-0.0251571,-0.0393466,0.424611,-0.542901,0.554187,-0.466734,590.050000,73.150000,563.150000,176.450000,796.600000,51.950000,764.400000,181.250000,950.700000,86.500000
24.80,-2.667162,1.268501,0.799970,0.024223,0.002164,0.026555,0.999352,0.000617883,-0.0251571,-0.0393466,0.424611,-0.542901,0.554187,-0.466734,589.850000,72.550000,563.050000,176.400000,796.050000,51.950000,763.650000,181.250000,950.900000,86.450000
24.90,-2.661344,1.267380,0.799537,0.022740,0.003269,0.026669,0.999380,0.000617883,-0.0251571,-0.0393466,0.424611,-0.542901,0.554187,-0.466734,589.500000,71.750000,563.000000,176.350000,794.800000,51.200000,762.350000,181.000000,-1.000000,-1.000000
25.00,-2.656012,1.266459,0.799208,0.022448,0.002366,0.026210,0.999402,0.000617883,-0.0251571,-0.0393466,0.424611,-0.542901,0.554187,-0.466734,589.300000,70.850000,563.000000,175.800000,793.650000,50.600000,760.850000,180.600000,-1.000000,-1.000000
25.10,-2.650448,1.266227,0.798969,0.022594,0.002404,0.025740,0.999410,0.000617883,-0.0251571,-0.0393466,0.424611,-0.542901,0.554187,-0.466734,589.450000,70.300000,563.300000,175.500000,792.750000,50.200000,759.800000,180.150000,-1.000000,-1.000000
25.20,-2.645579,1.266072,0.799252,0.023396,0.003254,0.024936,0.999410,0.000617883,-0.0251571,-0.0393466,0.424611,-0.542901,0.554187,-0.466734,590.050000,69.300000,563.650000,175.300000,791.650000,49.550000,758.750000,179.650000,-1.000000,-1.000000
25.30,-2.640820,1.266079,0.799832,0.025480,0.002186,0.025268,0.999354,0.000617883,-0.0251571,-0.0393466,0.424611,-0.542901,0.554187,-0.466734,590.600000,69.000000,564.150000,175.200000,790.750000,49.600000,757.650000,179.550000,-1.000000,-1.000000
25.40,-2.636196,1.266453,0.800487,0.023468,0.003062,0.024143,0.999428,0.000617883,-0.0251571,-0.0393466,0.424611,-0.542901,0.554187,-0.466734,590.950000,69.250000,564.650000,176.100000,790.250000,50.150000,756.800000,180.000000,-1.000000,-1.000000
25.50,-2.630958,1.266340,0.800992,0.024877,0.005333,0.025469,0.999352,0.000617883,-0.0251571,-0.0393466,0.424611,-0.542901,0.554187,-0.466734,591.150000,69.250000,565.450000,176.600000,789.500000,50.250000,756.400000,180.000000,-1.000000,-1.000000
25.60,-2.625616,1.266448,0.801395,0.024540,0.002975,0.024546,0.999393,0.000617883,-0.0251571,-0.0393466,0.424611,-0.542901,0.554187,-0.466734,591.500000,69.200000,566.150000,176.900000,788.900000,50.350000,756.400000,180.050000,-1.000000,-1.000000
25.70,-2.619951,1.266362,0.801645,0.024576,0.002738,0.024598,0.999392,0.000617883,-0.0251571,-0.0393466,0.424611,-0.542901,0.554187,-0.466734,591.500000,68.750000,566.500000,177.000000,788.600000,50.100000,756.850000,179.550000,-1.000000,-1.000000
25.80,-2.614312,1.266133,0.802387,0.025192,0.000889,0.023723,0.999401,0.000617883,-0.0251571,-0.0393466,0.424611,-0.542901,0.554187,-0.466734,591.450000,68.700000,566.800000,177.100000,788.400000,50.000000,756.950000,179.300000,-1.000000,-1.000000
25.90,-2.608667,1.265704,0.802925,0.025250,0.003622,0.023487,0.999399,0.000617883,-0.0251571,-0.0393466,0.424611,-0.542901,0.554187,-0.466734,591.450000,68.950000,567.350000,177.400000,788.850000,50.200000,757.700000,178.900000,-1.000000,-1.000000
26.00,-2.602719,1.264907,0.803340,0.023221,0.001110,0.023768,0.999447,0.000617883,-0.0251571,-0.0393466,0.424611,-0.542901,0.554187,-0.466734,591.200000,69.550000,567.700000,178.000000,789.100000,50.300000,758.600000,178.900000,-1.000000,-1.000000
26.10,-2.597298,1.263791,0.803419,0.023694,0.002544,0.022380,0.999466,0.000617883,-0.0251571,-0.0393466,0.424611,-0.542901,0.554187,-0.466734,590.850000,69.900000,568.400000,178.400000,790.000000,50.350000,759.150000,178.900000,-1.000000,-1.000000
26.20,-2.591065,1.261979,0.803541,0.021426,0.000836,0.023585,0.999492,0.000617883,-0.0251571,-0.0393466,0.424611,-0.542901,0.554187,-0.466734,590.600000,70.650000,569.000000,179.000000,790.950000,50.650000,760.450000,179.400000,-1.000000,-1.000000
26.30,-2.585540,1.260601,0.803696,0.019504,0.001033,0.023313,0.999537,0.000617883,-0.0251571,-0.0393466,0.424611,-0.542901,0.554187,-0.466734,590.300000,71.050000,569.350000,179.400000,791.800000,50.800000,761.200000,179.450000,-1.000000,-1.000000
26.40,-2.580425,1.259310,0.803949,0.017816,-0.000112,0.024186,0.999549,0.000617883,-0.0251571,-0.0393466,0.424611,-0.542901,0.554187,-0.466734,589.850000,71.250000,569.800000,179.800000,792.300000,50.400000,762.050000,179.450000,-1.000000,-1.000000
26.50,-2.576741,1.258808,0.804157,0.018393,0.000359,0.022984,0.999567,0.000617883,-0.0251571,-0.0393466,0.424611,-0.542901,0.554187,-0.466734,589.150000,71.150000,570.250000,179.600000,792.850000,50.200000,761.900000,179.500000,-1.000000,-1.000000
26.60,-2.572488,1.258234,0.804851,0.020758,0.000795,0.022951,0.999521,0.000617883,-0.0251571,-0.0393466,0.424611,-0.542901,0.554187,-0.466734,588.750000,70.650000,570.500000,179.450000,793.350000,49.850000,761.500000,179.450000,-1.000000,-1.000000
26.70,-2.568783,1.257765,0.805201,0.022041,0.002810,0.023602,0.999474,0.000617883,-0.0251571,-0.0393466,0.424611,-0.542901,0.554187,-0.466734,588.300000,69.600000,570.850000,178.900000,794.150000,49.850000,760.400000,179.950000,-1.000000,-1.000000
26.80,-2.565013,1.256689,0.805292,0.024433,0.000254,0.024542,0.999400,0.000617883,-0.0251571,-0.0393466,0.424611,-0.542901,0.554187,-0.466734,588.000000,69.000000,571.300000,178.550000,794.600000,50.100000,759.500000,180.250000,-1.000000,-1.000000
26.90,-2.561281,1.255134,0.805167,0.021815,0.001220,0.023395,0.999488,0.000617883,-0.0251571,-0.0393466,0.424611,-0.542901,0.554187,-0.466734,587.650000,68.000000,571.750000,178.350000,795.050000,51.700000,758.050000,181.300000,-1.000000,-1.000000
27.00,-2.557740,1.253218,0.805030,0.021591,0.001563,0.023835,0.999481,0.000617883,-0.0251571,-0.0393466,0.424611,-0.542901,0.554187,-0.466734,587.700000,66.700000,572.000000,177.750000,795.350000,53.050000,756.700000,182.000000,-1.000000,-1.000000
27.10,-2.553586,1.250753,0.806089,0.023172,0.000405,0.023117,0.999464,0.000617883,-0.0251571,-0.0393466,0.424611,-0.542901,0.554187,-0.466734,587.700000,65.750000,572.400000,177.400000,795.300000,54.550000,755.750000,182.800000,-1.000000,-1.000000
27.20,-2.551349,1.248518,0.805462,0.019621,0.001753,0.023768,0.999523,0.000617883,-0.0251571,-0.0393466,0.424611,-0.542901,0.554187,-0.466734,587.550000,64.250000,572.600000,176.700000,794.500000,56.550000,754.500000,183.250000,-1.000000,-1.000000
27.30,-2.548464,1.246252,0.805649,0.018567,0.002033,0.023438,0.999551,0.000617883,-0.0251571,-0.0393466,0.424611,-0.542901,0.554187,-0.466734,587.400000,63.400000,572.700000,175.900000,793.850000,58.400000,753.600000,184.000000,-1.000000,-1.000000
27.40,-2.545028,1.244108,0.806592,0.023411,0.005399,0.022431,0.999460,0.000617883,-0.0251571,-0.0393466,0.424611,-0.542901,0.554187,-0.466734,587.350000,62.950000,572.750000,175.400000,793.000000,60.650000,752.800000,184.600000,-1.000000,-1.000000
27.50,-2.542614,1.242708,0.806049,0.022161,0.004538,0.024290,0.999449,0.000617883,-0.0251571,-0.0393466,0.424611,-0.542901,0.554187,-0.466734,587.050000,62.700000,572.750000,174.700000,792.000000,62.600000,752.600000,184.750000,-1.000000,-1.000000
27.60,-2.539130,1.241215,0.805776,0.025234,0.006249,0.024033,0.999373,0.000617883,-0.0251571,-0.0393466,0.424611,-0.542901,0.554187,-0.466734,586.500000,62.600000,572.550000,174.200000,791.450000,63.900000,752.550000,184.800000,-1.000000,-1.000000
27.70,-2.535458,1.239033,0.805331,0.021815,0.005928,0.025131,0.999429,0.000617883,-0.0251571,-0.0393466,0.424611,-0.542901,0.554187,-0.466734,585.900000,63.000000,571.950000,174.000000,791.150000,65.100000,752.500000,184.550000,-1.000000,-1.000000
27.80,-2.531412,1.237736,0.804870,0.021571,0.005296,0.024187,0.999461,0.000617883,-0.0251571,-0.0393466,0.424611,-0.542901,0.554187,-0.466734,585.100000,63.750000,571.550000,173.400000,790.750000,65.550000,753.000000,184.200000,-1.000000,-1.000000
27.90,-2.526930,1.236406,0.803727,0.022989,0.004725,0.024304,0.999429,0.000617883,-0.0251571,-0.0393466,0.424611,-0.542901,0.554187,-0.466734,584.200000,64.200000,570.650000,172.850000,789.600000,65.250000,754.000000,183.300000,-1.000000,-1.000000
28.00,-2.522432,1.235490,0.802827,0.022069,0.003275,0.024596,0.999448,0.000617883,-0.0251571,-0.0393466,0.424611,-0.542901,0.554187,-0.466734,583.700000,64.900000,569.900000,172.300000,788.900000,64.850000,754.850000,182.250000,-1.000000,-1.000000
28.10,-2.518235,1.234757,0.801775,0.024386,0.003697,0.023862,0.999411,0.000617883,-0.0251571,-0.0393466,0.424611,-0.542901,0.554187,-0.466734,583.150000,65.600000,568.750000,172.000000,789.000000,64.100000,755.550000,181.450000,-1.000000,-1.000000
28.20,-2.513861,1.234491,0.800585,0.022875,0.004523,0.024526,0.999427,0.000617883,-0.0251571,-0.0393466,0.424611,-0.542901,0.554187,-0.466734,582.650000,65.750000,567.850000,171.350000,788.600000,62.700000,756.650000,180.050000,-1.000000,-1.000000
28.30,-2.509976,1.233996,0.799295,0.023644,0.004075,0.023720,0.999431,0.000617883,-0.0251571,-0.0393466,0.424611,-0.542901,0.554187,-0.466734,582.350000,65.850000,566.600000,171.250000,788.200000,61.900000,757.300000,179.200000,-1.000000,-1.000000
28.40,-2.506074,1.233647,0.798548,0.024115,0.006168,0.023790,0.999407,0.000617883,-0.0251571,-0.0393466,0.424611,-0.542901,0.554187,-0.466734,582.450000,65.450000,565.450000,171.450000,787.950000,60.450000,757.700000,178.750000,-1.000000,-1.000000
28.50,-2.502506,1.232942,0.797880,0.022896,0.006141,0.023384,0.999445,0.000617883,-0.0251571,-0.0393466,0.424611,-0.542901,0.554187,-0.466734,582.500000,65.200000,564.600000,171.550000,787.800000,59.600000,758.400000,178.950000,-1.000000,-1.000000
28.60,-2.498696,1.232132,0.797070,0.020769,0.005386,0.023047,0.999504,0.000617883,-0.0251571,-0.0393466,0.424611,-0.542901,0.554187,-0.466734,582.800000,64.600000,563.600000,171.650000,787.750000,58.650000,758.500000,179.600000,-1.000000,-1.000000
28.70,-2.494774,1.231225,0.796360,0.021689,0.009123,0.022948,0.999460,0.000617883,-0.0251571,-0.0393466,0.424611,-0.542901,0.554187,-0.466734,582.800000,63.300000,562.600000,171.450000,787.950000,57.600000,759.050000,180.650000,-1.000000,-1.000000
28.80,-2.489691,1.230333,0.796163,0.021801,0.007667,0.024140,0.999441,0.000617883,-0.0251571,-0.0393466,0.424611,-0.542901,0.554187,-0.466734,582.950000,62.350000,562.050000,171.400000,788.100000,57.000000,759.600000,182.450000,-1.000000,-1.000000
28.90,-2.484542,1.229532,0.796145,0.022025,0.008936,0.024832,0.999409,0.000617883,-0.0251571,-0.0393466,0.424611,-0.542901,0.554187,-0.466734,582.650000,61.550000,561.250000,171.550000,788.200000,56.700000,760.400000,185.800000,-1.000000,-1.000000
29.00,-2.479653,1.228777,0.795168,0.022804,0.004793,0.026413,0.999380,0.000617883,-0.0251571,-0.0393466,0.424611,-0.542901,0.554187,-0.466734,582.950000,60.150000,560.650000,171.200000,788.700000,55.800000,761.750000,188.650000,-1.000000,-1.000000
29.10,-2.474191,1.227809,0.796085,0.023612,0.005600,0.024776,0.999398,0.000617883,-0.0251571,-0.0393466,0.424611,-0.542901,0.554187,-0.466734,583.350000,58.900000,560.300000,171.050000,789.050000,55.050000,763.250000,191.000000,-1.000000,-1.000000
29.20,-2.469435,1.227056,0.796008,0.023628,0.006310,0.026197,0.999358,0.000617883,-0.0251571,-0.0393466,0.424611,-0.542901,0.554187,-0.466734,583.550000,57.750000,560.100000,170.900000,789.450000,53.950000,765.000000,193.550000,-1.000000,-1.000000
29.30,-2.464860,1.225798,0.796999,0.021516,0.007964,0.026024,0.999398,0.000617883,-0.0251571,-0.0393466,0.424611,-0.542901,0.554187,-0.466734,583.500000,57.100000,560.000000,170.650000,789.650000,53.050000,766.950000,194.900000,-1.000000,-1.000000
29.40,-2.460447,1.224684,0.797116,0.024304,0.011352,0.024433,0.999342,0.000617883,-0.0251571,-0.0393466,0.424611,-0.542901,0.554187,-0.466734,583.700000,56.800000,560.000000,170.250000,790.500000,51.900000,769.000000,195.950000,-1.000000,-1.000000
29.50,-2.455363,1.223047,0.796748,0.021575,0.005528,0.023182,0.999483,0.000617883,-0.0251571,-0.0393466,0.424611,-0.542901,0.554187,-0.466734,583.800000,56.800000,560.250000,170.250000,791.000000,50.750000,771.050000,196.250000,-1.000000,-1.000000
29.60,-2.450660,1.222086,0.795418,0.022536,0.009481,0.023217,0.999431,0.000617883,-0.0251571,-0.0393466,0.424611,-0.542901,0.554187,-0.466734,583.600000,57.100000,560.400000,170.250000,791.300000,50.150000,772.450000,195.900000,-1.000000,-1.000000
29.70,-2.445831,1.220826,0.793466,0.024903,0.009922,0.023369,0.999367,0.000617883,-0.0251571,-0.0393466,0.424611,-0.542901,0.554187,-0.466734,583.100000,58.500000,560.500000,171.250000,791.700000,50.500000,774.400000,195.650000,-1.000000,-1.000000
29.80,-2.441130,1.220184,0.792030,0.022022,0.013579,0.021776,0.999428,0.000617883,-0.0251571,-0.0393466,0.424611,-0.542901,0.554187,-0.466734,582.250000,59.300000,560.550000,172.050000,792.350000,50.700000,775.950000,195.000000,-1.000000,-1.000000
29.90,-2.435258,1.219216,0.791536,0.022627,0.010530,0.023251,0.999418,0.000617883,-0.0251571,-0.0393466,0.424611,-0.542901,0.554187,-0.466734,581.400000,60.700000,560.900000,172.950000,792.750000,51.800000,777.000000,193.450000,-1.000000,-1.000000
30.00,-2.429770,1.218415,0.792231,0.024598,0.009944,0.022710,0.999390,0.000617883,-0.0251571,-0.0393466,0.424611,-0.542901,0.554187,-0.466734,580.150000,61.950000,560.800000,173.250000,793.000000,52.250000,778.050000,191.300000,-1.000000,-1.000000
30.10,-2.423792,1.217358,0.792754,0.021921,0.010696,0.024573,0.999400,0.000617883,-0.0251571,-0.0393466,0.424611,-0.542901,0.554187,-0.466734,578.950000,63.450000,560.800000,173.650000,793.100000,52.950000,779.050000,189.650000,-1.000000,-1.000000
30.20,-2.417749,1.216012,0.794347,0.022527,0.012619,0.022185,0.999420,0.000617883,-0.0251571,-0.0393466,0.424611,-0.542901,0.554187,-0.466734,577.150000,65.250000,560.800000,173.900000,792.700000,53.850000,779.400000,187.700000,-1.000000,-1.000000
30.30,-2.411442,1.214773,0.796230,0.023196,0.009012,0.022722,0.999432,0.000617883,-0.0251571,-0.0393466,0.424611,-0.542901,0.554187,-0.466734,575.600000,66.200000,560.800000,174.050000,792.450000,54.350000,779.500000,186.150000,-1.000000,-1.000000
30.40,-2.404996,1.213281,0.798699,0.025305,0.008426,0.023286,0.999373,0.000617883,-0.0251571,-0.0393466,0.424611,-0.542901,0.554187,-0.466734,574.050000,67.750000,561.050000,174.050000,792.050000,55.150000,779.050000,184.750000,-1.000000,-1.000000
30.50,-2.399634,1.211700,0.799945,0.024832,0.007265,0.023235,0.999395,0.000617883,-0.0251571,-0.0393466,0.424611,-0.542901,0.554187,-0.466734,572.500000,69.300000,560.750000,173.850000,791.600000,55.800000,778.550000,184.000000,-1.000000,-1.000000
30.60,-2.393820,1.209323,0.801624,0.022817,0.006820,0.023821,0.999433,0.000617883,-0.0251571,-0.0393466,0.424611,-0.542901,0.554187,-0.466734,571.400000,70.400000,560.550000,173.750000,790.850000,56.400000,777.950000,183.550000,-1.000000,-1.000000
30.70,-2.388236,1.206422,0.802724,0.021072,0.008888,0.023089,0.999472,0.000617883,-0.0251571,-0.0393466,0.424611,-0.542901,0.554187,-0.466734,570.100000,71.250000,560.250000,173.450000,789.950000,56.800000,776.150000,183.300000,-1.000000,-1.000000
30.80,-2.382596,1.203521,0.803417,0.020040,0.010199,0.022138,0.999502,0.000617883,-0.0251571,-0.0393466,0.424611,-0.542901,0.554187,-0.466734,569.350000,71.700000,559.800000,173.500000,789.700000,56.950000,774.650000,183.700000,-1.000000,-1.000000
30.90,-2.376850,1.200808,0.804110,0.020171,0.011518,0.022172,0.999484,0.000617883,-0.0251571,-0.0393466,0.424611,-0.542901,0.554187,-0.466734,569.050000,71.950000,559.600000,173.050000,789.800000,57.100000,773.300000,183.900000,-1.000000,-1.000000
31.00,-2.370541,1.198078,0.806306,0.021463,0.010675,0.021440,0.999483,0.000617883,-0.0251571,-0.0393466,0.424611,-0.542901,0.554187,-0.466734,568.100000,72.050000,559.450000,173.250000,789.600000,57.150000,772.500000,185.000000,-1.000000,-1.000000
31.10,-2.365085,1.195712,0.806563,0.022089,0.011519,0.022881,0.999428,0.000617883,-0.0251571,-0.0393466,0.424611,-0.542901,0.554187,-0.466734,568.100000,72.050000,559.350000,173.400000,789.750000,56.700000,772.050000,185.800000,-1.000000,-1.000000
31.20,-2.358942,1.192690,0.807268,0.019892,0.008664,0.021737,0.999528,0.000617883,-0.0251571,-0.0393466,0.424611,-0.542901,0.554187,-0.466734,567.700000,71.150000,559.350000,173.000000,789.800000,55.500000,771.300000,185.850000,-1.000000,-1.000000
31.30,-2.353389,1.190360,0.807937,0.020678,0.007662,0.021177,0.999533,0.000617883,-0.0251571,-0.0393466,0.424611,-0.542901,0.554187,-0.466734,567.700000,70.600000,559.300000,173.000000,789.150000,54.550000,770.900000,185.900000,-1.000000,-1.000000
31.40,-2.347734,1.187954,0.808519,0.020819,0.008535,0.021591,0.999514,0.000617883,-0.0251571,-0.0393466,0.424611,-0.542901,0.554187,-0.466734,568.000000,69.750000,558.900000,172.750000,786.700000,53.350000,770.650000,185.200000,-1.000000,-1.000000
31.50,-2.342452,1.185927,0.809396,0.021098,0.009925,0.022067,0.999485,0.000617883,-0.0251571,-0.0393466,0.424611,-0.542901,0.554187,-0.466734,568.150000,69.300000,558.400000,172.400000,784.300000,52.650000,770.300000,183.850000,-1.000000,-1.000000
31.60,-2.336559,1.183867,0.810548,0.023716,0.009998,0.021129,0.999445,0.000617883,-0.0251571,-0.0393466,0.424611,-0.542901,0.554187,-0.466734,568.750000,69.000000,557.850000,172.450000,780.100000,52.900000,769.800000,182.650000,-1.000000,-1.000000
31.70,-2.331470,1.182183,0.810389,0.020836,0.010602,0.020980,0.999507,0.000617883,-0.0251571,-0.0393466,0.424611,-0.542901,0.554187,-0.466734,568.650000,68.800000,557.350000,172.400000,776.550000,52.600000,769.350000,181.050000,-1.000000,-1.000000
31.80,-2.326005,1.180617,0.810989,0.022809,0.009032,0.021207,0.999474,0.000617883,-0.0251571,-0.0393466,0.424611,-0.542901,0.554187,-0.466734,568.600000,69.200000,556.800000,172.450000,772.700000,53.150000,769.100000,180.100000,-1.000000,-1.000000
31.90,-2.320653,1.179101,0.811506,0.022492,0.008120,0.022663,0.999457,0.000617883,-0.0251571,-0.0393466,0.424611,-0.542901,0.554187,-0.466734,569.100000,69.600000,556.050000,172.650000,768.150000,53.750000,768.950000,178.600000,-1.000000,-1.000000
32.00,-2.315432,1.177352,0.812350,0.025437,0.008870,0.021396,0.999408,0.000617883,-0.0251571,-0.0393466,0.424611,-0.542901,0.554187,-0.466734,569.600000,69.850000,555.600000,172.850000,765.150000,53.850000,768.850000,177.350000,-1.000000,-1.000000
32.10,-2.310533,1.175741,0.812611,0.021455,0.009159,0.022928,0.999465,0.000617883,-0.0251571,-0.0393466,0.424611,-0.542901,0.554187,-0.466734,570.400000,70.500000,555.150000,173.100000,762.550000,54.350000,769.250000,176.900000,-1.000000,-1.000000
32.20,-2.305980,1.174509,0.812296,0.025089,0.013786,0.021005,0.999369,0.000617883,-0.0251571,-0.0393466,0.424611,-0.542901,0.554187,-0.466734,571.550000,70.600000,554.700000,173.300000,760.650000,54.900000,769.750000,176.600000,-1.000000,-1.000000
32.30,-2.300618,1.172829,0.812739,0.020411,0.011931,0.021732,0.999484,0.000617883,-0.0251571,-0.0393466,0.424611,-0.542901,0.554187,-0.466734,572.500000,70.850000,554.150000,173.650000,758.950000,55.450000,770.100000,176.700000,-1.000000,-1.000000
32.40,-2.296099,1.171819,0.812591,0.023659,0.015985,0.021131,0.999369,0.000617883,-0.0251571,-0.0393466,0.424611,-0.542901,0.554187,-0.466734,573.200000,71.300000,553.450000,174.550000,757.800000,56.200000,770.250000,178.200000,-1.000000,-1.000000
32.50,-2.290307,1.170608,0.812391,0.023997,0.017103,0.022613,0.999310,0.000617883,-0.0251571,-0.0393466,0.424611,-0.542901,0.554187,-0.466734,573.850000,71.500000,552.800000,175.500000,756.950000,56.900000,770.350000,179.600000,-1.000000,-1.000000
32.60,-2.284132,1.169620,0.813238,0.024875,0.013374,0.022554,0.999347,0.000617883,-0.0251571,-0.0393466,0.424611,-0.542901,0.554187,-0.466734,575.900000,70.650000,552.400000,176.350000,757.300000,57.500000,770.200000,180.850000,-1.000000,-1.000000
32.70,-2.278403,1.168567,0.812671,0.026443,0.013789,0.022673,0.999298,0.000617883,-0.0251571,-0.0393466,0.424611,-0.542901,0.554187,-0.466734,576.350000,69.450000,552.700000,176.550000,757.750000,57.650000,770.100000,181.600000,-1.000000,-1.000000
32.80,-2.272345,1.167132,0.812891,0.024257,0.010483,0.023562,0.999373,0.000617883,-0.0251571,-0.0393466,0.424611,-0.542901,0.554187,-0.466734,576.600000,68.100000,552.900000,176.900000,758.100000,58.150000,770.250000,182.250000,-1.000000,-1.000000
32.90,-2.266353,1.165662,0.813732,0.021790,0.009849,0.024149,0.999422,0.000617883,-0.0251571,-0.0393466,0.424611,-0.542901,0.554187,-0.466734,576.050000,65.850000,553.050000,177.300000,758.850000,58.900000,770.400000,182.850000,-1.000000,-1.000000
33.00,-2.261055,1.164111,0.814183,0.025474,0.012850,0.023710,0.999312,0.000617883,-0.0251571,-0.0393466,0.424611,-0.542901,0.554187,-0.466734,575.200000,63.700000,553.100000,177.550000,759.350000,59.300000,770.200000,183.200000,-1.000000,-1.000000
33.10,-2.255116,1.162958,0.814213,0.024607,0.011073,0.025084,0.999321,0.000617883,-0.0251571,-0.0393466,0.424611,-0.542901,0.554187,-0.466734,573.800000,61.250000,553.400000,177.200000,759.650000,59.600000,769.850000,183.450000,-1.000000,-1.000000
33.20,-2.249290,1.161530,0.813694,0.027576,0.010362,0.024861,0.999257,0.000617883,-0.0251571,-0.0393466,0.424611,-0.542901,0.554187,-0.466734,572.250000,59.850000,553.550000,177.250000,759.400000,60.200000,769.900000,184.000000,-1.000000,-1.000000
33.30,-2.243790,1.160088,0.813614,0.025827,0.010432,0.023926,0.999326,0.000617883,-0.0251571,-0.0393466,0.424611,-0.542901,0.554187,-0.466734,571.100000,59.100000,553.700000,177.250000,759.300000,60.500000,769.900000,184.550000,-1.000000,-1.000000
33.40,-2.238596,1.158466,0.813361,0.023038,0.011485,0.025762,0.999337,0.000617883,-0.0251571,-0.0393466,0.424611,-0.542901,0.554187,-0.466734,570.000000,58.700000,554.250000,176.750000,758.800000,60.200000,770.150000,184.150000,-1.000000,-1.000000
33.50,-2.233600,1.156742,0.812892,0.021454,0.008239,0.025572,0.999409,0.000617883,-0.0251571,-0.0393466,0.424611,-0.542901,0.554187,-0.466734,568.950000,58.950000,554.550000,176.450000,758.100000,60.000000,770.550000,183.950000,-1.000000,-1.000000
33.60,-2.229593,1.155794,0.812123,0.023677,0.009690,0.023459,0.999397,0.000617883,-0.0251571,-0.0393466,0.424611,-0.542901,0.554187,-0.466734,567.350000,60.050000,554.750000,175.850000,757.000000,60.100000,770.550000,183.800000,-1.000000,-1.000000
33.70,-2.224738,1.154129,0.810986,0.024514,0.007795,0.024100,0.999379,0.000617883,-0.0251571,-0.0393466,0.424611,-0.542901,0.554187,-0.466734,566.500000,61.950000,554.600000,175.450000,755.900000,60.650000,770.750000,183.250000,-1.000000,-1.000000
33.80,-2.221568,1.152652,0.808538,0.020030,0.011996,0.021706,0.999492,0.000617883,-0.0251571,-0.0393466,0.424611,-0.542901,0.554187,-0.466734,565.300000,63.950000,554.550000,175.250000,755.300000,60.900000,771.350000,182.900000,-1.000000,-1.000000
33.90,-2.217773,1.151850,0.807205,0.022262,0.008553,0.021058,0.999494,0.000617883,-0.0251571,-0.0393466,0.424611,-0.542901,0.554187,-0.466734,564.150000,67.000000,554.000000,175.100000,754.550000,61.850000,771.950000,183.200000,-1.000000,-1.000000
34.00,-2.213191,1.151031,0.806244,0.021440,0.010405,0.020916,0.999497,0.000617883,-0.0251571,-0.0393466,0.424611,-0.542901,0.554187,-0.466734,563.300000,69.200000,553.250000,174.800000,754.100000,62.300000,772.300000,182.900000,-1.000000,-1.000000
34.10,-2.208971,1.150715,0.804556,0.023443,0.013304,0.020660,0.999423,0.000617883,-0.0251571,-0.0393466,0.424611,-0.542901,0.554187,-0.466734,562.350000,70.950000,552.150000,174.150000,753.700000,62.350000,772.000000,182.500000,-1.000000,-1.000000
34.20,-2.204344,1.150205,0.804154,0.024515,0.011615,0.022130,0.999387,0.000617883,-0.0251571,-0.0393466,0.424611,-0.542901,0.554187,-0.466734,561.150000,72.450000,551.000000,173.300000,753.450000,62.100000,771.350000,181.750000,-1.000000,-1.000000
34.30,-2.199710,1.149341,0.804774,0.022959,0.011939,0.021709,0.999429,0.000617883,-0.0251571,-0.0393466,0.424611,-0.542901,0.554187,-0.466734,560.000000,73.250000,550.100000,172.650000,753.150000,61.500000,770.500000,181.400000,-1.000000,-1.000000
34.40,-2.194846,1.148489,0.805371,0.020468,0.009067,0.020347,0.999542,0.000617883,-0.0251571,-0.0393466,0.424611,-0.542901,0.554187,-0.466734,557.950000,74.150000,548.950000,171.950000,753.450000,60.850000,769.050000,181.150000,-1.000000,-1.000000
34.50,-2.190640,1.147047,0.805278,0.022180,0.010374,0.019719,0.999506,0.000617883,-0.0251571,-0.0393466,0.424611,-0.542901,0.554187,-0.466734,556.600000,74.200000,548.300000,171.400000,753.900000,60.550000,768.250000,180.750000,-1.000000,-1.000000
34.60,-2.186699,1.145442,0.804494,0.024518,0.013213,0.019582,0.999420,0.000617883,-0.0251571,-0.0393466,0.424611,-0.542901,0.554187,-0.466734,555.350000,73.700000,547.900000,170.800000,754.200000,59.150000,766.600000,180.550000,-1.000000,-1.000000
34.70,-2.183170,1.143655,0.803663,0.022247,0.010154,0.020447,0.999492,0.000617883,-0.0251571,-0.0393466,0.424611,-0.542901,0.554187,-0.466734,554.000000,72.450000,547.500000,170.250000,754.350000,58.100000,765.000000,180.700000,-1.000000,-1.000000
34.80,-2.179142,1.141365,0.802087,0.023432,0.012236,0.020558,0.999439,0.000617883,-0.0251571,-0.0393466,0.424611,-0.542901,0.554187,-0.466734,553.300000,71.200000,547.500000,170.250000,754.700000,57.300000,763.850000,180.750000,-1.000000,-1.000000
34.90,-2.175033,1.138854,0.800423,0.022384,0.012512,0.020902,0.999453,0.000617883,-0.0251571,-0.0393466,0.424611,-0.542901,0.554187,-0.466734,552.200000,69.600000,547.750000,170.450000,754.700000,56.350000,762.450000,181.500000,-1.000000,-1.000000
35.00,-2.171575,1.136570,0.797841,0.021230,0.010127,0.020151,0.999520,0.000617883,-0.0251571,-0.0393466,0.424611,-0.542901,0.554187,-0.466734,551.600000,67.700000,547.950000,170.550000,754.700000,55.800000,761.750000,181.950000,-1.000000,-1.000000
35.10,-2.167897,1.133783,0.795258,0.021329,0.010456,0.020660,0.999504,0.000617883,-0.0251571,-0.0393466,0.424611,-0.542901,0.554187,-0.466734,550.800000,65.200000,548.500000,170.650000,754.000000,55.050000,760.850000,182.200000,-1.000000,-1.000000
35.20,-2.164573,1.131563,0.793150,0.020552,0.013661,0.019607,0.999503,0.000617883,-0.0251571,-0.0393466,0.424611,-0.542901,0.554187,-0.466734,550.450000,63.050000,549.050000,170.700000,753.400000,54.850000,760.600000,182.350000,-1.000000,-1.000000
35.30,-2.160510,1.129324,0.792716,0.016666,0.007079,0.020657,0.999623,0.000617883,-0.0251571,-0.0393466,0.424611,-0.542901,0.554187,-0.466734,550.250000,61.850000,549.900000,170.750000,752.550000,55.250000,760.450000,182.450000,-1.000000,-1.000000
35.40,-2.157180,1.128082,0.791336,0.019608,0.013622,0.021023,0.999494,0.000617883,-0.0251571,-0.0393466,0.424611,-0.542901,0.554187,-0.466734,550.650000,61.400000,550.600000,171.250000,752.600000,56.650000,760.700000,182.950000,-1.000000,-1.000000
35.50,-2.152599,1.126865,0.791869,0.021216,0.014245,0.019601,0.999481,0.000617883,-0.0251571,-0.0393466,0.424611,-0.542901,0.554187,-0.466734,551.350000,61.600000,551.050000,172.000000,753.100000,58.400000,760.800000,183.500000,-1.000000,-1.000000
35.60,-2.148389,1.126382,0.791499,0.023381,0.012182,0.019997,0.999452,0.000617883,-0.0251571,-0.0393466,0.424611,-0.542901,0.554187,-0.466734,553.000000,61.750000,551.950000,172.900000,753.850000,60.350000,761.150000,183.550000,-1.000000,-1.000000
35.70,-2.144507,1.125891,0.791970,0.021949,0.013465,0.021477,0.999438,0.000617883,-0.0251571,-0.0393466,0.424611,-0.542901,0.554187,-0.466734,553.950000,62.400000,552.250000,174.200000,754.750000,62.650000,761.800000,183.800000,-1.000000,-1.000000
35.80,-2.140468,1.125474,0.793614,0.020597,0.011967,0.021786,0.999479,0.000617883,-0.0251571,-0.0393466,0.424611,-0.542901,0.554187,-0.466734,554.800000,63.200000,552.700000,175.350000,755.800000,64.900000,762.250000,184.200000,-1.000000,-1.000000
35.90,-2.136404,1.125528,0.795851,0.018632,0.009551,0.020321,0.999574,0.000617883,-0.0251571,-0.0393466,0.424611,-0.542901,0.554187,-0.466734,554.800000,64.400000,552.900000,176.250000,757.300000,66.400000,762.750000,184.400000,-1.000000,-1.000000
36.00,-2.132592,1.126156,0.798671,0.024193,0.013872,0.020467,0.999402,0.000617883,-0.0251571,-0.0393466,0.424611,-0.542901,0.554187,-0.466734,554.800000,65.300000,553.050000,176.750000,758.900000,67.250000,763.000000,184.300000,-1.000000,-1.000000
36.10,-2.128428,1.127080,0.801006,0.023587,0.014361,0.021668,0.999384,0.000617883,-0.0251571,-0.0393466,0.424611,-0.542901,0.554187,-0.466734,554.600000,66.550000,553.350000,177.500000,760.700000,67.700000,763.650000,184.250000,-1.000000,-1.000000
36.20,-2.124163,1.127432,0.804014,0.021607,0.011252,0.020299,0.999497,0.000617883,-0.0251571,-0.0393466,0.424611,-0.542901,0.554187,-0.466734,554.450000,67.800000,553.500000,177.950000,762.700000,67.950000,764.250000,183.700000,-1.000000,-1.000000
36.30,-2.119673,1.127722,0.805861,0.023514,0.010221,0.019827,0.999475,0.000617883,-0.0251571,-0.0393466,0.424611,-0.542901,0.554187,-0.466734,553.450000,68.650000,553.550000,178.150000,764.050000,68.500000,764.600000,183.450000,-1.000000,-1.000000
36.40,-2.115208,1.127945,0.807443,0.024009,0.010012,0.019761,0.999466,0.000617883,-0.0251571,-0.0393466,0.424611,-0.542901,0.554187,-0.466734,551.750000,70.350000,553.400000,178.300000,765.800000,69.300000,764.600000,183.700000,-1.000000,-1.000000
36.50,-2.111224,1.127859,0.808155,0.020839,0.009541,0.020912,0.999519,0.000617883,-0.0251571,-0.0393466,0.424611,-0.542901,0.554187,-0.466734,550.250000,72.000000,553.250000,178.300000,766.950000,70.200000,764.800000,184.100000,-1.000000,-1.000000
36.60,-2.107409,1.128139,0.808553,0.018253,0.008653,0.021439,0.999566,0.000617883,-0.0251571,-0.0393466,0.424611,-0.542901,0.554187,-0.466734,549.200000,74.150000,552.700000,178.300000,768.100000,70.900000,764.900000,184.350000,-1.000000,-1.000000
36.70,-2.104095,1.128824,0.809385,0.020398,0.004119,0.020858,0.999566,0.000617883,-0.0251571,-0.0393466,0.424611,-0.542901,0.554187,-0.466734,548.400000,75.600000,551.750000,178.550000,768.900000,72.000000,764.700000,184.900000,-1.000000,-1.000000
36.80,-2.101579,1.129488,0.810200,0.020932,0.003517,0.021625,0.999541,0.000617883,-0.0251571,-0.0393466,0.424611,-0.542901,0.554187,-0.466734,547.900000,76.600000,551.150000,178.650000,769.600000,72.600000,764.650000,185.250000,-1.000000,-1.000000
36.90,-2.099471,1.130216,0.810812,0.022066,0.007898,0.021285,0.999499,0.000617883,-0.0251571,-0.0393466,0.424611,-0.542901,0.554187,-0.466734,547.450000,77.400000,550.550000,178.700000,770.200000,73.350000,764.150000,185.250000,-1.000000,-1.000000
37.00,-2.097720,1.130701,0.812828,0.017664,0.003207,0.021172,0.999615,0.000617883,-0.0251571,-0.0393466,0.424611,-0.542901,0.554187,-0.466734,546.950000,78.300000,550.200000,179.000000,770.750000,74.000000,763.800000,185.450000,-1.000000,-1.000000
37.10,-2.097173,1.131671,0.813217,0.021625,0.004675,0.022057,0.999512,0.000617883,-0.0251571,-0.0393466,0.424611,-0.542901,0.554187,-0.466734,546.900000,78.550000,550.300000,178.850000,771.050000,74.850000,763.400000,185.300000,-1.000000,-1.000000
37.20,-2.096838,1.132809,0.814472,0.023451,0.005061,0.021483,0.999481,0.000617883,-0.0251571,-0.0393466,0.424611,-0.542901,0.554187,-0.466734,546.950000,78.400000,550.550000,179.100000,770.450000,75.500000,762.700000,185.200000,-1.000000,-1.000000
37.30,-2.097051,1.133031,0.816564,0.017784,0.002565,0.020276,0.999633,0.000617883,-0.0251571,-0.0393466,0.424611,-0.542901,0.554187,-0.466734,546.750000,78.350000,550.950000,179.150000,769.850000,75.900000,762.300000,185.150000,-1.000000,-1.000000
37.40,-2.098467,1.133616,0.817206,0.021473,0.004226,0.021771,0.999523,0.000617883,-0.0251571,-0.0393466,0.424611,-0.542901,0.554187,-0.466734,546.650000,78.000000,551.850000,179.150000,769.000000,76.050000,761.850000,184.650000,-1.000000,-1.000000
37.50,-2.100188,1.134070,0.818921,0.017981,0.003024,0.019365,0.999646,0.000617883,-0.0251571,-0.0393466,0.424611,-0.542901,0.554187,-0.466734,546.600000,77.800000,552.450000,178.950000,768.300000,76.350000,761.600000,184.400000,-1.000000,-1.000000
37.60,-2.101731,1.134662,0.820455,0.018678,0.005519,0.020633,0.999597,0.000617883,-0.0251571,-0.0393466,0.424611,-0.542901,0.554187,-0.466734,546.600000,77.150000,553.000000,179.050000,767.150000,77.250000,761.700000,184.450000,-1.000000,-1.000000
37.70,-2.105298,1.136110,0.820967,0.021810,0.007924,0.020761,0.999515,0.000617883,-0.0251571,-0.0393466,0.424611,-0.542901,0.554187,-0.466734,546.850000,76.800000,553.300000,178.650000,766.200000,77.400000,761.500000,184.250000,-1.000000,-1.000000
37.80,-2.108194,1.137053,0.821964,0.024392,0.007575,0.019749,0.999479,0.000617883,-0.0251571,-0.0393466,0.424611,-0.542901,0.554187,-0.466734,547.950000,76.100000,553.700000,178.350000,765.450000,76.850000,762.100000,183.900000,-1.000000,-1.000000
37.90,-2.111265,1.137544,0.822059,0.022315,0.009088,0.020228,0.999505,0.000617883,-0.0251571,-0.0393466,0.424611,-0.542901,0.554187,-0.466734,548.850000,74.300000,554.150000,177.750000,765.000000,75.100000,762.250000,182.750000,-1.000000,-1.000000
38.00,-2.113860,1.138383,0.822585,0.019767,0.008679,0.021007,0.999546,0.000617883,-0.0251571,-0.0393466,0.424611,-0.542901,0.554187,-0.466734,550.050000,73.450000,554.400000,177.650000,764.500000,74.050000,762.750000,182.350000,-1.000000,-1.000000
38.10,-2.116277,1.139602,0.822549,0.021107,0.010139,0.020966,0.999506,0.000617883,-0.0251571,-0.0393466,0.424611,-0.542901,0.554187,-0.466734,550.250000,72.500000,554.050000,177.800000,764.450000,73.400000,763.100000,182.350000,-1.000000,-1.000000
38.20,-2.117860,1.139966,0.822262,0.021687,0.009933,0.020411,0.999507,0.000617883,-0.0251571,-0.0393466,0.424611,-0.542901,0.554187,-0.466734,550.400000,71.000000,553.650000,177.900000,764.650000,72.800000,763.550000,182.300000,-1.000000,-1.000000
38.30,-2.118814,1.140525,0.821778,0.021436,0.011408,0.020668,0.999491,0.000617883,-0.0251571,-0.0393466,0.424611,-0.542901,0.554187,-0.466734,550.000000,69.250000,552.950000,177.450000,764.800000,71.950000,763.800000,182.100000,-1.000000,-1.000000
38.40,-2.119240,1.141200,0.821121,0.021138,0.011361,0.022224,0.999465,0.000617883,-0.0251571,-0.0393466,0.424611,-0.542901,0.554187,-0.466734,548.600000,65.900000,552.050000,177.250000,764.600000,71.500000,763.650000,182.000000,-1.000000,-1.000000
38.50,-2.118929,1.141787,0.820462,0.023467,0.012475,0.021098,0.999424,0.000617883,-0.0251571,-0.0393466,0.424611,-0.542901,0.554187,-0.466734,547.600000,62.100000,551.050000,176.650000,764.050000,70.750000,763.150000,181.450000,-1.000000,-1.000000
38.60,-2.117626,1.142281,0.820436,0.023421,0.012485,0.021412,0.999418,0.000617883,-0.0251571,-0.0393466,0.424611,-0.542901,0.554187,-0.466734,546.250000,57.300000,550.000000,176.800000,764.000000,69.850000,762.400000,181.350000,-1.000000,-1.000000
38.70,-2.115822,1.141957,0.820554,0.023625,0.009241,0.020013,0.999478,0.000617883,-0.0251571,-0.0393466,0.424611,-0.542901,0.554187,-0.466734,544.600000,53.000000,548.950000,177.300000,763.950000,68.650000,761.900000,181.350000,-1.000000,-1.000000
38.80,-2.113955,1.142004,0.819913,0.023583,0.010276,0.019779,0.999473,0.000617883,-0.0251571,-0.0393466,0.424611,-0.542901,0.554187,-0.466734,543.650000,49.400000,548.400000,177.600000,763.900000,67.500000,761.650000,181.350000,-1.000000,-1.000000
38.90,-2.110846,1.141183,0.819746,0.022885,0.005950,0.021124,0.999497,0.000617883,-0.0251571,-0.0393466,0.424611,-0.542901,0.554187,-0.466734,544.050000,45.050000,548.500000,177.800000,764.150000,65.200000,761.800000,180.850000,-1.000000,-1.000000
39.00,-2.108966,1.140500,0.817960,0.022529,0.006891,0.021763,0.999486,0.000617883,-0.0251571,-0.0393466,0.424611,-0.542901,0.554187,-0.466734,544.300000,41.650000,548.600000,177.700000,764.100000,63.450000,761.800000,180.150000,-1.000000,-1.000000
39.10,-2.106328,1.139092,0.816992,0.021995,0.004851,0.021312,0.999519,0.000617883,-0.0251571,-0.0393466,0.424611,-0.542901,0.554187,-0.466734,544.500000,38.150000,548.700000,176.900000,763.300000,62.200000,762.100000,178.800000,-1.000000,-1.000000
39.20,-2.104378,1.138054,0.815883,0.020999,0.007218,0.021150,0.999530,0.000617883,-0.0251571,-0.0393466,0.424611,-0.542901,0.554187,-0.466734,544.550000,35.750000,549.400000,176.450000,762.350000,61.700000,762.250000,177.300000,-1.000000,-1.000000
39.30,-2.101535,1.136436,0.814180,0.019990,0.004812,0.021395,0.999560,0.000617883,-0.0251571,-0.0393466,0.424611,-0.542901,0.554187,-0.466734,544.650000,34.250000,550.100000,175.950000,761.400000,62.000000,762.600000,176.450000,-1.000000,-1.000000
39.40,-2.099674,1.135353,0.812420,0.023002,0.008152,0.020344,0.999495,0.000617883,-0.0251571,-0.0393466,0.424611,-0.542901,0.554187,-0.466734,545.400000,33.450000,551.150000,175.200000,760.850000,63.100000,763.000000,176.000000,-1.000000,-1.000000
39.50,-2.097688,1.134311,0.810275,0.024191,0.007812,0.021185,0.999452,0.000617883,-0.0251571,-0.0393466,0.424611,-0.542901,0.554187,-0.466734,546.300000,33.350000,551.800000,174.550000,760.300000,64.500000,763.450000,175.750000,-1.000000,-1.000000
39.60,-2.095766,1.133377,0.808019,0.020495,0.004895,0.021713,0.999542,0.000617883,-0.0251571,-0.0393466,0.424611,-0.542901,0.554187,-0.466734,546.850000,33.400000,552.400000,173.200000,759.300000,65.500000,764.250000,175.150000,-1.000000,-1.000000
39.70,-2.094597,1.132886,0.805251,0.020636,0.007062,0.019949,0.999563,0.000617883,-0.0251571,-0.0393466,0.424611,-0.542901,0.554187,-0.466734,547.150000,34.650000,552.750000,172.500000,757.800000,66.800000,764.650000,175.300000,-1.000000,-1.000000
39.80,-2.093683,1.132492,0.802010,0.020620,0.004943,0.021067,0.999553,0.000617883,-0.0251571,-0.0393466,0.424611,-0.542901,0.554187,-0.466734,547.600000,35.450000,553.000000,171.850000,756.700000,67.350000,764.950000,175.000000,-1.000000,-1.000000
39.90,-2.092863,1.133006,0.800023,0.024650,0.009043,0.020963,0.999435,0.000617883,-0.0251571,-0.0393466,0.424611,-0.542901,0.554187,-0.466734,548.050000,37.400000,553.300000,171.450000,755.850000,68.350000,765.250000,175.250000,-1.000000,-1.000000
40.00,-2.092810,1.133952,0.797151,0.025419,0.006301,0.021438,0.999427,0.000617883,-0.0251571,-0.0393466,0.424611,-0.542901,0.554187,-0.466734,548.300000,39.550000,553.500000,170.800000,755.400000,69.400000,765.500000,175.400000,-1.000000,-1.000000
40.10,-2.092217,1.134726,0.795335,0.026979,0.006177,0.021310,0.999390,0.000617883,-0.0251571,-0.0393466,0.424611,-0.542901,0.554187,-0.466734,548.450000,41.500000,553.550000,169.950000,755.400000,70.250000,765.800000,175.500000,-1.000000,-1.000000
40.20,-2.092056,1.135139,0.794233,0.023748,0.003266,0.021351,0.999485,0.000617883,-0.0251571,-0.0393466,0.424611,-0.542901,0.554187,-0.466734,548.300000,43.600000,553.850000,169.750000,756.100000,71.200000,765.800000,176.100000,-1.000000,-1.000000
40.30,-2.091925,1.135796,0.792931,0.023204,0.005758,0.020175,0.999511,0.000617883,-0.0251571,-0.0393466,0.424611,-0.542901,0.554187,-0.466734,548.950000,46.000000,554.000000,169.650000,757.750000,71.000000,765.950000,176.900000,-1.000000,-1.000000
40.40,-2.091851,1.137159,0.792506,0.025624,0.007790,0.021659,0.999407,0.000617883,-0.0251571,-0.0393466,0.424611,-0.542901,0.554187,-0.466734,549.950000,47.850000,554.100000,169.400000,759.400000,70.450000,765.850000,177.100000,-1.000000,-1.000000
40.50,-2.091240,1.138165,0.793223,0.025718,0.004070,0.019856,0.999464,0.000617883,-0.0251571,-0.0393466,0.424611,-0.542901,0.554187,-0.466734,551.500000,49.150000,553.900000,169.250000,760.850000,69.850000,765.800000,177.250000,-1.000000,-1.000000
40.60,-2.091447,1.140047,0.792986,0.026560,0.005268,0.019806,0.999437,0.000617883,-0.0251571,-0.0393466,0.424611,-0.542901,0.554187,-0.466734,552.400000,50.850000,553.550000,169.400000,762.600000,68.850000,765.700000,177.150000,-1.000000,-1.000000
40.70,-2.091728,1.141636,0.793558,0.026208,0.008416,0.018929,0.999442,0.000617883,-0.0251571,-0.0393466,0.424611,-0.542901,0.554187,-0.466734,553.550000,53.000000,553.350000,170.000000,763.800000,68.200000,765.950000,177.050000,-1.000000,-1.000000
40.80,-2.091583,1.143829,0.794864,0.026533,0.005698,0.018982,0.999451,0.000617883,-0.0251571,-0.0393466,0.424611,-0.542901,0.554187,-0.466734,554.450000,54.200000,553.250000,170.600000,765.700000,65.950000,766.250000,175.800000,-1.000000,-1.000000
40.90,-2.091796,1.146190,0.795364,0.030370,0.007385,0.022053,0.999268,0.000617883,-0.0251571,-0.0393466,0.424611,-0.542901,0.554187,-0.466734,555.200000,55.100000,553.150000,170.900000,767.000000,64.000000,766.650000,174.850000,-1.000000,-1.000000
41.00,-2.091148,1.147915,0.796616,0.028793,0.000588,0.021723,0.999349,0.000617883,-0.0251571,-0.0393466,0.424611,-0.542901,0.554187,-0.466734,556.100000,55.150000,553.350000,171.150000,768.000000,62.150000,767.150000,173.400000,-1.000000,-1.000000
41.10,-2.091684,1.149742,0.796829,0.025588,0.003400,0.023127,0.999399,0.000617883,-0.0251571,-0.0393466,0.424611,-0.542901,0.554187,-0.466734,556.800000,54.450000,553.650000,171.450000,769.250000,59.950000,767.400000,171.400000,-1.000000,-1.000000
41.20,-2.091072,1.151175,0.798538,0.028312,0.005484,0.022114,0.999339,0.000617883,-0.0251571,-0.0393466,0.424611,-0.542901,0.554187,-0.466734,557.200000,53.250000,554.100000,171.450000,770.150000,58.200000,767.800000,169.300000,-1.000000,-1.000000
41.30,-2.091556,1.152993,0.797730,0.031577,0.004286,0.021535,0.999260,0.000617883,-0.0251571,-0.0393466,0.424611,-0.542901,0.554187,-0.466734,558.100000,51.650000,554.550000,172.150000,770.650000,56.800000,768.250000,168.100000,-1.000000,-1.000000
41.40,-2.090857,1.154297,0.797085,0.028725,0.002195,0.020514,0.999374,0.000617883,-0.0251571,-0.0393466,0.424611,-0.542901,0.554187,-0.466734,557.850000,50.950000,554.650000,173.000000,770.450000,56.200000,768.250000,167.500000,-1.000000,-1.000000
41.50,-2.090387,1.156020,0.796664,0.023995,0.001869,0.019388,0.999522,0.000617883,-0.0251571,-0.0393466,0.424611,-0.542901,0.554187,-0.466734,557.250000,50.300000,554.650000,174.000000,770.050000,56.200000,768.500000,167.650000,-1.000000,-1.000000
41.60,-2.089782,1.157808,0.795199,0.030533,0.006322,0.016500,0.999378,0.000617883,-0.0251571,-0.0393466,0.424611,-0.542901,0.554187,-0.466734,556.450000,49.250000,554.650000,175.050000,769.350000,56.650000,768.850000,168.650000,-1.000000,-1.000000
41.70,-2.090198,1.159217,0.792171,0.030590,0.001887,0.016512,0.999394,0.000617883,-0.0251571,-0.0393466,0.424611,-0.542901,0.554187,-0.466734,555.950000,48.150000,554.650000,175.600000,768.900000,56.950000,768.800000,169.750000,-1.000000,-1.000000
41.80,-2.090382,1.160350,0.790177,0.029445,0.006308,0.015888,0.999420,0.000617883,-0.0251571,-0.0393466,0.424611,-0.542901,0.554187,-0.466734,553.950000,48.200000,554.400000,176.400000,768.650000,58.800000,768.550000,172.300000,-1.000000,-1.000000
41.90,-2.090832,1.160522,0.790254,0.027358,0.007490,0.014130,0.999498,0.000617883,-0.0251571,-0.0393466,0.424611,-0.542901,0.554187,-0.466734,551.650000,49.450000,554.000000,177.550000,768.950000,61.050000,767.900000,175.400000,-1.000000,-1.000000
42.00,-2.091395,1.160718,0.791222,0.024912,0.005410,0.014882,0.999564,0.000617883,-0.0251571,-0.0393466,0.424611,-0.542901,0.554187,-0.466734,550.300000,51.350000,553.800000,178.450000,769.100000,63.550000,767.300000,178.150000,-1.000000,-1.000000
42.10,-2.092458,1.160834,0.792218,0.027904,0.004417,0.016276,0.999468,0.000617883,-0.0251571,-0.0393466,0.424611,-0.542901,0.554187,-0.466734,549.300000,54.050000,553.450000,178.900000,769.900000,66.400000,766.700000,180.600000,-1.000000,-1.000000
42.20,-2.093576,1.160606,0.793154,0.024239,0.005724,0.016592,0.999552,0.000617883,-0.0251571,-0.0393466,0.424611,-0.542901,0.554187,-0.466734,548.550000,57.050000,553.200000,179.150000,770.350000,68.500000,766.150000,182.950000,-1.000000,-1.000000
42.30,-2.095054,1.160142,0.795205,0.022989,0.005632,0.017420,0.999568,0.000617883,-0.0251571,-0.0393466,0.424611,-0.542901,0.554187,-0.466734,548.800000,61.300000,552.650000,179.300000,771.050000,71.550000,765.100000,185.500000,-1.000000,-1.000000
42.40,-2.097501,1.160378,0.798221,0.022473,0.002768,0.017948,0.999582,0.000617883,-0.0251571,-0.0393466,0.424611,-0.542901,0.554187,-0.466734,548.950000,65.400000,551.550000,179.400000,771.450000,73.800000,763.800000,187.850000,-1.000000,-1.000000
42.50,-2.099912,1.160724,0.801287,0.025232,0.006415,0.017522,0.999507,0.000617883,-0.0251571,-0.0393466,0.424611,-0.542901,0.554187,-0.466734,548.800000,68.450000,550.750000,179.400000,771.900000,75.550000,762.800000,189.600000,-1.000000,-1.000000
42.60,-2.102256,1.161631,0.804123,0.024706,0.008145,0.017424,0.999510,0.000617883,-0.0251571,-0.0393466,0.424611,-0.542901,0.554187,-0.466734,549.500000,71.300000,549.800000,179.850000,771.700000,76.950000,761.800000,191.350000,-1.000000,-1.000000
42.70,-2.105231,1.163411,0.805568,0.029328,0.009833,0.019729,0.999327,0.000617883,-0.0251571,-0.0393466,0.424611,-0.542901,0.554187,-0.466734,549.900000,73.300000,549.300000,180.600000,771.050000,78.400000,761.000000,192.250000,-1.000000,-1.000000
42.80,-2.106476,1.164281,0.807536,0.028660,0.006908,0.018785,0.999389,0.000617883,-0.0251571,-0.0393466,0.424611,-0.542901,0.554187,-0.466734,549.350000,74.650000,548.800000,181.000000,770.200000,79.000000,760.550000,192.500000,-1.000000,-1.000000
42.90,-2.108665,1.165511,0.808835,0.030694,0.010588,0.021534,0.999241,0.000617883,-0.0251571,-0.0393466,0.424611,-0.542901,0.554187,-0.466734,548.900000,75.850000,548.200000,181.200000,769.450000,79.500000,760.100000,192.550000,-1.000000,-1.000000
43.00,-2.109877,1.165508,0.809826,0.028007,0.008667,0.021865,0.999331,0.000617883,-0.0251571,-0.0393466,0.424611,-0.542901,0.554187,-0.466734,549.050000,76.700000,548.200000,181.800000,769.050000,79.750000,759.600000,192.550000,-1.000000,-1.000000
43.10,-2.110848,1.164780,0.811205,0.025455,0.004447,0.021269,0.999440,0.000617883,-0.0251571,-0.0393466,0.424611,-0.542901,0.554187,-0.466734,549.650000,77.100000,547.700000,182.100000,768.800000,80.100000,759.350000,192.550000,-1.000000,-1.000000
43.20,-2.112128,1.164141,0.811850,0.028297,0.004402,0.023557,0.999312,0.000617883,-0.0251571,-0.0393466,0.424611,-0.542901,0.554187,-0.466734,550.500000,77.300000,547.650000,182.700000,768.450000,80.500000,758.950000,192.450000,-1.000000,-1.000000
43.30,-2.114013,1.162680,0.813054,0.024759,0.001222,0.022778,0.999433,0.000617883,-0.0251571,-0.0393466,0.424611,-0.542901,0.554187,-0.466734,550.700000,75.950000,547.650000,183.100000,768.200000,80.200000,758.750000,192.400000,-1.000000,-1.000000
43.40,-2.115708,1.161017,0.814469,0.024436,0.002213,0.022829,0.999438,0.000617883,-0.0251571,-0.0393466,0.424611,-0.542901,0.554187,-0.466734,549.450000,73.700000,547.450000,183.200000,768.300000,80.050000,758.200000,192.550000,-1.000000,-1.000000
