0.000000,-3.140968,-1.135368,0.878694,0.006445,0.010853,0.019961,0.999721,0.020684,-0.007660,-0.040508,0.429629,-0.567489,0.532357,-0.458226,-1.000000,-1.000000,85.500000,212.000000,140.000000,48.500000,325.000000,211.500000,220.000000,75.000000
0.100000,-3.140823,-1.135859,0.873461,0.003971,0.006577,0.020344,0.999764,0.020684,-0.007660,-0.040508,0.429629,-0.567489,0.532357,-0.458226,-1.000000,-1.000000,85.250000,211.250000,139.500000,48.000000,325.000000,211.000000,220.000000,74.000000
0.200000,-3.140156,-1.137015,0.869021,0.001715,0.005647,0.022156,0.999737,0.020684,-0.007660,-0.040508,0.429629,-0.567489,0.532357,-0.458226,-1.000000,-1.000000,85.350000,210.500000,138.700000,47.500000,325.150000,210.200000,219.850000,72.850000
0.300000,-3.139151,-1.138144,0.865445,0.002543,0.006678,0.018603,0.999801,0.020684,-0.007660,-0.040508,0.429629,-0.567489,0.532357,-0.458226,-1.000000,-1.000000,85.200000,209.150000,137.300000,46.500000,325.350000,208.800000,219.650000,71.150000
0.400000,-3.136645,-1.140062,0.863491,0.004826,0.009198,0.017294,0.999797,0.020684,-0.007660,-0.040508,0.429629,-0.567489,0.532357,-0.458226,-1.000000,-1.000000,85.000000,208.300000,135.800000,46.000000,325.500000,207.800000,219.200000,69.500000
0.500000,-3.134688,-1.141619,0.861749,0.004449,0.004478,0.018164,0.999815,0.020684,-0.007660,-0.040508,0.429629,-0.567489,0.532357,-0.458226,-1.000000,-1.000000,84.500000,207.800000,135.000000,45.800000,325.800000,207.700000,218.800000,68.300000
0.600000,-3.131880,-1.143659,0.861587,0.000217,0.001576,0.018866,0.999821,0.020684,-0.007660,-0.040508,0.429629,-0.567489,0.532357,-0.458226,-1.000000,-1.000000,84.000000,207.700000,134.300000,46.000000,326.300000,208.000000,218.300000,67.000000
0.700000,-3.127795,-1.146421,0.862774,-0.003180,0.004834,0.018315,0.999816,0.020684,-0.007660,-0.040508,0.429629,-0.567489,0.532357,-0.458226,-1.000000,-1.000000,83.200000,207.300000,133.700000,46.000000,326.800000,208.500000,217.700000,66.000000
0.800000,-3.124720,-1.148609,0.863692,-0.001428,0.002817,0.019333,0.999808,0.020684,-0.007660,-0.040508,0.429629,-0.567489,0.532357,-0.458226,-1.000000,-1.000000,82.300000,207.200000,132.700000,46.200000,327.200000,208.800000,216.700000,65.300000
0.900000,-3.122313,-1.149396,0.865901,-0.000928,0.002598,0.019106,0.999814,0.020684,-0.007660,-0.040508,0.429629,-0.567489,0.532357,-0.458226,-1.000000,-1.000000,81.200000,207.200000,131.200000,46.700000,327.300000,209.200000,215.000000,65.200000
1.000000,-3.119803,-1.150063,0.868246,0.000355,0.002778,0.017910,0.999836,0.020684,-0.007660,-0.040508,0.429629,-0.567489,0.532357,-0.458226,-1.000000,-1.000000,80.300000,207.300000,129.700000,47.500000,327.700000,209.500000,213.700000,65.700000
1.100000,-3.118112,-1.150742,0.871321,0.001370,0.004604,0.018544,0.999816,0.020684,-0.007660,-0.040508,0.429629,-0.567489,0.532357,-0.458226,-1.000000,-1.000000,79.700000,207.500000,128.300000,48.300000,327.800000,210.000000,212.800000,66.500000
1.200000,-3.116596,-1.151504,0.873628,-0.002070,0.001739,0.017494,0.999843,0.020684,-0.007660,-0.040508,0.429629,-0.567489,0.532357,-0.458226,-1.000000,-1.000000,79.300000,207.500000,126.800000,49.500000,327.700000,210.800000,212.200000,67.700000
1.300000,-3.114890,-1.152381,0.875384,-0.000334,0.003689,0.020185,0.999789,0.020684,-0.007660,-0.040508,0.429629,-0.567489,0.532357,-0.458226,-1.000000,-1.000000,79.200000,207.500000,125.500000,50.300000,327.300000,211.300000,211.500000,68.700000
1.400000,-3.114375,-1.152728,0.877010,-0.000105,0.005966,0.017664,0.999826,0.020684,-0.007660,-0.040508,0.429629,-0.567489,0.532357,-0.458226,-1.000000,-1.000000,79.000000,207.500000,123.700000,51.700000,327.000000,212.000000,210.200000,69.800000
1.500000,-3.113676,-1.152924,0.878727,-0.000160,0.003981,0.018094,0.999828,0.020684,-0.007660,-0.040508,0.429629,-0.567489,0.532357,-0.458226,-1.000000,-1.000000,79.000000,207.700000,122.000000,53.000000,327.000000,212.300000,209.500000,70.800000
1.600000,-3.113193,-1.153107,0.880406,0.001624,0.006128,0.019235,0.999795,0.020684,-0.007660,-0.040508,0.429629,-0.567489,0.532357,-0.458226,-1.000000,-1.000000,79.000000,207.800000,120.000000,54.300000,327.000000,213.000000,209.000000,72.000000
1.700000,-3.112829,-1.153070,0.882263,0.000571,0.003791,0.018999,0.999812,0.020684,-0.007660,-0.040508,0.429629,-0.567489,0.532357,-0.458226,-1.000000,-1.000000,79.000000,208.000000,118.500000,55.200000,327.200000,213.500000,208.700000,72.700000
1.800000,-3.112005,-1.153520,0.884355,0.002177,0.004450,0.018917,0.999809,0.020684,-0.007660,-0.040508,0.429629,-0.567489,0.532357,-0.458226,-1.000000,-1.000000,79.000000,208.000000,117.300000,55.700000,327.300000,214.200000,208.000000,73.000000
1.900000,-3.110819,-1.154064,0.887196,0.002000,0.005220,0.021353,0.999756,0.020684,-0.007660,-0.040508,0.429629,-0.567489,0.532357,-0.458226,-1.000000,-1.000000,79.000000,208.300000,116.300000,56.200000,327.500000,215.000000,206.700000,73.300000
2.000000,-3.110941,-1.154481,0.888558,0.000154,0.004057,0.020037,0.999791,0.020684,-0.007660,-0.040508,0.429629,-0.567489,0.532357,-0.458226,-1.000000,-1.000000,78.800000,208.700000,115.300000,56.500000,327.700000,215.700000,205.200000,73.300000
2.100000,-3.110586,-1.154832,0.890580,0.001635,0.003986,0.021246,0.999765,0.020684,-0.007660,-0.040508,0.429629,-0.567489,0.532357,-0.458226,-1.000000,-1.000000,78.500000,209.000000,114.700000,56.300000,327.800000,215.800000,203.700000,73.200000
2.200000,-3.110593,-1.155023,0.893209,0.002654,0.006662,0.021844,0.999736,0.020684,-0.007660,-0.040508,0.429629,-0.567489,0.532357,-0.458226,-1.000000,-1.000000,78.200000,209.000000,114.200000,56.200000,327.700000,215.700000,201.800000,72.500000
2.300000,-3.110379,-1.155473,0.895411,0.002404,0.005146,0.022834,0.999723,0.020684,-0.007660,-0.040508,0.429629,-0.567489,0.532357,-0.458226,-1.000000,-1.000000,78.000000,209.200000,114.000000,56.300000,327.200000,215.500000,200.200000,72.300000
2.400000,-3.110390,-1.156397,0.897598,0.001965,0.006665,0.020276,0.999770,0.020684,-0.007660,-0.040508,0.429629,-0.567489,0.532357,-0.458226,-1.000000,-1.000000,78.300000,209.500000,114.000000,57.000000,326.500000,215.800000,198.000000,72.300000
2.500000,-3.110470,-1.157030,0.899457,0.000563,0.006294,0.017797,0.999822,0.020684,-0.007660,-0.040508,0.429629,-0.567489,0.532357,-0.458226,-1.000000,-1.000000,78.700000,209.800000,114.300000,57.800000,326.200000,216.500000,196.200000,72.800000
2.600000,-3.110460,-1.157795,0.900675,0.000782,0.007170,0.018226,0.999808,0.020684,-0.007660,-0.040508,0.429629,-0.567489,0.532357,-0.458226,-1.000000,-1.000000,79.000000,210.000000,114.500000,58.300000,326.000000,217.200000,194.300000,73.300000
2.700000,-3.110369,-1.158460,0.902271,-0.000874,0.007602,0.017644,0.999815,0.020684,-0.007660,-0.040508,0.429629,-0.567489,0.532357,-0.458226,-1.000000,-1.000000,79.500000,210.300000,115.000000,58.700000,325.700000,218.200000,193.000000,74.200000
2.800000,-3.109998,-1.159346,0.903395,-0.003585,0.006606,0.017893,0.999812,0.020684,-0.007660,-0.040508,0.429629,-0.567489,0.532357,-0.458226,-1.000000,-1.000000,80.300000,210.700000,115.700000,58.800000,324.800000,219.000000,193.000000,75.700000
2.900000,-3.110069,-1.159134,0.904355,-0.000132,0.006525,0.017803,0.999820,0.020684,-0.007660,-0.040508,0.429629,-0.567489,0.532357,-0.458226,-1.000000,-1.000000,81.300000,211.200000,116.300000,59.000000,323.800000,220.200000,193.300000,77.700000
3.000000,-3.109461,-1.158684,0.905300,0.000409,0.006219,0.018743,0.999805,0.020684,-0.007660,-0.040508,0.429629,-0.567489,0.532357,-0.458226,-1.000000,-1.000000,82.300000,211.500000,117.300000,59.000000,323.200000,221.000000,195.300000,79.700000
3.100000,-3.109173,-1.157740,0.907043,-0.000328,0.004020,0.017119,0.999845,0.020684,-0.007660,-0.040508,0.429629,-0.567489,0.532357,-0.458226,-1.000000,-1.000000,83.700000,211.800000,118.800000,59.200000,322.800000,221.700000,197.200000,81.300000
3.200000,-3.108442,-1.157199,0.907135,0.001456,0.005230,0.017425,0.999833,0.020684,-0.007660,-0.040508,0.429629,-0.567489,0.532357,-0.458226,-1.000000,-1.000000,85.500000,212.200000,121.300000,59.800000,322.300000,222.300000,200.200000,83.300000
3.300000,-3.107592,-1.156077,0.907890,0.000157,0.004070,0.020176,0.999788,0.020684,-0.007660,-0.040508,0.429629,-0.567489,0.532357,-0.458226,-1.000000,-1.000000,87.200000,212.200000,123.300000,60.300000,322.000000,222.700000,202.700000,85.000000
3.400000,-3.108120,-1.155252,0.906571,0.000882,0.006235,0.019217,0.999795,0.020684,-0.007660,-0.040508,0.429629,-0.567489,0.532357,-0.458226,-1.000000,-1.000000,89.300000,212.200000,125.000000,60.700000,321.800000,222.800000,205.800000,86.200000
3.500000,-3.107168,-1.154622,0.907361,0.007356,0.009745,0.017674,0.999769,0.020684,-0.007660,-0.040508,0.429629,-0.567489,0.532357,-0.458226,-1.000000,-1.000000,91.300000,211.800000,125.700000,60.200000,322.300000,222.500000,208.800000,86.300000
3.600000,-3.106782,-1.154348,0.906000,0.004932,0.007216,0.020514,0.999751,0.020684,-0.007660,-0.040508,0.429629,-0.567489,0.532357,-0.458226,-1.000000,-1.000000,93.300000,211.700000,125.800000,59.700000,322.700000,221.800000,211.700000,86.500000
3.700000,-3.106122,-1.154083,0.905083,0.004056,0.005781,0.020528,0.999764,0.020684,-0.007660,-0.040508,0.429629,-0.567489,0.532357,-0.458226,-1.000000,-1.000000,95.500000,211.300000,125.700000,59.500000,323.300000,221.000000,214.700000,86.700000
3.800000,-3.104959,-1.154098,0.902689,0.002466,0.005199,0.019460,0.999794,0.020684,-0.007660,-0.040508,0.429629,-0.567489,0.532357,-0.458226,-1.000000,-1.000000,97.200000,211.200000,125.700000,59.700000,323.800000,220.300000,216.700000,86.800000
3.900000,-3.103437,-1.154323,0.900665,0.004149,0.007372,0.021806,0.999726,0.020684,-0.007660,-0.040508,0.429629,-0.567489,0.532357,-0.458226,-1.000000,-1.000000,99.200000,210.700000,125.700000,60.200000,324.200000,219.300000,219.200000,86.800000
4.000000,-3.102369,-1.154451,0.898775,0.003973,0.004831,0.020417,0.999772,0.020684,-0.007660,-0.040508,0.429629,-0.567489,0.532357,-0.458226,-1.000000,-1.000000,100.300000,210.300000,125.700000,60.200000,324.000000,218.000000,221.300000,86.500000
4.100000,-3.100952,-1.154791,0.896203,0.005921,0.004546,0.021970,0.999731,0.020684,-0.007660,-0.040508,0.429629,-0.567489,0.532357,-0.458226,-1.000000,-1.000000,102.000000,209.800000,124.800000,59.800000,323.700000,216.300000,224.000000,86.300000
4.200000,-3.100473,-1.154560,0.894154,0.002602,0.003819,0.019641,0.999796,0.020684,-0.007660,-0.040508,0.429629,-0.567489,0.532357,-0.458226,-1.000000,-1.000000,103.700000,209.500000,123.800000,59.000000,323.500000,214.700000,225.800000,86.500000
4.300000,-3.099671,-1.154822,0.891418,0.005116,0.006934,0.019880,0.999765,0.020684,-0.007660,-0.040508,0.429629,-0.567489,0.532357,-0.458226,-1.000000,-1.000000,105.200000,209.200000,122.800000,58.200000,323.700000,213.300000,227.200000,87.000000
4.400000,-3.097974,-1.156053,0.889213,0.002826,0.006167,0.019317,0.999790,0.020684,-0.007660,-0.040508,0.429629,-0.567489,0.532357,-0.458226,-1.000000,-1.000000,107.000000,208.700000,122.500000,57.200000,323.800000,211.800000,228.800000,87.700000
4.500000,-3.097904,-1.156423,0.886975,0.002771,0.007627,0.019714,0.999773,0.020684,-0.007660,-0.040508,0.429629,-0.567489,0.532357,-0.458226,-1.000000,-1.000000,108.700000,208.200000,122.700000,56.300000,323.700000,210.500000,230.700000,88.200000
4.600000,-3.096917,-1.157294,0.885824,-0.001015,0.004813,0.019158,0.999804,0.020684,-0.007660,-0.040508,0.429629,-0.567489,0.532357,-0.458226,-1.000000,-1.000000,110.300000,207.500000,123.000000,55.200000,323.200000,209.300000,232.300000,88.300000
4.700000,-3.098076,-1.157963,0.883045,0.002528,0.006677,0.018540,0.999803,0.020684,-0.007660,-0.040508,0.429629,-0.567489,0.532357,-0.458226,-1.000000,-1.000000,111.800000,206.700000,123.800000,54.000000,322.300000,208.000000,234.000000,88.500000
4.800000,-3.098510,-1.158626,0.881541,0.003737,0.008572,0.017230,0.999808,0.020684,-0.007660,-0.040508,0.429629,-0.567489,0.532357,-0.458226,-1.000000,-1.000000,112.800000,206.000000,124.700000,52.800000,321.800000,207.200000,235.300000,88.800000
4.900000,-3.098028,-1.159713,0.879632,0.002476,0.007587,0.018973,0.999788,0.020684,-0.007660,-0.040508,0.429629,-0.567489,0.532357,-0.458226,-1.000000,-1.000000,114.200000,205.000000,125.800000,51.800000,321.500000,206.300000,237.200000,89.700000
5.000000,-3.097827,-1.161038,0.878557,0.003236,0.008100,0.018329,0.999794,0.020684,-0.007660,-0.040508,0.429629,-0.567489,0.532357,-0.458226,-1.000000,-1.000000,115.000000,204.500000,126.500000,51.200000,321.700000,206.200000,238.500000,90.500000
5.100000,-3.096920,-1.162261,0.876986,0.003177,0.006441,0.020222,0.999770,0.020684,-0.007660,-0.040508,0.429629,-0.567489,0.532357,-0.458226,-1.000000,-1.000000,116.200000,204.000000,127.300000,50.700000,322.000000,206.000000,240.200000,91.300000
5.200000,-3.096444,-1.163386,0.876531,0.002067,0.010329,0.019027,0.999763,0.020684,-0.007660,-0.040508,0.429629,-0.567489,0.532357,-0.458226,-1.000000,-1.000000,117.200000,203.800000,127.700000,51.200000,322.700000,206.000000,242.200000,92.000000
5.300000,-3.095859,-1.164923,0.875630,0.004006,0.006906,0.020862,0.999750,0.020684,-0.007660,-0.040508,0.429629,-0.567489,0.532357,-0.458226,-1.000000,-1.000000,118.200000,203.500000,128.300000,52.300000,323.300000,206.200000,244.700000,92.500000
5.400000,-3.095001,-1.166791,0.876533,0.002990,0.008520,0.021308,0.999732,0.020684,-0.007660,-0.040508,0.429629,-0.567489,0.532357,-0.458226,-1.000000,-1.000000,119.300000,203.200000,128.500000,54.000000,323.800000,206.300000,247.000000,92.800000
5.500000,-3.094621,-1.167969,0.877594,0.002239,0.006010,0.021720,0.999744,0.020684,-0.007660,-0.040508,0.429629,-0.567489,0.532357,-0.458226,-1.000000,-1.000000,120.300000,203.000000,128.800000,56.000000,324.000000,206.700000,249.200000,93.200000
5.600000,-3.093485,-1.169904,0.879660,0.001806,0.005971,0.023558,0.999703,0.020684,-0.007660,-0.040508,0.429629,-0.567489,0.532357,-0.458226,-1.000000,-1.000000,121.500000,203.000000,129.000000,58.300000,324.000000,206.800000,250.700000,93.500000
5.700000,-3.093084,-1.171647,0.881886,0.002981,0.006961,0.021268,0.999745,0.020684,-0.007660,-0.040508,0.429629,-0.567489,0.532357,-0.458226,-1.000000,-1.000000,122.500000,203.200000,129.300000,62.500000,323.700000,207.500000,252.500000,94.200000
5.800000,-3.093022,-1.172797,0.883352,-0.000088,0.006109,0.020647,0.999768,0.020684,-0.007660,-0.040508,0.429629,-0.567489,0.532357,-0.458226,-1.000000,-1.000000,123.300000,203.500000,129.700000,66.300000,323.200000,208.000000,254.200000,95.000000
5.900000,-3.092973,-1.174171,0.884320,-0.001885,0.005530,0.021763,0.999746,0.020684,-0.007660,-0.040508,0.429629,-0.567489,0.532357,-0.458226,-1.000000,-1.000000,124.700000,203.800000,130.300000,70.500000,322.300000,209.000000,257.500000,96.200000
6.000000,-3.092800,-1.175150,0.884910,-0.003010,0.004531,0.022747,0.999726,0.020684,-0.007660,-0.040508,0.429629,-0.567489,0.532357,-0.458226,-1.000000,-1.000000,125.800000,204.000000,131.200000,72.700000,321.300000,209.800000,260.500000,97.000000
6.100000,-3.093906,-1.174520,0.886470,-0.003333,0.007089,0.020115,0.999767,0.020684,-0.007660,-0.040508,0.429629,-0.567489,0.532357,-0.458226,-1.000000,-1.000000,127.000000,204.200000,132.000000,74.500000,320.500000,210.800000,263.200000,97.700000
6.200000,-3.094331,-1.173758,0.887852,-0.001862,0.005485,0.022370,0.999733,0.020684,-0.007660,-0.040508,0.429629,-0.567489,0.532357,-0.458226,-1.000000,-1.000000,127.800000,204.300000,132.700000,75.000000,319.800000,211.700000,265.500000,98.000000
6.300000,-3.094846,-1.172277,0.889658,0.001952,0.003381,0.023697,0.999712,0.020684,-0.007660,-0.040508,0.429629,-0.567489,0.532357,-0.458226,-1.000000,-1.000000,128.800000,204.700000,133.200000,75.000000,319.500000,212.200000,268.300000,98.500000
6.400000,-3.095973,-1.170074,0.890589,0.006217,0.006830,0.021500,0.999726,0.020684,-0.007660,-0.040508,0.429629,-0.567489,0.532357,-0.458226,-1.000000,-1.000000,130.300000,204.700000,133.300000,74.500000,319.200000,212.500000,271.300000,99.200000
6.500000,-3.096916,-1.168974,0.890859,0.004003,0.004016,0.023376,0.999711,0.020684,-0.007660,-0.040508,0.429629,-0.567489,0.532357,-0.458226,-1.000000,-1.000000,131.800000,204.700000,133.300000,74.000000,319.000000,212.500000,273.300000,99.700000
6.600000,-3.098133,-1.168151,0.890365,0.005062,0.008931,0.022846,0.999686,0.020684,-0.007660,-0.040508,0.429629,-0.567489,0.532357,-0.458226,-1.000000,-1.000000,133.700000,204.700000,133.300000,72.700000,319.000000,212.300000,276.000000,100.000000
6.700000,-3.098374,-1.168033,0.890900,0.005186,0.009438,0.022800,0.999682,0.020684,-0.007660,-0.040508,0.429629,-0.567489,0.532357,-0.458226,-1.000000,-1.000000,135.000000,204.800000,133.700000,71.000000,319.300000,211.800000,278.700000,100.200000
6.800000,-3.098048,-1.168437,0.891100,0.005607,0.010212,0.022709,0.999674,0.020684,-0.007660,-0.040508,0.429629,-0.567489,0.532357,-0.458226,-1.000000,-1.000000,136.000000,205.200000,133.800000,69.000000,319.700000,211.200000,281.500000,100.500000
6.900000,-3.096887,-1.169345,0.891115,0.003550,0.007296,0.020083,0.999765,0.020684,-0.007660,-0.040508,0.429629,-0.567489,0.532357,-0.458226,-1.000000,-1.000000,137.200000,205.200000,134.500000,66.800000,320.300000,210.300000,283.300000,101.200000
7.000000,-3.094776,-1.171631,0.891410,0.002853,0.007007,0.021134,0.999748,0.020684,-0.007660,-0.040508,0.429629,-0.567489,0.532357,-0.458226,-1.000000,-1.000000,138.000000,205.000000,134.800000,64.500000,320.700000,209.700000,284.500000,102.000000
7.100000,-3.092272,-1.173925,0.891459,0.001785,0.006317,0.020211,0.999774,0.020684,-0.007660,-0.040508,0.429629,-0.567489,0.532357,-0.458226,-1.000000,-1.000000,139.000000,205.000000,134.500000,62.300000,321.200000,209.300000,285.000000,103.200000
7.200000,-3.089868,-1.176722,0.892128,-0.001805,0.004870,0.019796,0.999791,0.020684,-0.007660,-0.040508,0.429629,-0.567489,0.532357,-0.458226,-1.000000,-1.000000,139.200000,205.000000,133.300000,60.700000,321.300000,209.300000,285.200000,104.300000
7.300000,-3.086544,-1.179308,0.893259,-0.003024,0.003615,0.021859,0.999750,0.020684,-0.007660,-0.040508,0.429629,-0.567489,0.532357,-0.458226,-1.000000,-1.000000,139.800000,205.200000,131.800000,59.700000,321.300000,209.200000,284.700000,105.700000
7.400000,-3.085346,-1.181668,0.892810,-0.000772,0.005190,0.020968,0.999766,0.020684,-0.007660,-0.040508,0.429629,-0.567489,0.532357,-0.458226,-1.000000,-1.000000,140.200000,205.000000,130.300000,58.700000,321.200000,208.800000,284.200000,106.800000
7.500000,-3.083458,-1.183351,0.892934,-0.000841,0.002487,0.021080,0.999774,0.020684,-0.007660,-0.040508,0.429629,-0.567489,0.532357,-0.458226,-1.000000,-1.000000,140.700000,205.000000,128.800000,58.200000,321.000000,208.500000,283.500000,108.000000
7.600000,-3.081279,-1.184854,0.892725,0.001638,0.002321,0.021927,0.999756,0.020684,-0.007660,-0.040508,0.429629,-0.567489,0.532357,-0.458226,-1.000000,-1.000000,141.000000,205.200000,127.200000,57.800000,320.500000,208.800000,283.300000,109.000000
7.700000,-3.080579,-1.186153,0.891429,0.001450,0.004389,0.020745,0.999774,0.020684,-0.007660,-0.040508,0.429629,-0.567489,0.532357,-0.458226,-1.000000,-1.000000,141.700000,205.200000,126.200000,57.800000,319.500000,209.200000,283.300000,110.000000
7.800000,-3.079482,-1.187450,0.891135,0.002828,0.006545,0.020790,0.999758,0.020684,-0.007660,-0.040508,0.429629,-0.567489,0.532357,-0.458226,-1.000000,-1.000000,142.300000,204.800000,125.300000,58.000000,318.300000,209.700000,283.200000,110.800000
7.900000,-3.078395,-1.189602,0.889805,0.002828,0.003481,0.022528,0.999736,0.020684,-0.007660,-0.040508,0.429629,-0.567489,0.532357,-0.458226,-1.000000,-1.000000,143.200000,204.300000,124.700000,57.800000,316.800000,210.200000,283.200000,111.300000
8.000000,-3.077831,-1.191008,0.888640,0.000136,0.002759,0.022033,0.999753,0.020684,-0.007660,-0.040508,0.429629,-0.567489,0.532357,-0.458226,-1.000000,-1.000000,143.800000,204.000000,123.800000,57.700000,315.800000,210.700000,283.000000,111.700000
8.100000,-3.077359,-1.192936,0.887657,0.001224,0.004158,0.022389,0.999740,0.020684,-0.007660,-0.040508,0.429629,-0.567489,0.532357,-0.458226,-1.000000,-1.000000,144.700000,204.000000,122.800000,57.800000,314.000000,211.200000,282.700000,111.700000
8.200000,-3.076856,-1.194333,0.886290,0.000467,0.004119,0.021803,0.999754,0.020684,-0.007660,-0.040508,0.429629,-0.567489,0.532357,-0.458226,-1.000000,-1.000000,145.200000,203.800000,121.800000,58.300000,312.700000,211.500000,282.200000,111.700000
8.300000,-3.077214,-1.195464,0.885282,0.002207,0.005358,0.020774,0.999767,0.020684,-0.007660,-0.040508,0.429629,-0.567489,0.532357,-0.458226,-1.000000,-1.000000,145.700000,203.700000,120.800000,59.000000,311.000000,211.700000,281.500000,111.200000
8.400000,-3.077173,-1.196348,0.883859,-0.000199,0.005406,0.021313,0.999758,0.020684,-0.007660,-0.040508,0.429629,-0.567489,0.532357,-0.458226,-1.000000,-1.000000,146.000000,203.500000,119.700000,59.700000,309.800000,211.300000,281.300000,110.500000
8.500000,-3.077747,-1.197241,0.882840,-0.001765,0.007700,0.021600,0.999735,0.020684,-0.007660,-0.040508,0.429629,-0.567489,0.532357,-0.458226,-1.000000,-1.000000,146.500000,203.300000,118.500000,60.000000,308.700000,210.500000,281.200000,109.300000
8.600000,-3.077852,-1.197388,0.883542,-0.000751,0.009844,0.021593,0.999718,0.020684,-0.007660,-0.040508,0.429629,-0.567489,0.532357,-0.458226,-1.000000,-1.000000,147.200000,203.200000,117.200000,60.300000,307.700000,208.800000,280.700000,107.800000
8.700000,-3.077426,-1.197105,0.886348,-0.002482,0.007394,0.021086,0.999747,0.020684,-0.007660,-0.040508,0.429629,-0.567489,0.532357,-0.458226,-1.000000,-1.000000,148.200000,203.000000,116.000000,60.700000,306.800000,207.200000,280.000000,106.800000
8.800000,-3.076588,-1.195942,0.889488,0.002865,0.005705,0.021132,0.999756,0.020684,-0.007660,-0.040508,0.429629,-0.567489,0.532357,-0.458226,-1.000000,-1.000000,149.200000,203.300000,115.000000,61.500000,306.300000,205.300000,279.500000,106.500000
8.900000,-3.075392,-1.195217,0.892120,0.004730,0.012454,0.020970,0.999691,0.020684,-0.007660,-0.040508,0.429629,-0.567489,0.532357,-0.458226,-1.000000,-1.000000,150.300000,203.800000,113.700000,63.200000,306.200000,204.000000,280.200000,107.200000
9.000000,-3.072216,-1.195148,0.895215,0.005791,0.014124,0.022556,0.999629,0.020684,-0.007660,-0.040508,0.429629,-0.567489,0.532357,-0.458226,-1.000000,-1.000000,151.300000,204.800000,112.500000,64.700000,306.300000,202.800000,281.200000,108.200000
9.100000,-3.069667,-1.195040,0.898621,0.000742,0.015763,0.020635,0.999663,0.020684,-0.007660,-0.040508,0.429629,-0.567489,0.532357,-0.458226,-1.000000,-1.000000,152.300000,205.700000,111.500000,65.800000,306.300000,202.200000,282.200000,109.500000
9.200000,-3.063762,-1.195791,0.902309,0.000606,0.010492,0.021115,0.999722,0.020684,-0.007660,-0.040508,0.429629,-0.567489,0.532357,-0.458226,-1.000000,-1.000000,153.300000,206.700000,111.200000,66.000000,306.300000,202.000000,282.500000,110.800000
9.300000,-3.059310,-1.196300,0.904206,0.002935,0.009556,0.022724,0.999692,0.020684,-0.007660,-0.040508,0.429629,-0.567489,0.532357,-0.458226,-1.000000,-1.000000,154.200000,207.200000,111.200000,65.800000,306.200000,202.000000,282.700000,111.700000
9.400000,-3.053962,-1.197067,0.905866,0.002219,0.008295,0.020879,0.999745,0.020684,-0.007660,-0.040508,0.429629,-0.567489,0.532357,-0.458226,-1.000000,-1.000000,155.000000,207.500000,111.800000,65.700000,306.000000,202.200000,282.800000,112.800000
9.500000,-3.047439,-1.197482,0.906968,0.004683,0.009921,0.018807,0.999763,0.020684,-0.007660,-0.040508,0.429629,-0.567489,0.532357,-0.458226,-1.000000,-1.000000,155.800000,207.700000,112.800000,65.300000,305.700000,202.800000,282.800000,114.500000
9.600000,-3.040997,-1.198198,0.904694,0.002135,0.005823,0.022608,0.999725,0.020684,-0.007660,-0.040508,0.429629,-0.567489,0.532357,-0.458226,-1.000000,-1.000000,156.800000,207.800000,114.200000,64.800000,305.300000,204.200000,282.800000,116.500000
9.700000,-3.035491,-1.198739,0.901941,0.001877,0.006828,0.021103,0.999752,0.020684,-0.007660,-0.040508,0.429629,-0.567489,0.532357,-0.458226,-1.000000,-1.000000,158.000000,207.800000,115.200000,64.300000,305.200000,205.700000,283.200000,117.800000
9.800000,-3.029430,-1.199569,0.898666,0.000631,0.009531,0.022139,0.999709,0.020684,-0.007660,-0.040508,0.429629,-0.567489,0.532357,-0.458226,-1.000000,-1.000000,158.800000,207.700000,116.000000,63.800000,305.200000,206.800000,283.800000,118.300000
9.900000,-3.023961,-1.199953,0.895252,0.001410,0.008545,0.021950,0.999722,0.020684,-0.007660,-0.040508,0.429629,-0.567489,0.532357,-0.458226,-1.000000,-1.000000,159.700000,207.200000,116.700000,63.300000,305.300000,208.000000,284.500000,118.800000
10.000000,-3.019071,-1.200872,0.891013,0.006073,0.010603,0.022109,0.999681,0.020684,-0.007660,-0.040508,0.429629,-0.567489,0.532357,-0.458226,-1.000000,-1.000000,160.700000,206.700000,117.000000,62.700000,305.700000,209.000000,284.700000,119.200000
10.100000,-3.012852,-1.202126,0.885238,0.004994,0.014850,0.019811,0.999681,0.020684,-0.007660,-0.040508,0.429629,-0.567489,0.532357,-0.458226,-1.000000,-1.000000,162.000000,205.800000,117.300000,61.800000,306.500000,210.200000,284.700000,119.300000
10.200000,-3.005828,-1.204106,0.880196,0.004623,0.012847,0.022182,0.999661,0.020684,-0.007660,-0.040508,0.429629,-0.567489,0.532357,-0.458226,-1.000000,-1.000000,163.300000,205.200000,117.200000,61.200000,307.500000,211.000000,284.300000,119.000000
10.300000,-2.998332,-1.205974,0.876367,0.003739,0.014183,0.020671,0.999679,0.020684,-0.007660,-0.040508,0.429629,-0.567489,0.532357,-0.458226,-1.000000,-1.000000,164.500000,204.300000,117.200000,60.300000,308.800000,211.700000,284.000000,118.700000
10.400000,-2.989160,-1.208989,0.873504,0.002003,0.011786,0.020976,0.999709,0.020684,-0.007660,-0.040508,0.429629,-0.567489,0.532357,-0.458226,-1.000000,-1.000000,165.500000,203.300000,116.500000,59.000000,310.000000,212.000000,283.000000,118.200000
10.500000,-2.979903,-1.211654,0.873290,-0.002200,0.007150,0.023121,0.999705,0.020684,-0.007660,-0.040508,0.429629,-0.567489,0.532357,-0.458226,-1.000000,-1.000000,166.200000,202.300000,115.700000,57.700000,311.200000,212.000000,281.800000,117.800000
10.600000,-2.970871,-1.213549,0.875395,-0.001923,0.007299,0.022532,0.999718,0.020684,-0.007660,-0.040508,0.429629,-0.567489,0.532357,-0.458226,-1.000000,-1.000000,166.700000,201.500000,114.300000,56.700000,311.800000,212.300000,280.200000,117.500000
10.700000,-2.962442,-1.215059,0.878551,-0.001065,0.006123,0.020880,0.999763,0.020684,-0.007660,-0.040508,0.429629,-0.567489,0.532357,-0.458226,-1.000000,-1.000000,167.000000,201.000000,113.000000,56.800000,312.000000,212.800000,278.700000,117.500000
10.800000,-2.954444,-1.216444,0.883173,-0.002131,0.005483,0.021319,0.999755,0.020684,-0.007660,-0.040508,0.429629,-0.567489,0.532357,-0.458226,-1.000000,-1.000000,167.500000,200.700000,112.200000,57.800000,312.200000,213.300000,277.500000,117.500000
10.900000,-2.946514,-1.217454,0.888771,0.000264,0.011171,0.021281,0.999711,0.020684,-0.007660,-0.040508,0.429629,-0.567489,0.532357,-0.458226,-1.000000,-1.000000,167.800000,200.500000,111.300000,59.800000,312.500000,213.700000,276.700000,117.700000
11.000000,-2.938484,-1.218546,0.894800,0.002694,0.010702,0.022793,0.999679,0.020684,-0.007660,-0.040508,0.429629,-0.567489,0.532357,-0.458226,-1.000000,-1.000000,168.200000,200.700000,110.500000,62.200000,312.800000,213.800000,276.200000,117.800000
11.100000,-2.929185,-1.219533,0.903383,-0.000445,0.010509,0.021434,0.999715,0.020684,-0.007660,-0.040508,0.429629,-0.567489,0.532357,-0.458226,-1.000000,-1.000000,168.500000,201.500000,108.700000,65.200000,313.200000,214.300000,275.500000,118.800000
11.200000,-2.919991,-1.220922,0.911058,0.000721,0.006800,0.021704,0.999741,0.020684,-0.007660,-0.040508,0.429629,-0.567489,0.532357,-0.458226,-1.000000,-1.000000,169.000000,202.800000,107.500000,68.200000,313.300000,214.700000,275.200000,120.300000
11.300000,-2.910677,-1.222270,0.917238,0.006276,0.010309,0.021642,0.999693,0.020684,-0.007660,-0.040508,0.429629,-0.567489,0.532357,-0.458226,-1.000000,-1.000000,169.300000,204.300000,106.300000,71.200000,313.700000,215.000000,275.000000,122.200000
11.400000,-2.901730,-1.224367,0.921682,0.000650,0.010339,0.023962,0.999659,0.020684,-0.007660,-0.040508,0.429629,-0.567489,0.532357,-0.458226,-1.000000,-1.000000,169.500000,205.800000,105.500000,73.300000,314.000000,215.300000,275.200000,123.800000
11.500000,-2.891268,-1.227769,0.923578,0.006583,0.011297,0.021649,0.999680,0.020684,-0.007660,-0.040508,0.429629,-0.567489,0.532357,-0.458226,-1.000000,-1.000000,169.500000,207.300000,104.200000,75.000000,314.300000,215.700000,275.300000,125.300000
11.600000,-2.881228,-1.232099,0.922708,0.004368,0.007260,0.021303,0.999737,0.020684,-0.007660,-0.040508,0.429629,-0.567489,0.532357,-0.458226,-1.000000,-1.000000,169.500000,208.800000,102.500000,76.300000,314.700000,216.000000,275.700000,126.800000
11.700000,-2.871552,-1.236712,0.919927,-0.001290,0.007640,0.022677,0.999713,0.020684,-0.007660,-0.040508,0.429629,-0.567489,0.532357,-0.458226,-1.000000,-1.000000,169.200000,209.700000,100.300000,76.700000,315.200000,216.200000,275.700000,127.700000
11.800000,-2.862746,-1.241422,0.916953,-0.002114,0.005871,0.022254,0.999733,0.020684,-0.007660,-0.040508,0.429629,-0.567489,0.532357,-0.458226,-1.000000,-1.000000,168.800000,209.800000,98.000000,76.200000,315.800000,216.300000,275.700000,128.000000
11.900000,-2.852863,-1.246231,0.912801,-0.005166,0.005318,0.022735,0.999714,0.020684,-0.007660,-0.040508,0.429629,-0.567489,0.532357,-0.458226,-1.000000,-1.000000,168.300000,209.500000,94.800000,75.000000,316.800000,216.300000,275.500000,128.000000
12.000000,-2.843718,-1.249544,0.907975,-0.001677,0.006507,0.023206,0.999708,0.020684,-0.007660,-0.040508,0.429629,-0.567489,0.532357,-0.458226,-1.000000,-1.000000,168.000000,208.800000,92.300000,74.000000,317.500000,216.200000,275.300000,127.700000
12.100000,-2.834724,-1.252592,0.902202,0.001266,0.003752,0.025215,0.999674,0.020684,-0.007660,-0.040508,0.429629,-0.567489,0.532357,-0.458226,-1.000000,-1.000000,167.500000,208.000000,89.300000,72.700000,318.700000,215.800000,275.800000,126.700000
12.200000,-2.827447,-1.255450,0.897027,0.000661,0.008397,0.025193,0.999647,0.020684,-0.007660,-0.040508,0.429629,-0.567489,0.532357,-0.458226,-1.000000,-1.000000,167.000000,206.800000,87.500000,71.000000,319.700000,215.200000,276.700000,125.200000
12.300000,-2.818995,-1.259247,0.890657,0.002050,0.011517,0.024395,0.999634,0.020684,-0.007660,-0.040508,0.429629,-0.567489,0.532357,-0.458226,-1.000000,-1.000000,166.700000,205.700000,84.800000,69.500000,320.700000,214.200000,278.000000,123.800000
12.400000,-2.809099,-1.263214,0.884514,0.000276,0.010659,0.023832,0.999659,0.020684,-0.007660,-0.040508,0.429629,-0.567489,0.532357,-0.458226,-1.000000,-1.000000,166.300000,204.500000,82.700000,67.700000,321.500000,212.300000,278.700000,122.700000
12.500000,-2.800043,-1.266804,0.879530,-0.000222,0.010625,0.023653,0.999664,0.020684,-0.007660,-0.040508,0.429629,-0.567489,0.532357,-0.458226,-1.000000,-1.000000,166.300000,203.800000,80.500000,66.300000,321.800000,210.800000,279.000000,121.800000
12.600000,-2.791584,-1.269542,0.875313,0.000849,0.008567,0.023921,0.999677,0.020684,-0.007660,-0.040508,0.429629,-0.567489,0.532357,-0.458226,-1.000000,-1.000000,166.300000,203.000000,79.000000,64.500000,322.700000,208.800000,279.000000,120.700000
12.700000,-2.781890,-1.272413,0.871863,0.002748,0.009220,0.022626,0.999698,0.020684,-0.007660,-0.040508,0.429629,-0.567489,0.532357,-0.458226,-1.000000,-1.000000,166.200000,202.500000,77.700000,63.500000,323.300000,207.300000,279.000000,119.800000
12.800000,-2.772136,-1.274913,0.867143,0.003134,0.010097,0.024538,0.999643,0.020684,-0.007660,-0.040508,0.429629,-0.567489,0.532357,-0.458226,-1.000000,-1.000000,165.800000,201.800000,76.500000,62.500000,324.300000,205.700000,279.200000,119.000000
12.900000,-2.762802,-1.277122,0.863533,0.004031,0.006428,0.021039,0.999750,0.020684,-0.007660,-0.040508,0.429629,-0.567489,0.532357,-0.458226,-1.000000,-1.000000,165.500000,201.500000,76.300000,62.000000,325.500000,204.000000,278.800000,118.500000
13.000000,-2.753912,-1.280087,0.862494,0.008086,0.009270,0.020407,0.999716,0.020684,-0.007660,-0.040508,0.429629,-0.567489,0.532357,-0.458226,-1.000000,-1.000000,165.300000,200.800000,77.000000,61.500000,326.300000,202.800000,278.500000,117.800000
13.100000,-2.745437,-1.284220,0.861775,0.006957,0.013758,0.021259,0.999655,0.020684,-0.007660,-0.040508,0.429629,-0.567489,0.532357,-0.458226,-1.000000,-1.000000,165.000000,199.700000,79.700000,61.200000,328.000000,202.000000,277.800000,117.000000
13.200000,-2.739365,-1.289094,0.861884,-0.000034,0.013271,0.023112,0.999645,0.020684,-0.007660,-0.040508,0.429629,-0.567489,0.532357,-0.458226,-1.000000,-1.000000,164.000000,198.700000,82.500000,61.300000,329.200000,202.000000,277.700000,116.500000
13.300000,-2.731393,-1.295900,0.862843,-0.004121,0.016417,0.022965,0.999593,0.020684,-0.007660,-0.040508,0.429629,-0.567489,0.532357,-0.458226,-1.000000,-1.000000,162.800000,198.200000,85.300000,62.500000,330.300000,202.300000,277.000000,116.500000
13.400000,-2.725660,-1.301112,0.864224,-0.003518,0.014691,0.025134,0.999570,0.020684,-0.007660,-0.040508,0.429629,-0.567489,0.532357,-0.458226,-1.000000,-1.000000,161.200000,198.300000,87.200000,64.700000,330.700000,203.000000,275.800000,117.200000
13.500000,-2.719697,-1.307498,0.866576,-0.000840,0.017649,0.025237,0.999525,0.020684,-0.007660,-0.040508,0.429629,-0.567489,0.532357,-0.458226,-1.000000,-1.000000,160.000000,198.500000,88.700000,67.000000,331.000000,203.800000,274.700000,118.000000
13.600000,-2.713125,-1.314024,0.869452,-0.004919,0.015917,0.025897,0.999526,0.020684,-0.007660,-0.040508,0.429629,-0.567489,0.532357,-0.458226,-1.000000,-1.000000,158.500000,198.500000,90.500000,69.300000,331.300000,205.000000,273.500000,118.700000
13.700000,-2.708155,-1.318992,0.872188,-0.006516,0.020262,0.024624,0.999470,0.020684,-0.007660,-0.040508,0.429629,-0.567489,0.532357,-0.458226,-1.000000,-1.000000,157.300000,198.800000,92.300000,71.200000,331.700000,206.200000,272.700000,119.500000
13.800000,-2.701742,-1.324214,0.873810,-0.005396,0.019346,0.022615,0.999542,0.020684,-0.007660,-0.040508,0.429629,-0.567489,0.532357,-0.458226,-1.000000,-1.000000,156.000000,199.500000,94.200000,72.500000,331.700000,207.500000,271.500000,120.200000
13.900000,-2.696746,-1.327853,0.874795,-0.004690,0.017254,0.020406,0.999632,0.020684,-0.007660,-0.040508,0.429629,-0.567489,0.532357,-0.458226,-1.000000,-1.000000,155.000000,200.500000,95.500000,73.500000,331.800000,208.500000,270.300000,120.800000
14.000000,-2.689526,-1.332752,0.875589,-0.003625,0.012235,0.017637,0.999763,0.020684,-0.007660,-0.040508,0.429629,-0.567489,0.532357,-0.458226,-1.000000,-1.000000,154.500000,201.300000,96.500000,74.000000,332.200000,209.300000,269.300000,121.000000
14.100000,-2.682572,-1.338903,0.874490,-0.000707,0.015365,0.016592,0.999744,0.020684,-0.007660,-0.040508,0.429629,-0.567489,0.532357,-0.458226,-1.000000,-1.000000,154.200000,202.200000,96.800000,74.500000,333.000000,210.000000,268.300000,121.000000
14.200000,-2.675861,-1.345317,0.872609,-0.002356,0.013017,0.017205,0.999764,0.020684,-0.007660,-0.040508,0.429629,-0.567489,0.532357,-0.458226,-1.000000,-1.000000,154.000000,202.800000,96.200000,74.200000,333.500000,210.500000,267.300000,121.000000
14.300000,-2.667382,-1.355372,0.868862,-0.008542,0.012763,0.019968,0.999683,0.020684,-0.007660,-0.040508,0.429629,-0.567489,0.532357,-0.458226,-1.000000,-1.000000,153.500000,203.300000,95.000000,73.500000,333.700000,210.700000,266.200000,120.700000
14.400000,-2.659545,-1.365632,0.864974,-0.009482,0.017579,0.020748,0.999585,0.020684,-0.007660,-0.040508,0.429629,-0.567489,0.532357,-0.458226,-1.000000,-1.000000,152.500000,203.300000,92.800000,72.700000,332.800000,210.800000,263.700000,119.800000
14.500000,-2.650591,-1.375924,0.860753,-0.013225,0.016277,0.023562,0.999502,0.020684,-0.007660,-0.040508,0.429629,-0.567489,0.532357,-0.458226,-1.000000,-1.000000,151.200000,203.200000,90.300000,71.800000,331.800000,210.800000,261.000000,118.800000
14.600000,-2.641628,-1.383817,0.857775,-0.012750,0.010231,0.025135,0.999550,0.020684,-0.007660,-0.040508,0.429629,-0.567489,0.532357,-0.458226,-1.000000,-1.000000,149.000000,202.800000,86.300000,70.700000,330.000000,210.800000,257.000000,117.500000
14.700000,-2.631197,-1.391901,0.854336,-0.011549,0.010095,0.027484,0.999505,0.020684,-0.007660,-0.040508,0.429629,-0.567489,0.532357,-0.458226,-1.000000,-1.000000,146.800000,202.200000,81.800000,69.000000,328.200000,210.700000,253.300000,115.800000
14.800000,-2.623440,-1.396420,0.853549,-0.015026,0.010013,0.028047,0.999444,0.020684,-0.007660,-0.040508,0.429629,-0.567489,0.532357,-0.458226,-1.000000,-1.000000,144.500000,201.200000,77.500000,67.000000,326.000000,210.300000,249.800000,113.800000
14.900000,-2.615612,-1.399514,0.851903,-0.011863,0.011795,0.028823,0.999445,0.020684,-0.007660,-0.040508,0.429629,-0.567489,0.532357,-0.458226,-1.000000,-1.000000,142.300000,199.700000,73.500000,64.300000,324.200000,209.700000,246.800000,111.200000
15.000000,-2.608685,-1.400585,0.850511,-0.005457,0.012174,0.026355,0.999564,0.020684,-0.007660,-0.040508,0.429629,-0.567489,0.532357,-0.458226,-1.000000,-1.000000,140.700000,198.500000,70.700000,62.200000,322.800000,209.200000,244.700000,109.000000
15.100000,-2.602459,-1.400952,0.852129,-0.001772,0.015971,0.023919,0.999585,0.020684,-0.007660,-0.040508,0.429629,-0.567489,0.532357,-0.458226,-1.000000,-1.000000,139.500000,197.000000,67.200000,59.200000,322.000000,208.500000,242.500000,106.300000
15.200000,-2.596989,-1.400900,0.855939,-0.002379,0.014024,0.022872,0.999637,0.020684,-0.007660,-0.040508,0.429629,-0.567489,0.532357,-0.458226,-1.000000,-1.000000,139.200000,196.300000,64.700000,57.700000,321.700000,208.300000,241.300000,104.800000
15.300000,-2.592185,-1.401342,0.861337,-0.000688,0.017244,0.020621,0.999638,0.020684,-0.007660,-0.040508,0.429629,-0.567489,0.532357,-0.458226,-1.000000,-1.000000,139.000000,195.800000,62.000000,56.300000,321.500000,208.000000,240.500000,104.200000
15.400000,-2.588436,-1.402249,0.865357,0.000872,0.014342,0.019491,0.999707,0.020684,-0.007660,-0.040508,0.429629,-0.567489,0.532357,-0.458226,-1.000000,-1.000000,138.800000,196.200000,59.500000,56.800000,321.500000,208.300000,240.000000,104.800000
15.500000,-2.586194,-1.403872,0.867586,0.001119,0.023674,0.021312,0.999492,0.020684,-0.007660,-0.040508,0.429629,-0.567489,0.532357,-0.458226,-1.000000,-1.000000,138.500000,196.300000,56.300000,57.200000,321.500000,208.700000,239.800000,106.000000
15.600000,-2.584198,-1.406323,0.866833,-0.005447,0.021011,0.019765,0.999569,0.020684,-0.007660,-0.040508,0.429629,-0.567489,0.532357,-0.458226,-1.000000,-1.000000,138.000000,196.800000,53.000000,58.000000,321.300000,209.000000,239.500000,107.300000
15.700000,-2.581551,-1.408993,0.866233,-0.005973,0.029008,0.019582,0.999370,0.020684,-0.007660,-0.040508,0.429629,-0.567489,0.532357,-0.458226,-1.000000,-1.000000,137.300000,197.300000,50.000000,58.800000,321.300000,209.000000,239.300000,108.700000
15.800000,-2.578565,-1.411958,0.864539,-0.000813,0.024465,0.020749,0.999485,0.020684,-0.007660,-0.040508,0.429629,-0.567489,0.532357,-0.458226,-1.000000,-1.000000,136.500000,198.000000,46.200000,59.700000,321.000000,209.000000,238.300000,109.800000
15.900000,-2.575028,-1.414773,0.864188,-0.002364,0.023072,0.020901,0.999512,0.020684,-0.007660,-0.040508,0.429629,-0.567489,0.532357,-0.458226,-1.000000,-1.000000,135.500000,198.300000,42.700000,59.500000,320.700000,208.700000,237.300000,110.300000
16.000000,-2.569834,-1.418672,0.866055,-0.010313,0.023929,0.019639,0.999468,0.020684,-0.007660,-0.040508,0.429629,-0.567489,0.532357,-0.458226,-1.000000,-1.000000,134.800000,198.300000,39.700000,58.500000,320.200000,208.200000,236.000000,110.500000
16.100000,-2.566024,-1.421160,0.867177,-0.010903,0.021465,0.020526,0.999499,0.020684,-0.007660,-0.040508,0.429629,-0.567489,0.532357,-0.458226,-1.000000,-1.000000,133.800000,198.700000,38.000000,57.300000,319.700000,207.700000,234.300000,110.700000
16.200000,-2.561835,-1.422884,0.870231,-0.000229,0.017556,0.020155,0.999643,0.020684,-0.007660,-0.040508,0.429629,-0.567489,0.532357,-0.458226,-1.000000,-1.000000,132.800000,199.200000,36.700000,57.200000,319.000000,207.700000,232.700000,111.000000
16.300000,-2.557556,-1.424272,0.872521,-0.004166,0.015945,0.019028,0.999683,0.020684,-0.007660,-0.040508,0.429629,-0.567489,0.532357,-0.458226,-1.000000,-1.000000,131.500000,200.200000,35.500000,57.500000,318.300000,207.800000,230.700000,111.200000
16.400000,-2.552658,-1.425591,0.874495,-0.008978,0.017247,0.018122,0.999647,0.020684,-0.007660,-0.040508,0.429629,-0.567489,0.532357,-0.458226,-1.000000,-1.000000,130.700000,200.700000,34.500000,58.300000,317.800000,208.000000,229.200000,111.200000
16.500000,-2.547647,-1.426174,0.876377,-0.007706,0.017123,0.016369,0.999690,0.020684,-0.007660,-0.040508,0.429629,-0.567489,0.532357,-0.458226,-1.000000,-1.000000,130.000000,201.300000,33.700000,58.800000,317.500000,208.000000,227.800000,111.000000
16.600000,-2.542366,-1.426208,0.876882,-0.004294,0.017319,0.016527,0.999704,0.020684,-0.007660,-0.040508,0.429629,-0.567489,0.532357,-0.458226,-1.000000,-1.000000,129.300000,201.800000,32.700000,60.000000,317.000000,208.000000,226.700000,111.200000
16.700000,-2.536279,-1.426327,0.875423,-0.004186,0.015365,0.017889,0.999713,0.020684,-0.007660,-0.040508,0.429629,-0.567489,0.532357,-0.458226,-1.000000,-1.000000,128.800000,202.500000,31.850000,61.200000,316.500000,208.000000,225.700000,111.000000
16.800000,-2.529886,-1.426149,0.874671,-0.002883,0.016496,0.016250,0.999728,0.020684,-0.007660,-0.040508,0.429629,-0.567489,0.532357,-0.458226,-1.000000,-1.000000,128.500000,202.800000,31.250000,62.000000,316.200000,208.000000,224.700000,110.700000
16.900000,-2.523828,-1.426960,0.872480,-0.001462,0.017866,0.016918,0.999696,0.020684,-0.007660,-0.040508,0.429629,-0.567489,0.532357,-0.458226,-1.000000,-1.000000,128.300000,202.800000,30.900000,62.000000,315.800000,208.000000,223.800000,109.300000
17.000000,-2.515287,-1.428685,0.871444,-0.001552,0.012060,0.017829,0.999767,0.020684,-0.007660,-0.040508,0.429629,-0.567489,0.532357,-0.458226,-1.000000,-1.000000,128.200000,202.700000,30.650000,61.500000,315.800000,208.000000,223.200000,108.200000
17.100000,-2.507051,-1.431174,0.870438,-0.009158,0.012489,0.017543,0.999726,0.020684,-0.007660,-0.040508,0.429629,-0.567489,0.532357,-0.458226,-1.000000,-1.000000,127.800000,202.500000,30.300000,61.300000,315.500000,208.000000,222.000000,106.700000
17.200000,-2.497547,-1.434679,0.867539,-0.012668,0.011844,0.019466,0.999660,0.020684,-0.007660,-0.040508,0.429629,-0.567489,0.532357,-0.458226,-1.000000,-1.000000,126.800000,202.300000,29.550000,61.000000,314.800000,208.000000,220.300000,105.300000
17.300000,-2.489410,-1.437519,0.867494,-0.012751,0.014398,0.017807,0.999656,0.020684,-0.007660,-0.040508,0.429629,-0.567489,0.532357,-0.458226,-1.000000,-1.000000,125.500000,202.200000,28.500000,60.300000,313.800000,208.000000,218.300000,103.800000
17.400000,-2.479513,-1.440161,0.866039,-0.009680,0.012426,0.019027,0.999695,0.020684,-0.007660,-0.040508,0.429629,-0.567489,0.532357,-0.458226,-1.000000,-1.000000,124.000000,201.700000,27.450000,59.300000,313.000000,207.800000,216.700000,102.500000
17.500000,-2.469609,-1.441958,0.866328,-0.007138,0.008415,0.018285,0.999772,0.020684,-0.007660,-0.040508,0.429629,-0.567489,0.532357,-0.458226,-1.000000,-1.000000,123.300000,201.300000,26.550000,58.500000,312.700000,207.700000,215.500000,101.500000
17.600000,-2.460896,-1.443711,0.865624,-0.005936,0.005935,0.018280,0.999798,0.020684,-0.007660,-0.040508,0.429629,-0.567489,0.532357,-0.458226,-1.000000,-1.000000,122.300000,200.700000,25.850000,57.700000,312.300000,207.300000,214.500000,100.700000
17.700000,-2.449293,-1.446329,0.864430,-0.011881,0.001627,0.017266,0.999779,0.020684,-0.007660,-0.040508,0.429629,-0.567489,0.532357,-0.458226,-1.000000,-1.000000,121.300000,200.200000,25.400000,57.200000,312.000000,207.200000,213.700000,100.000000
17.800000,-2.438974,-1.448817,0.863163,-0.008771,0.003412,0.020907,0.999737,0.020684,-0.007660,-0.040508,0.429629,-0.567489,0.532357,-0.458226,-1.000000,-1.000000,119.800000,199.500000,25.000000,56.500000,311.700000,207.000000,212.500000,99.700000
17.900000,-2.430379,-1.451104,0.861234,-0.009293,0.007230,0.020950,0.999711,0.020684,-0.007660,-0.040508,0.429629,-0.567489,0.532357,-0.458226,-1.000000,-1.000000,118.500000,198.800000,24.650000,56.200000,311.500000,206.700000,210.800000,99.300000
18.000000,-2.420363,-1.454517,0.860043,-0.006143,0.005561,0.025468,0.999641,0.020684,-0.007660,-0.040508,0.429629,-0.567489,0.532357,-0.458226,-1.000000,-1.000000,117.000000,198.300000,24.350000,55.700000,311.300000,206.300000,208.800000,99.200000
18.100000,-2.412065,-1.457924,0.860744,-0.010761,0.006066,0.026797,0.999565,0.020684,-0.007660,-0.040508,0.429629,-0.567489,0.532357,-0.458226,-1.000000,-1.000000,115.300000,197.700000,23.900000,55.700000,311.000000,206.300000,206.300000,99.200000
18.200000,-2.405590,-1.460795,0.862596,-0.014134,0.010255,0.027404,0.999472,0.020684,-0.007660,-0.040508,0.429629,-0.567489,0.532357,-0.458226,-1.000000,-1.000000,113.700000,197.300000,23.400000,55.700000,310.300000,206.500000,204.300000,99.200000
18.300000,-2.397567,-1.462960,0.864439,-0.014568,0.010552,0.026227,0.999494,0.020684,-0.007660,-0.040508,0.429629,-0.567489,0.532357,-0.458226,-1.000000,-1.000000,112.200000,197.000000,22.650000,56.000000,309.500000,206.800000,201.500000,99.700000
18.400000,-2.391317,-1.463135,0.865834,-0.012638,0.010487,0.026948,0.999502,0.020684,-0.007660,-0.040508,0.429629,-0.567489,0.532357,-0.458226,-1.000000,-1.000000,110.800000,197.200000,22.050000,56.300000,308.700000,207.200000,199.300000,100.300000
18.500000,-2.384889,-1.461090,0.868597,-0.011392,0.007179,0.023929,0.999623,0.020684,-0.007660,-0.040508,0.429629,-0.567489,0.532357,-0.458226,-1.000000,-1.000000,109.800000,197.300000,21.500000,57.000000,308.200000,207.800000,197.300000,101.300000
18.600000,-2.379415,-1.456937,0.869894,-0.009386,0.008716,0.024995,0.999606,0.020684,-0.007660,-0.040508,0.429629,-0.567489,0.532357,-0.458226,-1.000000,-1.000000,109.000000,197.700000,21.350000,58.200000,308.300000,208.700000,196.200000,102.200000
18.700000,-2.374556,-1.451359,0.871163,-0.004314,0.006186,0.025250,0.999653,0.020684,-0.007660,-0.040508,0.429629,-0.567489,0.532357,-0.458226,-1.000000,-1.000000,108.700000,197.800000,21.300000,59.700000,308.700000,209.300000,195.500000,102.800000
18.800000,-2.369519,-1.443178,0.870268,0.003286,0.009714,0.024882,0.999638,0.020684,-0.007660,-0.040508,0.429629,-0.567489,0.532357,-0.458226,-1.000000,-1.000000,109.000000,198.000000,22.200000,61.500000,309.500000,210.000000,195.500000,103.700000
18.900000,-2.364858,-1.435054,0.869626,0.004673,0.009895,0.023260,0.999670,0.020684,-0.007660,-0.040508,0.429629,-0.567489,0.532357,-0.458226,-1.000000,-1.000000,109.700000,198.000000,23.000000,62.500000,310.300000,210.300000,196.500000,103.800000
19.000000,-2.361128,-1.427879,0.869266,0.003709,0.006938,0.020564,0.999758,0.020684,-0.007660,-0.040508,0.429629,-0.567489,0.532357,-0.458226,-1.000000,-1.000000,110.800000,198.300000,24.500000,63.200000,311.300000,210.700000,197.800000,103.700000
19.100000,-2.357694,-1.420191,0.868449,0.004748,0.012603,0.021349,0.999681,0.020684,-0.007660,-0.040508,0.429629,-0.567489,0.532357,-0.458226,-1.000000,-1.000000,112.000000,198.700000,25.700000,63.300000,312.500000,210.700000,199.500000,103.000000
19.200000,-2.354071,-1.412152,0.869107,0.006970,0.011623,0.021737,0.999672,0.020684,-0.007660,-0.040508,0.429629,-0.567489,0.532357,-0.458226,-1.000000,-1.000000,113.300000,199.000000,27.000000,63.500000,313.300000,210.500000,201.200000,102.300000
19.300000,-2.350236,-1.405984,0.869679,0.005615,0.013125,0.019450,0.999709,0.020684,-0.007660,-0.040508,0.429629,-0.567489,0.532357,-0.458226,-1.000000,-1.000000,115.200000,199.300000,28.200000,63.300000,314.700000,209.800000,203.300000,101.300000
19.400000,-2.346374,-1.402340,0.871040,0.008838,0.012583,0.019098,0.999699,0.020684,-0.007660,-0.040508,0.429629,-0.567489,0.532357,-0.458226,-1.000000,-1.000000,116.700000,199.700000,29.200000,63.200000,315.500000,209.200000,205.200000,100.500000
19.500000,-2.342791,-1.401921,0.874358,0.001466,0.011415,0.023150,0.999666,0.020684,-0.007660,-0.040508,0.429629,-0.567489,0.532357,-0.458226,-1.000000,-1.000000,118.200000,200.300000,30.000000,62.800000,316.500000,208.500000,207.200000,100.000000
19.600000,-2.341006,-1.403392,0.879490,-0.012941,0.015680,0.023707,0.999512,0.020684,-0.007660,-0.040508,0.429629,-0.567489,0.532357,-0.458226,-1.000000,-1.000000,119.000000,200.800000,30.300000,62.700000,317.000000,208.200000,208.700000,100.300000
19.700000,-2.340135,-1.404399,0.883469,-0.006973,0.019901,0.027006,0.999413,0.020684,-0.007660,-0.040508,0.429629,-0.567489,0.532357,-0.458226,-1.000000,-1.000000,119.500000,201.700000,30.500000,62.700000,317.200000,208.000000,209.300000,101.000000
19.800000,-2.338585,-1.404839,0.887853,-0.007242,0.022133,0.025300,0.999409,0.020684,-0.007660,-0.040508,0.429629,-0.567489,0.532357,-0.458226,-1.000000,-1.000000,119.300000,202.800000,30.700000,63.700000,316.800000,208.700000,209.700000,102.800000
19.900000,-2.336240,-1.403928,0.890841,-0.007566,0.018676,0.025354,0.999475,0.020684,-0.007660,-0.040508,0.429629,-0.567489,0.532357,-0.458226,-1.000000,-1.000000,119.000000,204.200000,31.000000,64.800000,316.200000,209.500000,210.200000,105.000000
20.000000,-2.333354,-1.402198,0.893840,-0.008412,0.014663,0.023482,0.999581,0.020684,-0.007660,-0.040508,0.429629,-0.567489,0.532357,-0.458226,-1.000000,-1.000000,119.000000,205.500000,31.300000,66.200000,315.800000,210.800000,211.200000,107.200000
20.100000,-2.330126,-1.399137,0.895896,-0.003571,0.014845,0.025434,0.999560,0.020684,-0.007660,-0.040508,0.429629,-0.567489,0.532357,-0.458226,-1.000000,-1.000000,119.500000,206.200000,31.700000,66.800000,315.800000,211.800000,212.300000,108.800000
20.200000,-2.326665,-1.395473,0.895921,-0.001848,0.016284,0.024448,0.999567,0.020684,-0.007660,-0.040508,0.429629,-0.567489,0.532357,-0.458226,-1.000000,-1.000000,119.800000,206.700000,32.000000,67.700000,315.800000,212.800000,213.300000,110.000000
20.300000,-2.322654,-1.391765,0.894356,0.001537,0.016324,0.024850,0.999557,0.020684,-0.007660,-0.040508,0.429629,-0.567489,0.532357,-0.458226,-1.000000,-1.000000,120.300000,206.700000,32.700000,68.000000,316.200000,213.500000,214.800000,110.800000
20.400000,-2.319255,-1.389316,0.892137,0.000179,0.017102,0.023010,0.999589,0.020684,-0.007660,-0.040508,0.429629,-0.567489,0.532357,-0.458226,-1.000000,-1.000000,121.000000,206.500000,33.500000,67.800000,316.800000,214.200000,216.200000,111.200000
20.500000,-2.315665,-1.387257,0.888211,-0.006626,0.014290,0.023741,0.999594,0.020684,-0.007660,-0.040508,0.429629,-0.567489,0.532357,-0.458226,-1.000000,-1.000000,121.800000,206.200000,34.700000,66.800000,317.700000,214.700000,217.300000,111.300000
20.600000,-2.313168,-1.384715,0.884905,-0.007233,0.017191,0.022878,0.999564,0.020684,-0.007660,-0.040508,0.429629,-0.567489,0.532357,-0.458226,-1.000000,-1.000000,122.200000,205.700000,35.800000,65.200000,318.300000,215.300000,217.800000,111.200000
20.700000,-2.311023,-1.381855,0.882641,-0.006470,0.017773,0.023794,0.999538,0.020684,-0.007660,-0.040508,0.429629,-0.567489,0.532357,-0.458226,-1.000000,-1.000000,122.200000,205.300000,36.700000,63.500000,318.800000,215.700000,218.000000,110.700000
20.800000,-2.308788,-1.378329,0.881114,-0.005544,0.018516,0.022435,0.999561,0.020684,-0.007660,-0.040508,0.429629,-0.567489,0.532357,-0.458226,-1.000000,-1.000000,122.200000,204.700000,37.500000,61.500000,319.700000,216.000000,218.200000,110.200000
20.900000,-2.306408,-1.373891,0.879095,-0.002554,0.017599,0.022014,0.999599,0.020684,-0.007660,-0.040508,0.429629,-0.567489,0.532357,-0.458226,-1.000000,-1.000000,122.500000,204.700000,38.300000,60.000000,320.500000,216.300000,218.700000,110.000000
21.000000,-2.304145,-1.367639,0.877233,-0.003988,0.015642,0.018266,0.999703,0.020684,-0.007660,-0.040508,0.429629,-0.567489,0.532357,-0.458226,-1.000000,-1.000000,122.800000,204.700000,39.300000,58.700000,321.300000,216.300000,219.300000,110.000000
21.100000,-2.301672,-1.361553,0.874086,-0.001419,0.019426,0.016026,0.999682,0.020684,-0.007660,-0.040508,0.429629,-0.567489,0.532357,-0.458226,-1.000000,-1.000000,123.500000,204.700000,40.800000,57.800000,322.500000,216.300000,220.000000,109.300000
21.200000,-2.299041,-1.355931,0.871355,0.002739,0.016259,0.014466,0.999759,0.020684,-0.007660,-0.040508,0.429629,-0.567489,0.532357,-0.458226,-1.000000,-1.000000,124.200000,204.300000,42.700000,57.300000,323.500000,215.800000,220.700000,108.200000
21.300000,-2.295373,-1.349791,0.867057,-0.000630,0.014300,0.014220,0.999796,0.020684,-0.007660,-0.040508,0.429629,-0.567489,0.532357,-0.458226,-1.000000,-1.000000,125.300000,203.800000,46.000000,56.500000,324.800000,215.200000,221.500000,106.300000
21.400000,-2.291266,-1.345499,0.863557,-0.002785,0.013444,0.013000,0.999821,0.020684,-0.007660,-0.040508,0.429629,-0.567489,0.532357,-0.458226,-1.000000,-1.000000,126.200000,203.500000,49.800000,56.000000,325.700000,214.300000,222.300000,104.500000
21.500000,-2.288045,-1.341723,0.858211,-0.004271,0.013550,0.013866,0.999803,0.020684,-0.007660,-0.040508,0.429629,-0.567489,0.532357,-0.458226,-1.000000,-1.000000,127.000000,203.000000,53.700000,55.300000,326.500000,213.500000,223.200000,102.800000
21.600000,-2.283722,-1.338938,0.855756,-0.005502,0.015778,0.014745,0.999752,0.020684,-0.007660,-0.040508,0.429629,-0.567489,0.532357,-0.458226,-1.000000,-1.000000,127.500000,202.500000,56.200000,54.800000,327.000000,212.300000,224.000000,101.000000
21.700000,-2.279931,-1.336520,0.849954,-0.002078,0.012645,0.015732,0.999794,0.020684,-0.007660,-0.040508,0.429629,-0.567489,0.532357,-0.458226,-1.000000,-1.000000,127.800000,202.000000,57.500000,54.300000,327.500000,211.200000,224.700000,99.500000
21.800000,-2.275040,-1.335351,0.845158,-0.001446,0.011470,0.017952,0.999772,0.020684,-0.007660,-0.040508,0.429629,-0.567489,0.532357,-0.458226,-1.000000,-1.000000,128.000000,201.300000,58.700000,54.000000,327.800000,209.200000,225.300000,97.500000
21.900000,-2.271263,-1.335803,0.842306,-0.006431,0.013462,0.021413,0.999659,0.020684,-0.007660,-0.040508,0.429629,-0.567489,0.532357,-0.458226,-1.000000,-1.000000,127.800000,200.300000,59.800000,53.700000,328.000000,207.300000,225.300000,96.000000
22.000000,-2.267039,-1.336967,0.841639,-0.011714,0.015261,0.023902,0.999529,0.020684,-0.007660,-0.040508,0.429629,-0.567489,0.532357,-0.458226,-1.000000,-1.000000,127.700000,199.300000,60.500000,53.300000,327.700000,205.000000,225.300000,94.500000
22.100000,-2.263647,-1.337352,0.842584,-0.012203,0.017309,0.022225,0.999529,0.020684,-0.007660,-0.040508,0.429629,-0.567489,0.532357,-0.458226,-1.000000,-1.000000,127.200000,198.700000,60.200000,53.300000,327.300000,203.300000,224.300000,93.800000
22.200000,-2.259521,-1.336747,0.844940,-0.008666,0.015558,0.018393,0.999672,0.020684,-0.007660,-0.040508,0.429629,-0.567489,0.532357,-0.458226,-1.000000,-1.000000,126.800000,198.500000,59.300000,54.200000,327.000000,202.300000,223.500000,93.700000
22.300000,-2.255017,-1.335766,0.848546,-0.005489,0.013279,0.018947,0.999717,0.020684,-0.007660,-0.040508,0.429629,-0.567489,0.532357,-0.458226,-1.000000,-1.000000,126.500000,198.800000,58.700000,55.700000,327.000000,202.300000,222.500000,94.500000
22.400000,-2.251318,-1.335369,0.850676,-0.008105,0.011776,0.019222,0.999713,0.020684,-0.007660,-0.040508,0.429629,-0.567489,0.532357,-0.458226,-1.000000,-1.000000,126.500000,199.200000,58.700000,57.300000,327.000000,202.700000,222.200000,95.500000
22.500000,-2.246998,-1.334950,0.854098,-0.010322,0.014919,0.021593,0.999602,0.020684,-0.007660,-0.040508,0.429629,-0.567489,0.532357,-0.458226,-1.000000,-1.000000,126.300000,200.000000,58.800000,59.200000,327.000000,203.300000,222.000000,96.700000
22.600000,-2.243906,-1.333580,0.857595,-0.011800,0.014519,0.022520,0.999571,0.020684,-0.007660,-0.040508,0.429629,-0.567489,0.532357,-0.458226,-1.000000,-1.000000,126.000000,200.800000,59.000000,60.800000,326.700000,203.700000,221.800000,97.700000
22.700000,-2.241276,-1.330944,0.860761,-0.006477,0.016855,0.020969,0.999617,0.020684,-0.007660,-0.040508,0.429629,-0.567489,0.532357,-0.458226,-1.000000,-1.000000,125.700000,202.000000,59.000000,62.300000,326.300000,204.000000,221.500000,98.800000
22.800000,-2.237442,-1.326967,0.865381,-0.003658,0.015651,0.019487,0.999681,0.020684,-0.007660,-0.040508,0.429629,-0.567489,0.532357,-0.458226,-1.000000,-1.000000,125.300000,203.500000,59.300000,64.800000,326.000000,204.700000,221.300000,100.500000
22.900000,-2.232413,-1.322603,0.868249,-0.003769,0.015235,0.017880,0.999717,0.020684,-0.007660,-0.040508,0.429629,-0.567489,0.532357,-0.458226,-1.000000,-1.000000,125.700000,205.000000,59.700000,67.200000,326.000000,205.500000,221.800000,102.500000
23.000000,-2.226402,-1.319206,0.870320,-0.000751,0.010100,0.018741,0.999773,0.020684,-0.007660,-0.040508,0.429629,-0.567489,0.532357,-0.458226,-1.000000,-1.000000,126.000000,206.300000,60.300000,70.000000,326.200000,206.500000,223.000000,104.300000
23.100000,-2.219596,-1.316034,0.870485,-0.002760,0.010636,0.018027,0.999777,0.020684,-0.007660,-0.040508,0.429629,-0.567489,0.532357,-0.458226,-1.000000,-1.000000,126.700000,206.800000,61.000000,72.200000,326.700000,207.200000,224.500000,105.700000
23.200000,-2.212498,-1.314155,0.870315,-0.007776,0.008040,0.018306,0.999770,0.020684,-0.007660,-0.040508,0.429629,-0.567489,0.532357,-0.458226,-1.000000,-1.000000,126.700000,207.000000,61.700000,74.000000,327.200000,207.300000,225.800000,106.300000
23.300000,-2.204631,-1.311922,0.869319,-0.007610,0.006896,0.018969,0.999767,0.020684,-0.007660,-0.040508,0.429629,-0.567489,0.532357,-0.458226,-1.000000,-1.000000,126.700000,207.000000,61.500000,75.200000,327.700000,207.700000,227.000000,106.800000
23.400000,-2.197633,-1.309863,0.868644,-0.006516,0.006621,0.020895,0.999739,0.020684,-0.007660,-0.040508,0.429629,-0.567489,0.532357,-0.458226,-1.000000,-1.000000,126.500000,207.000000,60.300000,75.300000,327.800000,207.800000,227.700000,107.300000
23.500000,-2.189728,-1.308364,0.866765,-0.006019,0.010814,0.022940,0.999660,0.020684,-0.007660,-0.040508,0.429629,-0.567489,0.532357,-0.458226,-1.000000,-1.000000,126.500000,206.800000,58.700000,75.200000,328.000000,208.500000,228.000000,107.700000
23.600000,-2.182221,-1.307667,0.864297,-0.007709,0.014578,0.025255,0.999545,0.020684,-0.007660,-0.040508,0.429629,-0.567489,0.532357,-0.458226,-1.000000,-1.000000,126.300000,206.500000,57.200000,74.700000,328.300000,209.200000,228.200000,108.200000
23.700000,-2.174728,-1.307937,0.862100,-0.009135,0.009752,0.023546,0.999633,0.020684,-0.007660,-0.040508,0.429629,-0.567489,0.532357,-0.458226,-1.000000,-1.000000,126.000000,206.000000,56.000000,73.700000,328.700000,209.700000,228.300000,108.300000
23.800000,-2.167498,-1.308579,0.859907,-0.009977,0.004272,0.022701,0.999683,0.020684,-0.007660,-0.040508,0.429629,-0.567489,0.532357,-0.458226,-1.000000,-1.000000,125.300000,205.200000,54.200000,72.300000,329.000000,210.200000,228.200000,108.200000
23.900000,-2.159421,-1.310152,0.857181,-0.010316,0.004686,0.020250,0.999731,0.020684,-0.007660,-0.040508,0.429629,-0.567489,0.532357,-0.458226,-1.000000,-1.000000,124.700000,204.300000,52.000000,71.000000,329.200000,210.200000,227.800000,107.800000
24.000000,-2.149430,-1.312430,0.855310,-0.014632,0.008198,0.020903,0.999641,0.020684,-0.007660,-0.040508,0.429629,-0.567489,0.532357,-0.458226,-1.000000,-1.000000,124.000000,203.000000,49.300000,69.300000,329.300000,210.200000,226.800000,107.000000
24.100000,-2.141739,-1.313899,0.852218,-0.011826,0.005997,0.022845,0.999651,0.020684,-0.007660,-0.040508,0.429629,-0.567489,0.532357,-0.458226,-1.000000,-1.000000,123.300000,202.200000,46.200000,67.800000,329.200000,210.000000,225.700000,106.300000
24.200000,-2.132222,-1.315544,0.851493,-0.013529,0.004050,0.023999,0.999612,0.020684,-0.007660,-0.040508,0.429629,-0.567489,0.532357,-0.458226,-1.000000,-1.000000,122.500000,201.700000,43.500000,66.300000,328.800000,210.000000,224.200000,105.500000
24.300000,-2.122165,-1.316257,0.852717,-0.016642,0.003760,0.022260,0.999607,0.020684,-0.007660,-0.040508,0.429629,-0.567489,0.532357,-0.458226,-1.000000,-1.000000,121.000000,201.800000,40.800000,65.200000,328.300000,209.800000,222.700000,104.700000
24.400000,-2.111223,-1.315848,0.857221,-0.016902,-0.000816,0.022956,0.999593,0.020684,-0.007660,-0.040508,0.429629,-0.567489,0.532357,-0.458226,-1.000000,-1.000000,119.500000,202.200000,39.700000,64.500000,328.000000,209.700000,221.200000,104.000000
24.500000,-2.100964,-1.314083,0.861434,-0.015580,-0.001929,0.024809,0.999569,0.020684,-0.007660,-0.040508,0.429629,-0.567489,0.532357,-0.458226,-1.000000,-1.000000,117.700000,202.800000,38.600000,64.000000,327.200000,209.500000,219.300000,103.500000
24.600000,-2.094449,-1.311835,0.865798,-0.013397,0.002284,0.025466,0.999583,0.020684,-0.007660,-0.040508,0.429629,-0.567489,0.532357,-0.458226,-1.000000,-1.000000,116.200000,203.800000,38.000000,64.200000,326.300000,209.500000,218.000000,103.700000
24.700000,-2.087446,-1.307999,0.870782,-0.014027,0.004788,0.028246,0.999491,0.020684,-0.007660,-0.040508,0.429629,-0.567489,0.532357,-0.458226,-1.000000,-1.000000,114.700000,205.200000,37.450000,64.700000,325.500000,210.000000,217.200000,104.200000
24.800000,-2.082888,-1.304083,0.875040,-0.011510,0.007107,0.025749,0.999577,0.020684,-0.007660,-0.040508,0.429629,-0.567489,0.532357,-0.458226,-1.000000,-1.000000,113.800000,206.800000,37.000000,66.000000,324.800000,211.300000,217.200000,105.300000
24.900000,-2.078120,-1.298721,0.879822,-0.008996,0.005531,0.022650,0.999688,0.020684,-0.007660,-0.040508,0.429629,-0.567489,0.532357,-0.458226,-1.000000,-1.000000,113.300000,208.300000,36.800000,67.300000,324.300000,212.800000,217.800000,106.800000
25.000000,-2.073355,-1.293296,0.884739,-0.007641,0.004847,0.023589,0.999681,0.020684,-0.007660,-0.040508,0.429629,-0.567489,0.532357,-0.458226,-1.000000,-1.000000,113.500000,210.000000,37.100000,68.700000,324.000000,214.300000,218.800000,108.500000
25.100000,-2.069112,-1.287614,0.888570,-0.007054,0.001366,0.023853,0.999690,0.020684,-0.007660,-0.040508,0.429629,-0.567489,0.532357,-0.458226,-1.000000,-1.000000,114.000000,211.200000,37.900000,69.500000,324.200000,215.200000,220.300000,109.800000
25.200000,-2.065340,-1.281845,0.891655,-0.007243,0.007695,0.025244,0.999625,0.020684,-0.007660,-0.040508,0.429629,-0.567489,0.532357,-0.458226,-1.000000,-1.000000,114.700000,212.200000,39.000000,70.500000,324.300000,216.000000,221.300000,111.000000
25.300000,-2.061535,-1.275636,0.893886,-0.007796,0.003842,0.024908,0.999652,0.020684,-0.007660,-0.040508,0.429629,-0.567489,0.532357,-0.458226,-1.000000,-1.000000,115.200000,212.800000,40.000000,71.500000,324.300000,216.700000,222.300000,112.000000
25.400000,-2.057976,-1.268906,0.895137,-0.009532,0.006707,0.025533,0.999606,0.020684,-0.007660,-0.040508,0.429629,-0.567489,0.532357,-0.458226,-1.000000,-1.000000,115.500000,213.300000,40.300000,72.300000,324.000000,217.300000,223.000000,113.000000
25.500000,-2.055948,-1.262357,0.893551,-0.005137,0.008107,0.024343,0.999658,0.020684,-0.007660,-0.040508,0.429629,-0.567489,0.532357,-0.458226,-1.000000,-1.000000,116.300000,213.700000,41.000000,72.300000,323.700000,217.300000,224.500000,113.700000
25.600000,-2.053612,-1.255214,0.892435,-0.005081,0.005175,0.023653,0.999694,0.020684,-0.007660,-0.040508,0.429629,-0.567489,0.532357,-0.458226,-1.000000,-1.000000,117.700000,213.500000,41.300000,71.700000,323.700000,217.000000,226.300000,113.700000
25.700000,-2.052053,-1.247483,0.888966,-0.003856,0.007498,0.022576,0.999710,0.020684,-0.007660,-0.040508,0.429629,-0.567489,0.532357,-0.458226,-1.000000,-1.000000,119.300000,213.000000,41.800000,70.800000,324.000000,216.300000,228.300000,113.300000
25.800000,-2.050636,-1.240794,0.886286,-0.001358,0.009936,0.021424,0.999720,0.020684,-0.007660,-0.040508,0.429629,-0.567489,0.532357,-0.458226,-1.000000,-1.000000,121.000000,212.300000,42.500000,70.200000,325.000000,215.700000,230.200000,112.300000
25.900000,-2.048524,-1.234792,0.883573,-0.000975,0.011062,0.022046,0.999695,0.020684,-0.007660,-0.040508,0.429629,-0.567489,0.532357,-0.458226,-1.000000,-1.000000,122.500000,211.800000,43.200000,69.700000,326.000000,215.000000,232.000000,111.300000
26.000000,-2.046257,-1.229958,0.879647,0.001241,0.007413,0.022081,0.999728,0.020684,-0.007660,-0.040508,0.429629,-0.567489,0.532357,-0.458226,-1.000000,-1.000000,124.300000,211.500000,44.300000,69.000000,327.500000,214.200000,234.000000,109.700000
26.100000,-2.043577,-1.226422,0.875920,-0.001612,0.003467,0.023705,0.999712,0.020684,-0.007660,-0.040508,0.429629,-0.567489,0.532357,-0.458226,-1.000000,-1.000000,126.000000,211.300000,45.300000,68.300000,329.500000,213.500000,236.000000,108.300000
26.200000,-2.042035,-1.222853,0.872329,-0.005216,0.002771,0.021539,0.999751,0.020684,-0.007660,-0.040508,0.429629,-0.567489,0.532357,-0.458226,-1.000000,-1.000000,127.500000,211.000000,46.200000,67.500000,331.500000,212.700000,237.300000,106.700000
26.300000,-2.040265,-1.219273,0.870984,-0.004833,0.007726,0.020397,0.999750,0.020684,-0.007660,-0.040508,0.429629,-0.567489,0.532357,-0.458226,-1.000000,-1.000000,128.200000,210.300000,47.000000,65.800000,333.700000,211.500000,238.300000,104.800000
26.400000,-2.040762,-1.216701,0.869061,-0.002974,0.006030,0.020273,0.999772,0.020684,-0.007660,-0.040508,0.429629,-0.567489,0.532357,-0.458226,-1.000000,-1.000000,128.800000,210.000000,47.700000,64.500000,335.000000,210.700000,238.800000,103.200000
26.500000,-2.041466,-1.214545,0.868294,0.002062,0.009642,0.017944,0.999790,0.020684,-0.007660,-0.040508,0.429629,-0.567489,0.532357,-0.458226,-1.000000,-1.000000,129.200000,210.000000,49.200000,63.300000,337.000000,209.800000,239.800000,101.800000
26.600000,-2.042254,-1.214269,0.867330,0.004170,0.006913,0.019344,0.999780,0.020684,-0.007660,-0.040508,0.429629,-0.567489,0.532357,-0.458226,-1.000000,-1.000000,129.800000,210.700000,50.800000,63.200000,338.500000,209.700000,240.700000,101.300000
26.700000,-2.042749,-1.215128,0.865442,-0.005393,0.008867,0.020630,0.999733,0.020684,-0.007660,-0.040508,0.429629,-0.567489,0.532357,-0.458226,-1.000000,-1.000000,130.300000,211.000000,52.700000,63.000000,340.000000,209.500000,241.300000,100.800000
26.800000,-2.044767,-1.216479,0.861713,-0.004703,0.009546,0.022478,0.999691,0.020684,-0.007660,-0.040508,0.429629,-0.567489,0.532357,-0.458226,-1.000000,-1.000000,131.200000,211.300000,54.000000,62.800000,340.700000,209.500000,241.200000,100.200000
26.900000,-2.045589,-1.218365,0.860728,-0.004939,0.010657,0.022265,0.999683,0.020684,-0.007660,-0.040508,0.429629,-0.567489,0.532357,-0.458226,-1.000000,-1.000000,131.800000,211.200000,54.700000,62.500000,340.800000,209.500000,240.700000,99.200000
27.000000,-2.045333,-1.220024,0.861356,-0.008673,0.009999,0.023758,0.999630,0.020684,-0.007660,-0.040508,0.429629,-0.567489,0.532357,-0.458226,-1.000000,-1.000000,132.500000,211.000000,55.200000,62.200000,339.800000,209.500000,240.000000,98.300000
27.100000,-2.044115,-1.221041,0.862357,-0.007453,0.005545,0.022496,0.999704,0.020684,-0.007660,-0.040508,0.429629,-0.567489,0.532357,-0.458226,-1.000000,-1.000000,133.200000,210.700000,55.700000,62.700000,337.800000,210.200000,239.300000,98.200000
27.200000,-2.042831,-1.221737,0.863775,-0.005423,0.005027,0.022249,0.999725,0.020684,-0.007660,-0.040508,0.429629,-0.567489,0.532357,-0.458226,-1.000000,-1.000000,133.700000,210.300000,56.200000,63.500000,335.500000,211.200000,238.700000,98.300000
27.300000,-2.042145,-1.221539,0.865694,-0.004642,0.004449,0.023038,0.999714,0.020684,-0.007660,-0.040508,0.429629,-0.567489,0.532357,-0.458226,-1.000000,-1.000000,134.200000,210.000000,56.700000,65.000000,333.500000,212.300000,237.800000,98.700000
27.400000,-2.041241,-1.220281,0.868197,-0.004055,0.004780,0.021535,0.999748,0.020684,-0.007660,-0.040508,0.429629,-0.567489,0.532357,-0.458226,-1.000000,-1.000000,134.500000,209.700000,56.800000,66.300000,332.200000,213.200000,237.200000,99.200000
27.500000,-2.040282,-1.218619,0.871827,-0.003365,0.008150,0.023381,0.999688,0.020684,-0.007660,-0.040508,0.429629,-0.567489,0.532357,-0.458226,-1.000000,-1.000000,135.300000,209.300000,57.300000,68.800000,330.700000,213.800000,236.700000,99.700000
27.600000,-2.040848,-1.215957,0.875049,0.001177,0.009367,0.021295,0.999729,0.020684,-0.007660,-0.040508,0.429629,-0.567489,0.532357,-0.458226,-1.000000,-1.000000,136.300000,209.000000,57.300000,72.000000,329.700000,214.800000,236.300000,100.500000
27.700000,-2.040406,-1.213591,0.878545,0.004862,0.009927,0.021866,0.999700,0.020684,-0.007660,-0.040508,0.429629,-0.567489,0.532357,-0.458226,-1.000000,-1.000000,137.200000,208.700000,58.200000,75.700000,329.000000,215.800000,236.200000,101.500000
27.800000,-2.039841,-1.211932,0.882210,0.000432,0.008052,0.021320,0.999740,0.020684,-0.007660,-0.040508,0.429629,-0.567489,0.532357,-0.458226,-1.000000,-1.000000,137.700000,208.500000,58.800000,79.500000,329.000000,217.200000,236.500000,103.200000
27.900000,-2.040587,-1.209958,0.885041,0.003540,0.008982,0.021531,0.999722,0.020684,-0.007660,-0.040508,0.429629,-0.567489,0.532357,-0.458226,-1.000000,-1.000000,137.800000,208.800000,59.800000,83.000000,329.000000,218.300000,237.000000,104.700000
28.000000,-2.040699,-1.208889,0.886624,0.005438,0.010339,0.020914,0.999713,0.020684,-0.007660,-0.040508,0.429629,-0.567489,0.532357,-0.458226,-1.000000,-1.000000,137.800000,209.200000,60.200000,86.500000,329.200000,219.500000,237.800000,106.300000
28.100000,-2.041077,-1.208658,0.885829,0.005649,0.012830,0.021192,0.999677,0.020684,-0.007660,-0.040508,0.429629,-0.567489,0.532357,-0.458226,-1.000000,-1.000000,137.700000,209.500000,60.500000,88.800000,329.500000,220.200000,238.000000,107.500000
28.200000,-2.041355,-1.209599,0.882066,0.004799,0.011031,0.021519,0.999696,0.020684,-0.007660,-0.040508,0.429629,-0.567489,0.532357,-0.458226,-1.000000,-1.000000,137.300000,209.500000,60.800000,90.200000,329.800000,220.200000,238.200000,108.300000
28.300000,-2.040930,-1.211385,0.877296,0.004434,0.013792,0.022102,0.999651,0.020684,-0.007660,-0.040508,0.429629,-0.567489,0.532357,-0.458226,-1.000000,-1.000000,136.500000,209.200000,60.800000,89.800000,330.200000,219.300000,237.700000,107.800000
28.400000,-2.040893,-1.213511,0.870430,0.001117,0.014589,0.023055,0.999627,0.020684,-0.007660,-0.040508,0.429629,-0.567489,0.532357,-0.458226,-1.000000,-1.000000,135.700000,208.700000,60.300000,88.800000,330.500000,218.200000,237.200000,106.700000
28.500000,-2.041291,-1.215731,0.863174,-0.000336,0.008449,0.023137,0.999697,0.020684,-0.007660,-0.040508,0.429629,-0.567489,0.532357,-0.458226,-1.000000,-1.000000,133.800000,207.700000,59.300000,87.200000,330.800000,216.500000,236.300000,104.200000
28.600000,-2.040885,-1.217351,0.858412,-0.002201,0.007918,0.023775,0.999684,0.020684,-0.007660,-0.040508,0.429629,-0.567489,0.532357,-0.458226,-1.000000,-1.000000,132.200000,206.700000,58.200000,85.000000,330.800000,214.800000,235.500000,101.200000
28.700000,-2.040978,-1.218081,0.853712,-0.002276,0.010812,0.023771,0.999656,0.020684,-0.007660,-0.040508,0.429629,-0.567489,0.532357,-0.458226,-1.000000,-1.000000,130.200000,205.500000,57.200000,82.700000,330.500000,213.000000,234.700000,98.200000
28.800000,-2.041700,-1.218032,0.849862,-0.001456,0.008452,0.024468,0.999664,0.020684,-0.007660,-0.040508,0.429629,-0.567489,0.532357,-0.458226,-1.000000,-1.000000,128.800000,204.700000,56.300000,80.000000,330.300000,211.500000,234.200000,95.300000
28.900000,-2.042794,-1.217636,0.847278,-0.000460,0.010524,0.022709,0.999687,0.020684,-0.007660,-0.040508,0.429629,-0.567489,0.532357,-0.458226,-1.000000,-1.000000,127.700000,203.800000,55.800000,78.000000,330.300000,210.500000,233.800000,93.300000
29.000000,-2.043596,-1.217025,0.845614,-0.000798,0.014502,0.022634,0.999638,0.020684,-0.007660,-0.040508,0.429629,-0.567489,0.532357,-0.458226,-1.000000,-1.000000,126.700000,203.300000,56.000000,76.000000,330.800000,210.200000,234.000000,91.300000
29.100000,-2.044977,-1.215917,0.843473,0.001507,0.012331,0.019470,0.999733,0.020684,-0.007660,-0.040508,0.429629,-0.567489,0.532357,-0.458226,-1.000000,-1.000000,126.000000,203.000000,56.300000,74.800000,331.300000,210.500000,234.200000,90.500000
29.200000,-2.045374,-1.214327,0.843102,0.000506,0.012018,0.021184,0.999703,0.020684,-0.007660,-0.040508,0.429629,-0.567489,0.532357,-0.458226,-1.000000,-1.000000,125.500000,202.800000,57.000000,73.500000,332.300000,212.000000,234.700000,89.700000
29.300000,-2.045455,-1.213101,0.843258,-0.000416,0.008932,0.018894,0.999781,0.020684,-0.007660,-0.040508,0.429629,-0.567489,0.532357,-0.458226,-1.000000,-1.000000,125.200000,202.700000,57.800000,72.500000,333.300000,214.700000,235.500000,89.300000
29.400000,-2.045053,-1.210831,0.842894,0.003243,0.013414,0.017743,0.999747,0.020684,-0.007660,-0.040508,0.429629,-0.567489,0.532357,-0.458226,-1.000000,-1.000000,125.000000,202.500000,59.000000,71.500000,334.500000,217.800000,236.800000,89.000000
29.500000,-2.045361,-1.208178,0.843140,0.002663,0.013094,0.017822,0.999752,0.020684,-0.007660,-0.040508,0.429629,-0.567489,0.532357,-0.458226,-1.000000,-1.000000,125.300000,202.700000,60.200000,71.200000,336.000000,221.300000,239.200000,89.000000
29.600000,-2.044303,-1.205324,0.846753,0.000258,0.007663,0.018575,0.999798,0.020684,-0.007660,-0.040508,0.429629,-0.567489,0.532357,-0.458226,-1.000000,-1.000000,126.000000,203.000000,61.000000,71.000000,337.800000,224.300000,241.500000,89.200000
29.700000,-2.043503,-1.202436,0.850783,0.002300,0.008430,0.017532,0.999808,0.020684,-0.007660,-0.040508,0.429629,-0.567489,0.532357,-0.458226,-1.000000,-1.000000,126.700000,203.300000,62.000000,71.200000,340.200000,227.300000,243.700000,89.700000
29.800000,-2.043022,-1.199085,0.857243,0.002358,0.011101,0.017960,0.999774,0.020684,-0.007660,-0.040508,0.429629,-0.567489,0.532357,-0.458226,-1.000000,-1.000000,127.500000,204.200000,63.300000,72.200000,342.700000,229.500000,245.500000,90.700000
29.900000,-2.042219,-1.196472,0.862642,0.003349,0.010479,0.019022,0.999759,0.020684,-0.007660,-0.040508,0.429629,-0.567489,0.532357,-0.458226,-1.000000,-1.000000,128.000000,205.200000,64.300000,73.500000,345.000000,231.200000,247.000000,92.200000
30.000000,-2.041561,-1.194107,0.869031,0.004031,0.010825,0.017026,0.999788,0.020684,-0.007660,-0.040508,0.429629,-0.567489,0.532357,-0.458226,-1.000000,-1.000000,129.000000,206.800000,65.700000,75.500000,347.500000,232.300000,249.000000,94.500000
30.100000,-2.040396,-1.192035,0.876491,0.003293,0.010288,0.018671,0.999767,0.020684,-0.007660,-0.040508,0.429629,-0.567489,0.532357,-0.458226,-1.000000,-1.000000,129.700000,208.500000,66.500000,77.500000,349.300000,233.000000,250.500000,97.200000
30.200000,-2.038851,-1.190137,0.882858,0.004723,0.008831,0.019959,0.999751,0.020684,-0.007660,-0.040508,0.429629,-0.567489,0.532357,-0.458226,-1.000000,-1.000000,130.700000,210.500000,67.500000,79.700000,351.000000,233.300000,251.700000,99.800000
30.300000,-2.037912,-1.188605,0.887804,0.004746,0.008737,0.021155,0.999727,0.020684,-0.007660,-0.040508,0.429629,-0.567489,0.532357,-0.458226,-1.000000,-1.000000,131.300000,212.500000,68.300000,82.300000,352.200000,233.200000,252.500000,103.000000
30.400000,-2.037181,-1.187317,0.890790,0.004820,0.009049,0.018534,0.999776,0.020684,-0.007660,-0.040508,0.429629,-0.567489,0.532357,-0.458226,-1.000000,-1.000000,131.800000,214.200000,68.800000,84.300000,353.300000,232.500000,253.000000,105.700000
30.500000,-2.035598,-1.186329,0.892945,0.005442,0.009550,0.020268,0.999734,0.020684,-0.007660,-0.040508,0.429629,-0.567489,0.532357,-0.458226,-1.000000,-1.000000,132.700000,215.700000,69.500000,86.800000,354.300000,231.500000,253.700000,108.700000
30.600000,-2.033825,-1.185522,0.894907,0.007328,0.008365,0.019820,0.999742,0.020684,-0.007660,-0.040508,0.429629,-0.567489,0.532357,-0.458226,-1.000000,-1.000000,133.500000,216.800000,70.000000,89.000000,354.700000,230.300000,254.000000,110.700000
30.700000,-2.032654,-1.184865,0.892862,0.005612,0.005762,0.018309,0.999800,0.020684,-0.007660,-0.040508,0.429629,-0.567489,0.532357,-0.458226,-1.000000,-1.000000,134.300000,217.700000,70.800000,91.000000,354.700000,229.500000,254.300000,112.300000
30.800000,-2.032079,-1.184986,0.891303,0.007298,0.004279,0.018674,0.999790,0.020684,-0.007660,-0.040508,0.429629,-0.567489,0.532357,-0.458226,-1.000000,-1.000000,134.800000,217.700000,71.300000,92.000000,354.500000,228.300000,254.500000,113.000000
30.900000,-2.031077,-1.185678,0.888006,0.005872,0.005389,0.019046,0.999787,0.020684,-0.007660,-0.040508,0.429629,-0.567489,0.532357,-0.458226,-1.000000,-1.000000,134.800000,217.200000,71.500000,92.000000,354.500000,227.500000,254.500000,113.000000
31.000000,-2.030725,-1.186963,0.884200,0.004463,0.005106,0.017228,0.999829,0.020684,-0.007660,-0.040508,0.429629,-0.567489,0.532357,-0.458226,-1.000000,-1.000000,135.000000,216.300000,71.800000,91.800000,354.300000,226.300000,254.300000,112.700000
31.100000,-2.029948,-1.188083,0.881772,0.002864,0.005418,0.019868,0.999784,0.020684,-0.007660,-0.040508,0.429629,-0.567489,0.532357,-0.458226,-1.000000,-1.000000,134.800000,215.500000,72.500000,91.500000,353.700000,225.800000,253.800000,111.700000
31.200000,-2.031455,-1.189247,0.876575,0.003003,0.001170,0.019795,0.999799,0.020684,-0.007660,-0.040508,0.429629,-0.567489,0.532357,-0.458226,-1.000000,-1.000000,134.800000,214.500000,73.500000,90.800000,352.700000,225.500000,253.000000,110.300000
31.300000,-2.032490,-1.189711,0.872276,0.005618,0.004331,0.017745,0.999817,0.020684,-0.007660,-0.040508,0.429629,-0.567489,0.532357,-0.458226,-1.000000,-1.000000,134.800000,213.700000,74.300000,89.800000,351.700000,225.500000,252.000000,108.700000
31.400000,-2.035022,-1.189853,0.865717,0.006376,0.005659,0.017882,0.999804,0.020684,-0.007660,-0.040508,0.429629,-0.567489,0.532357,-0.458226,-1.000000,-1.000000,134.800000,213.000000,75.300000,88.700000,351.000000,225.200000,251.300000,107.000000
31.500000,-2.036947,-1.190480,0.860508,0.006675,0.006402,0.017793,0.999799,0.020684,-0.007660,-0.040508,0.429629,-0.567489,0.532357,-0.458226,-1.000000,-1.000000,135.000000,212.000000,76.000000,86.500000,350.500000,224.500000,250.800000,104.300000
31.600000,-2.038562,-1.191124,0.857315,0.004976,0.008205,0.016830,0.999812,0.020684,-0.007660,-0.040508,0.429629,-0.567489,0.532357,-0.458226,-1.000000,-1.000000,135.000000,211.000000,76.800000,84.300000,350.000000,223.800000,250.500000,101.700000
31.700000,-2.040283,-1.191990,0.855053,0.004577,0.007396,0.018395,0.999793,0.020684,-0.007660,-0.040508,0.429629,-0.567489,0.532357,-0.458226,-1.000000,-1.000000,135.000000,210.000000,78.000000,82.000000,349.700000,223.200000,250.200000,99.200000
31.800000,-2.041277,-1.192625,0.853382,0.004866,0.007254,0.019576,0.999770,0.020684,-0.007660,-0.040508,0.429629,-0.567489,0.532357,-0.458226,-1.000000,-1.000000,135.000000,209.700000,80.000000,80.800000,348.800000,222.500000,249.800000,97.700000
31.900000,-2.042752,-1.192951,0.851885,0.006093,0.005128,0.018940,0.999789,0.020684,-0.007660,-0.040508,0.429629,-0.567489,0.532357,-0.458226,-1.000000,-1.000000,134.800000,209.500000,82.000000,80.300000,348.200000,221.700000,249.700000,96.700000
32.000000,-2.044173,-1.193488,0.850797,0.006477,0.002563,0.018877,0.999798,0.020684,-0.007660,-0.040508,0.429629,-0.567489,0.532357,-0.458226,-1.000000,-1.000000,134.300000,209.200000,85.300000,80.200000,347.000000,220.300000,249.300000,95.800000
32.100000,-2.046616,-1.194150,0.850832,0.005538,0.006741,0.018355,0.999793,0.020684,-0.007660,-0.040508,0.429629,-0.567489,0.532357,-0.458226,-1.000000,-1.000000,133.800000,208.800000,88.500000,80.000000,346.500000,218.700000,249.300000,95.000000
32.200000,-2.048298,-1.194660,0.851296,0.006969,0.007270,0.018741,0.999774,0.020684,-0.007660,-0.040508,0.429629,-0.567489,0.532357,-0.458226,-1.000000,-1.000000,133.200000,208.700000,92.700000,80.000000,346.000000,216.700000,249.200000,94.200000
32.300000,-2.051023,-1.195027,0.851678,0.006229,0.010484,0.018359,0.999757,0.020684,-0.007660,-0.040508,0.429629,-0.567489,0.532357,-0.458226,-1.000000,-1.000000,132.700000,209.000000,95.700000,80.700000,346.000000,215.000000,249.300000,93.700000
32.400000,-2.052653,-1.195812,0.852857,0.007293,0.008706,0.019063,0.999754,0.020684,-0.007660,-0.040508,0.429629,-0.567489,0.532357,-0.458226,-1.000000,-1.000000,132.000000,209.300000,98.800000,81.700000,346.200000,214.000000,249.300000,93.700000
32.500000,-2.054671,-1.197128,0.852501,0.007121,0.009051,0.019392,0.999746,0.020684,-0.007660,-0.040508,0.429629,-0.567489,0.532357,-0.458226,-1.000000,-1.000000,131.500000,209.800000,102.000000,82.800000,346.300000,213.500000,249.500000,93.800000
32.600000,-2.056415,-1.198416,0.853702,0.006301,0.007806,0.017028,0.999805,0.020684,-0.007660,-0.040508,0.429629,-0.567489,0.532357,-0.458226,-1.000000,-1.000000,130.500000,210.200000,105.500000,83.800000,346.300000,213.500000,249.500000,94.200000
32.700000,-2.057883,-1.199585,0.853986,0.006781,0.009132,0.017791,0.999777,0.020684,-0.007660,-0.040508,0.429629,-0.567489,0.532357,-0.458226,-1.000000,-1.000000,129.700000,210.500000,109.000000,84.700000,346.200000,213.700000,249.500000,94.300000
32.800000,-2.058679,-1.201031,0.854266,0.006459,0.005645,0.018198,0.999798,0.020684,-0.007660,-0.040508,0.429629,-0.567489,0.532357,-0.458226,-1.000000,-1.000000,128.800000,210.800000,111.300000,85.300000,346.000000,214.200000,249.700000,94.700000
32.900000,-2.060134,-1.203286,0.854683,0.007167,0.007630,0.018696,0.999770,0.020684,-0.007660,-0.040508,0.429629,-0.567489,0.532357,-0.458226,-1.000000,-1.000000,128.700000,211.200000,112.700000,85.700000,346.000000,214.800000,249.800000,94.800000
33.000000,-2.060542,-1.205061,0.855236,0.006727,0.007181,0.019638,0.999759,0.020684,-0.007660,-0.040508,0.429629,-0.567489,0.532357,-0.458226,-1.000000,-1.000000,128.200000,211.300000,113.800000,85.800000,346.000000,215.500000,249.800000,95.000000
33.100000,-2.061876,-1.207243,0.854079,0.006907,0.007869,0.020090,0.999743,0.020684,-0.007660,-0.040508,0.429629,-0.567489,0.532357,-0.458226,-1.000000,-1.000000,127.700000,211.300000,114.500000,86.200000,346.000000,216.300000,249.700000,95.300000
33.200000,-2.062208,-1.209055,0.853491,0.005432,0.005620,0.020973,0.999749,0.020684,-0.007660,-0.040508,0.429629,-0.567489,0.532357,-0.458226,-1.000000,-1.000000,127.200000,211.200000,114.800000,86.500000,345.800000,216.800000,249.500000,95.700000
33.300000,-2.062705,-1.210614,0.853522,0.002698,0.005807,0.021534,0.999748,0.020684,-0.007660,-0.040508,0.429629,-0.567489,0.532357,-0.458226,-1.000000,-1.000000,126.800000,211.200000,114.500000,87.200000,345.500000,217.300000,249.500000,96.300000
33.400000,-2.063812,-1.211724,0.853234,0.004193,0.003024,0.019627,0.999794,0.020684,-0.007660,-0.040508,0.429629,-0.567489,0.532357,-0.458226,-1.000000,-1.000000,126.800000,211.000000,114.300000,87.300000,345.200000,217.300000,249.300000,96.700000
33.500000,-2.065217,-1.212318,0.853110,0.003758,0.008166,0.018921,0.999781,0.020684,-0.007660,-0.040508,0.429629,-0.567489,0.532357,-0.458226,-1.000000,-1.000000,126.800000,211.000000,114.300000,87.800000,344.800000,217.500000,248.700000,97.300000
33.600000,-2.065647,-1.212451,0.853584,0.004504,0.008205,0.019173,0.999772,0.020684,-0.007660,-0.040508,0.429629,-0.567489,0.532357,-0.458226,-1.000000,-1.000000,127.200000,211.000000,114.500000,88.300000,344.500000,217.500000,248.200000,98.000000
33.700000,-2.066364,-1.212171,0.855263,0.006539,0.008896,0.020537,0.999728,0.020684,-0.007660,-0.040508,0.429629,-0.567489,0.532357,-0.458226,-1.000000,-1.000000,127.500000,211.000000,114.700000,88.800000,344.200000,217.700000,247.700000,98.800000
33.800000,-2.066352,-1.212318,0.857218,0.005498,0.007159,0.019795,0.999763,0.020684,-0.007660,-0.040508,0.429629,-0.567489,0.532357,-0.458226,-1.000000,-1.000000,128.000000,210.800000,114.700000,89.300000,344.200000,217.800000,247.800000,99.800000
33.900000,-2.064943,-1.212282,0.860140,0.003499,0.007645,0.018980,0.999785,0.020684,-0.007660,-0.040508,0.429629,-0.567489,0.532357,-0.458226,-1.000000,-1.000000,128.300000,211.000000,114.200000,90.000000,344.500000,218.200000,247.700000,100.800000
34.000000,-2.064231,-1.212304,0.862093,0.000822,0.006444,0.018383,0.999810,0.020684,-0.007660,-0.040508,0.429629,-0.567489,0.532357,-0.458226,-1.000000,-1.000000,128.500000,211.200000,113.200000,91.300000,345.000000,218.300000,247.300000,102.500000
34.100000,-2.062733,-1.212240,0.863852,0.003628,0.003195,0.017786,0.999830,0.020684,-0.007660,-0.040508,0.429629,-0.567489,0.532357,-0.458226,-1.000000,-1.000000,128.500000,211.500000,112.200000,92.500000,345.500000,218.500000,246.800000,103.800000
34.200000,-2.061068,-1.211839,0.865396,0.002710,0.006152,0.018224,0.999811,0.020684,-0.007660,-0.040508,0.429629,-0.567489,0.532357,-0.458226,-1.000000,-1.000000,128.300000,211.500000,111.500000,93.700000,345.800000,218.500000,246.000000,105.200000
34.300000,-2.060110,-1.211555,0.864309,0.005043,0.003590,0.017459,0.999828,0.020684,-0.007660,-0.040508,0.429629,-0.567489,0.532357,-0.458226,-1.000000,-1.000000,128.000000,211.500000,111.500000,94.700000,346.000000,218.500000,245.500000,106.000000
34.400000,-2.058852,-1.211498,0.862283,0.004634,0.004301,0.017064,0.999834,0.020684,-0.007660,-0.040508,0.429629,-0.567489,0.532357,-0.458226,-1.000000,-1.000000,127.300000,211.500000,111.500000,95.500000,346.000000,218.500000,244.800000,107.000000
34.500000,-2.058047,-1.211273,0.858749,0.003298,0.003126,0.017677,0.999833,0.020684,-0.007660,-0.040508,0.429629,-0.567489,0.532357,-0.458226,-1.000000,-1.000000,126.500000,211.000000,111.500000,96.000000,346.000000,218.200000,244.300000,107.200000
34.600000,-2.057554,-1.211262,0.854699,0.005827,0.003303,0.019384,0.999790,0.020684,-0.007660,-0.040508,0.429629,-0.567489,0.532357,-0.458226,-1.000000,-1.000000,125.700000,210.300000,111.500000,96.000000,346.000000,217.700000,243.800000,106.800000
34.700000,-2.058396,-1.211713,0.851958,0.003962,0.006264,0.018594,0.999800,0.020684,-0.007660,-0.040508,0.429629,-0.567489,0.532357,-0.458226,-1.000000,-1.000000,124.700000,209.000000,112.000000,95.300000,345.700000,216.700000,243.200000,105.500000
34.800000,-2.058500,-1.213007,0.849208,0.002826,0.008468,0.018215,0.999794,0.020684,-0.007660,-0.040508,0.429629,-0.567489,0.532357,-0.458226,-1.000000,-1.000000,123.800000,208.200000,112.700000,94.300000,345.200000,216.000000,242.300000,104.300000
34.900000,-2.059059,-1.214535,0.846184,0.004079,0.005616,0.017363,0.999825,0.020684,-0.007660,-0.040508,0.429629,-0.567489,0.532357,-0.458226,-1.000000,-1.000000,123.200000,207.200000,114.000000,93.300000,344.200000,215.200000,241.200000,103.000000
35.000000,-2.059203,-1.216251,0.844237,0.001720,0.004927,0.020589,0.999774,0.020684,-0.007660,-0.040508,0.429629,-0.567489,0.532357,-0.458226,-1.000000,-1.000000,123.000000,206.800000,115.200000,92.700000,343.200000,215.000000,240.300000,102.000000
35.100000,-2.060855,-1.217607,0.841710,-0.000445,0.003655,0.021817,0.999755,0.020684,-0.007660,-0.040508,0.429629,-0.567489,0.532357,-0.458226,-1.000000,-1.000000,123.000000,206.500000,116.500000,91.800000,341.800000,214.700000,240.000000,101.000000
35.200000,-2.061068,-1.218448,0.841084,0.001402,0.009392,0.022213,0.999708,0.020684,-0.007660,-0.040508,0.429629,-0.567489,0.532357,-0.458226,-1.000000,-1.000000,123.200000,206.200000,117.300000,90.200000,340.700000,214.700000,239.800000,100.300000
35.300000,-2.062519,-1.218537,0.841466,-0.000096,0.006365,0.022407,0.999729,0.020684,-0.007660,-0.040508,0.429629,-0.567489,0.532357,-0.458226,-1.000000,-1.000000,123.500000,205.800000,118.000000,88.500000,339.300000,214.500000,240.200000,99.500000
35.400000,-2.064749,-1.217521,0.843235,0.001667,0.002987,0.023346,0.999722,0.020684,-0.007660,-0.040508,0.429629,-0.567489,0.532357,-0.458226,-1.000000,-1.000000,124.200000,205.500000,118.300000,87.200000,338.300000,214.800000,240.700000,99.000000
35.500000,-2.066734,-1.216362,0.845875,0.006339,0.006770,0.021755,0.999720,0.020684,-0.007660,-0.040508,0.429629,-0.567489,0.532357,-0.458226,-1.000000,-1.000000,125.300000,205.700000,118.800000,86.800000,337.500000,215.500000,241.700000,98.500000
35.600000,-2.068630,-1.214789,0.848816,0.005905,0.005303,0.022337,0.999719,0.020684,-0.007660,-0.040508,0.429629,-0.567489,0.532357,-0.458226,-1.000000,-1.000000,126.500000,206.000000,119.200000,87.200000,337.200000,216.300000,242.200000,98.800000
35.700000,-2.071213,-1.213412,0.852286,0.005276,0.005407,0.022614,0.999716,0.020684,-0.007660,-0.040508,0.429629,-0.567489,0.532357,-0.458226,-1.000000,-1.000000,127.800000,206.700000,119.500000,88.700000,337.000000,217.000000,243.000000,99.700000
35.800000,-2.073301,-1.212204,0.855935,0.004661,0.003606,0.023719,0.999701,0.020684,-0.007660,-0.040508,0.429629,-0.567489,0.532357,-0.458226,-1.000000,-1.000000,128.800000,207.700000,119.800000,91.200000,337.200000,217.800000,243.300000,101.200000
35.900000,-2.075260,-1.210894,0.857395,0.005728,0.003893,0.022412,0.999725,0.020684,-0.007660,-0.040508,0.429629,-0.567489,0.532357,-0.458226,-1.000000,-1.000000,130.200000,208.700000,120.200000,94.000000,337.700000,218.500000,244.000000,102.700000
36.000000,-2.077513,-1.209392,0.861105,0.006870,0.004721,0.022614,0.999710,0.020684,-0.007660,-0.040508,0.429629,-0.567489,0.532357,-0.458226,-1.000000,-1.000000,131.200000,209.700000,120.800000,96.700000,338.000000,219.200000,244.700000,104.300000
36.100000,-2.080811,-1.207955,0.861274,0.006360,0.004511,0.022127,0.999725,0.020684,-0.007660,-0.040508,0.429629,-0.567489,0.532357,-0.458226,-1.000000,-1.000000,132.200000,210.800000,121.300000,98.700000,338.700000,219.300000,246.200000,106.000000
36.200000,-2.083785,-1.206707,0.862915,0.008286,0.004543,0.022547,0.999701,0.020684,-0.007660,-0.040508,0.429629,-0.567489,0.532357,-0.458226,-1.000000,-1.000000,132.800000,212.000000,122.300000,100.300000,338.800000,219.500000,247.200000,107.700000
36.300000,-2.087628,-1.205185,0.863531,0.006032,0.007908,0.022620,0.999695,0.020684,-0.007660,-0.040508,0.429629,-0.567489,0.532357,-0.458226,-1.000000,-1.000000,133.700000,213.200000,123.200000,101.700000,339.500000,219.500000,248.000000,109.200000
36.400000,-2.091577,-1.203846,0.863598,0.005833,0.009540,0.021332,0.999710,0.020684,-0.007660,-0.040508,0.429629,-0.567489,0.532357,-0.458226,-1.000000,-1.000000,134.200000,213.800000,123.800000,102.800000,339.700000,219.500000,248.300000,110.200000
36.500000,-2.093949,-1.202463,0.863022,0.006412,0.009430,0.021261,0.999709,0.020684,-0.007660,-0.040508,0.429629,-0.567489,0.532357,-0.458226,-1.000000,-1.000000,134.800000,215.000000,124.500000,104.200000,340.000000,219.800000,249.700000,111.500000
36.600000,-2.096671,-1.200983,0.861478,0.009779,0.009682,0.023035,0.999640,0.020684,-0.007660,-0.040508,0.429629,-0.567489,0.532357,-0.458226,-1.000000,-1.000000,135.200000,216.000000,125.200000,105.000000,340.000000,220.200000,251.000000,112.300000
36.700000,-2.098650,-1.200065,0.861140,0.010889,0.011142,0.020481,0.999669,0.020684,-0.007660,-0.040508,0.429629,-0.567489,0.532357,-0.458226,-1.000000,-1.000000,135.500000,216.800000,126.700000,106.000000,340.300000,220.500000,253.000000,113.200000
36.800000,-2.100839,-1.199831,0.859044,0.006346,0.009882,0.021070,0.999709,0.020684,-0.007660,-0.040508,0.429629,-0.567489,0.532357,-0.458226,-1.000000,-1.000000,135.500000,216.700000,127.700000,106.500000,340.700000,220.500000,255.000000,113.200000
36.900000,-2.102618,-1.200459,0.857976,0.003719,0.009112,0.020071,0.999750,0.020684,-0.007660,-0.040508,0.429629,-0.567489,0.532357,-0.458226,-1.000000,-1.000000,135.500000,216.200000,128.500000,107.000000,341.000000,220.300000,257.000000,113.000000
37.000000,-2.104200,-1.201144,0.856545,0.004565,0.008877,0.018490,0.999779,0.020684,-0.007660,-0.040508,0.429629,-0.567489,0.532357,-0.458226,-1.000000,-1.000000,135.200000,215.200000,128.800000,107.000000,341.000000,220.300000,259.200000,112.500000
37.100000,-2.105337,-1.202413,0.855019,0.003734,0.009913,0.019064,0.999762,0.020684,-0.007660,-0.040508,0.429629,-0.567489,0.532357,-0.458226,-1.000000,-1.000000,134.800000,214.500000,129.300000,107.000000,341.000000,220.200000,260.700000,112.000000
37.200000,-2.106542,-1.203724,0.853689,0.007042,0.010605,0.018345,0.999751,0.020684,-0.007660,-0.040508,0.429629,-0.567489,0.532357,-0.458226,-1.000000,-1.000000,134.200000,213.500000,129.800000,106.300000,341.200000,219.700000,262.300000,111.000000
37.300000,-2.107142,-1.205720,0.852775,0.003909,0.010705,0.017936,0.999774,0.020684,-0.007660,-0.040508,0.429629,-0.567489,0.532357,-0.458226,-1.000000,-1.000000,133.500000,213.000000,130.300000,105.500000,341.200000,218.700000,263.000000,109.800000
37.400000,-2.107177,-1.207930,0.852382,0.001093,0.009133,0.018091,0.999794,0.020684,-0.007660,-0.040508,0.429629,-0.567489,0.532357,-0.458226,-1.000000,-1.000000,132.800000,212.200000,130.500000,104.500000,341.200000,217.500000,263.500000,108.800000
37.500000,-2.107599,-1.210209,0.852961,0.000351,0.010531,0.017183,0.999797,0.020684,-0.007660,-0.040508,0.429629,-0.567489,0.532357,-0.458226,-1.000000,-1.000000,131.800000,211.800000,130.700000,104.200000,340.800000,216.700000,263.200000,108.500000
37.600000,-2.107135,-1.211708,0.853669,-0.000891,0.008917,0.018489,0.999789,0.020684,-0.007660,-0.040508,0.429629,-0.567489,0.532357,-0.458226,-1.000000,-1.000000,131.200000,211.300000,130.200000,104.000000,340.500000,216.200000,262.800000,108.500000
37.700000,-2.106684,-1.212928,0.854459,0.000348,0.008832,0.017867,0.999801,0.020684,-0.007660,-0.040508,0.429629,-0.567489,0.532357,-0.458226,-1.000000,-1.000000,130.300000,211.200000,129.300000,104.200000,340.000000,215.800000,262.300000,108.700000
37.800000,-2.105637,-1.213573,0.856909,0.001371,0.008580,0.019110,0.999780,0.020684,-0.007660,-0.040508,0.429629,-0.567489,0.532357,-0.458226,-1.000000,-1.000000,130.200000,210.800000,128.200000,104.700000,339.500000,215.500000,262.300000,109.000000
37.900000,-2.105908,-1.214120,0.857833,0.000659,0.009572,0.018109,0.999790,0.020684,-0.007660,-0.040508,0.429629,-0.567489,0.532357,-0.458226,-1.000000,-1.000000,130.200000,210.800000,127.000000,105.200000,339.200000,215.200000,262.500000,109.300000
38.000000,-2.104440,-1.214394,0.860278,0.004092,0.008510,0.018145,0.999791,0.020684,-0.007660,-0.040508,0.429629,-0.567489,0.532357,-0.458226,-1.000000,-1.000000,130.700000,211.000000,125.700000,106.200000,339.000000,215.200000,263.700000,109.700000
38.100000,-2.104259,-1.214494,0.861216,0.001662,0.005941,0.020179,0.999777,0.020684,-0.007660,-0.040508,0.429629,-0.567489,0.532357,-0.458226,-1.000000,-1.000000,131.300000,211.500000,124.300000,106.800000,339.000000,215.500000,265.000000,110.200000
38.200000,-2.103435,-1.214873,0.862531,-0.000271,0.006690,0.019637,0.999785,0.020684,-0.007660,-0.040508,0.429629,-0.567489,0.532357,-0.458226,-1.000000,-1.000000,132.000000,212.000000,123.200000,107.500000,339.200000,215.800000,266.200000,110.700000
38.300000,-2.103545,-1.215594,0.862015,0.000133,0.006867,0.018335,0.999808,0.020684,-0.007660,-0.040508,0.429629,-0.567489,0.532357,-0.458226,-1.000000,-1.000000,132.000000,212.700000,121.700000,107.500000,339.300000,216.300000,266.300000,111.000000
38.400000,-2.103334,-1.215858,0.861985,-0.001056,0.006809,0.018818,0.999799,0.020684,-0.007660,-0.040508,0.429629,-0.567489,0.532357,-0.458226,-1.000000,-1.000000,131.800000,213.200000,120.500000,107.500000,339.500000,216.700000,265.800000,111.300000
38.500000,-2.103284,-1.216092,0.862091,-0.001912,0.005984,0.018674,0.999806,0.020684,-0.007660,-0.040508,0.429629,-0.567489,0.532357,-0.458226,-1.000000,-1.000000,131.500000,213.800000,119.500000,107.500000,339.500000,217.200000,264.800000,111.700000
38.600000,-2.103493,-1.215881,0.861825,-0.000536,0.007133,0.017941,0.999813,0.020684,-0.007660,-0.040508,0.429629,-0.567489,0.532357,-0.458226,-1.000000,-1.000000,131.200000,214.200000,119.500000,107.300000,339.300000,217.300000,263.800000,112.000000
38.700000,-2.103750,-1.215288,0.861084,0.000241,0.008024,0.019867,0.999770,0.020684,-0.007660,-0.040508,0.429629,-0.567489,0.532357,-0.458226,-1.000000,-1.000000,130.700000,214.500000,119.300000,107.300000,339.500000,217.800000,262.700000,112.300000
38.800000,-2.103860,-1.214655,0.860385,0.000706,0.006744,0.018781,0.999801,0.020684,-0.007660,-0.040508,0.429629,-0.567489,0.532357,-0.458226,-1.000000,-1.000000,130.200000,214.700000,119.200000,107.300000,339.700000,218.200000,261.800000,112.800000
38.900000,-2.105077,-1.213839,0.858815,0.002322,0.010299,0.018654,0.999770,0.020684,-0.007660,-0.040508,0.429629,-0.567489,0.532357,-0.458226,-1.000000,-1.000000,129.300000,214.800000,119.300000,107.800000,340.200000,218.500000,260.700000,113.800000
39.000000,-2.104995,-1.213550,0.857361,0.002699,0.008672,0.020027,0.999758,0.020684,-0.007660,-0.040508,0.429629,-0.567489,0.532357,-0.458226,-1.000000,-1.000000,128.700000,215.200000,120.300000,108.000000,340.200000,218.700000,260.700000,114.500000
39.100000,-2.105490,-1.213403,0.856563,0.001808,0.007334,0.019228,0.999787,0.020684,-0.007660,-0.040508,0.429629,-0.567489,0.532357,-0.458226,-1.000000,-1.000000,127.700000,215.300000,121.800000,107.200000,340.300000,218.700000,261.000000,115.200000
39.200000,-2.105536,-1.213738,0.856542,0.001419,0.006291,0.019768,0.999784,0.020684,-0.007660,-0.040508,0.429629,-0.567489,0.532357,-0.458226,-1.000000,-1.000000,127.300000,215.500000,123.700000,105.500000,340.300000,218.500000,261.800000,115.300000
39.300000,-2.106292,-1.214777,0.858220,-0.000071,0.007945,0.020045,0.999767,0.020684,-0.007660,-0.040508,0.429629,-0.567489,0.532357,-0.458226,-1.000000,-1.000000,127.200000,215.500000,125.500000,103.200000,340.300000,218.000000,261.700000,115.500000
39.400000,-2.107176,-1.216020,0.860447,0.002096,0.007292,0.021057,0.999749,0.020684,-0.007660,-0.040508,0.429629,-0.567489,0.532357,-0.458226,-1.000000,-1.000000,127.300000,215.800000,126.800000,101.800000,340.300000,217.700000,261.500000,115.700000
39.500000,-2.108432,-1.217058,0.863360,-0.000252,0.008925,0.019355,0.999773,0.020684,-0.007660,-0.040508,0.429629,-0.567489,0.532357,-0.458226,-1.000000,-1.000000,127.800000,216.500000,127.300000,101.700000,340.200000,217.500000,261.200000,116.300000
39.600000,-2.109371,-1.218682,0.869494,-0.003904,0.006950,0.023031,0.999703,0.020684,-0.007660,-0.040508,0.429629,-0.567489,0.532357,-0.458226,-1.000000,-1.000000,128.800000,217.300000,126.800000,102.800000,339.300000,217.700000,261.000000,117.000000
39.700000,-2.111480,-1.219657,0.873425,-0.003537,0.010695,0.022754,0.999678,0.020684,-0.007660,-0.040508,0.429629,-0.567489,0.532357,-0.458226,-1.000000,-1.000000,130.000000,218.200000,126.300000,105.200000,338.300000,218.200000,260.200000,118.200000
39.800000,-2.113260,-1.220308,0.878651,-0.004021,0.010183,0.022363,0.999690,0.020684,-0.007660,-0.040508,0.429629,-0.567489,0.532357,-0.458226,-1.000000,-1.000000,130.800000,219.000000,126.300000,108.500000,337.500000,219.000000,259.300000,119.300000
39.900000,-2.114900,-1.220448,0.883288,-0.003595,0.010300,0.023809,0.999657,0.020684,-0.007660,-0.040508,0.429629,-0.567489,0.532357,-0.458226,-1.000000,-1.000000,130.800000,219.800000,126.500000,112.000000,337.700000,220.000000,258.300000,120.800000
40.000000,-2.117494,-1.219615,0.886852,0.000884,0.010962,0.023794,0.999656,0.020684,-0.007660,-0.040508,0.429629,-0.567489,0.532357,-0.458226,-1.000000,-1.000000,130.000000,220.300000,127.000000,115.700000,338.300000,220.800000,257.800000,122.000000
40.100000,-2.120821,-1.218526,0.887982,0.003215,0.013450,0.023680,0.999624,0.020684,-0.007660,-0.040508,0.429629,-0.567489,0.532357,-0.458226,-1.000000,-1.000000,129.300000,220.500000,126.700000,118.700000,339.200000,221.800000,257.700000,123.000000
40.200000,-2.124089,-1.217578,0.889020,0.002605,0.012790,0.023001,0.999650,0.020684,-0.007660,-0.040508,0.429629,-0.567489,0.532357,-0.458226,-1.000000,-1.000000,129.000000,220.500000,126.800000,121.300000,339.800000,222.800000,257.800000,123.700000
40.300000,-2.126542,-1.216920,0.889054,-0.000531,0.012620,0.023503,0.999644,0.020684,-0.007660,-0.040508,0.429629,-0.567489,0.532357,-0.458226,-1.000000,-1.000000,129.300000,220.300000,126.700000,122.800000,340.000000,223.800000,258.000000,124.000000
40.400000,-2.129724,-1.215207,0.888033,-0.001272,0.012844,0.023805,0.999633,0.020684,-0.007660,-0.040508,0.429629,-0.567489,0.532357,-0.458226,-1.000000,-1.000000,129.500000,220.000000,126.800000,123.500000,340.000000,224.300000,258.000000,124.000000
40.500000,-2.132061,-1.213004,0.886207,0.003143,0.013151,0.023927,0.999622,0.020684,-0.007660,-0.040508,0.429629,-0.567489,0.532357,-0.458226,-1.000000,-1.000000,129.800000,219.700000,126.700000,124.000000,340.200000,224.700000,257.800000,123.800000
40.600000,-2.134170,-1.209997,0.884278,0.003654,0.010640,0.023199,0.999668,0.020684,-0.007660,-0.040508,0.429629,-0.567489,0.532357,-0.458226,-1.000000,-1.000000,130.300000,219.200000,126.500000,124.300000,340.300000,224.700000,257.800000,123.300000
40.700000,-2.136639,-1.206943,0.882902,0.003504,0.011981,0.023413,0.999648,0.020684,-0.007660,-0.040508,0.429629,-0.567489,0.532357,-0.458226,-1.000000,-1.000000,131.300000,218.300000,126.500000,124.000000,340.500000,224.500000,258.000000,122.300000
40.800000,-2.137959,-1.203209,0.883369,0.004696,0.016351,0.023323,0.999583,0.020684,-0.007660,-0.040508,0.429629,-0.567489,0.532357,-0.458226,-1.000000,-1.000000,132.300000,217.500000,126.200000,123.300000,340.800000,224.200000,258.500000,121.200000
40.900000,-2.140134,-1.198973,0.883124,0.005945,0.012443,0.024272,0.999610,0.020684,-0.007660,-0.040508,0.429629,-0.567489,0.532357,-0.458226,-1.000000,-1.000000,133.500000,217.300000,126.300000,122.500000,341.200000,224.500000,259.200000,120.300000
41.000000,-2.141961,-1.194112,0.884420,0.009725,0.013335,0.021948,0.999623,0.020684,-0.007660,-0.040508,0.429629,-0.567489,0.532357,-0.458226,-1.000000,-1.000000,134.300000,217.700000,126.800000,121.500000,342.000000,224.300000,260.700000,119.800000
41.100000,-2.143299,-1.190015,0.886358,0.013448,0.017884,0.023228,0.999480,0.020684,-0.007660,-0.040508,0.429629,-0.567489,0.532357,-0.458226,-1.000000,-1.000000,134.800000,218.000000,128.500000,120.300000,342.700000,223.800000,262.500000,119.700000
41.200000,-2.143084,-1.187052,0.888038,0.014338,0.018721,0.023523,0.999445,0.020684,-0.007660,-0.040508,0.429629,-0.567489,0.532357,-0.458226,-1.000000,-1.000000,135.300000,218.000000,130.500000,118.300000,344.200000,222.200000,264.300000,120.000000
41.300000,-2.142450,-1.184508,0.891562,0.012432,0.015620,0.023138,0.999533,0.020684,-0.007660,-0.040508,0.429629,-0.567489,0.532357,-0.458226,-1.000000,-1.000000,135.700000,218.200000,132.300000,116.700000,345.200000,221.000000,265.300000,120.500000
41.400000,-2.140454,-1.182404,0.896306,0.009718,0.012542,0.022180,0.999628,0.020684,-0.007660,-0.040508,0.429629,-0.567489,0.532357,-0.458226,-1.000000,-1.000000,136.300000,218.500000,134.000000,114.700000,346.300000,219.500000,266.700000,121.700000
41.500000,-2.137973,-1.181004,0.903089,0.011438,0.013399,0.022758,0.999586,0.020684,-0.007660,-0.040508,0.429629,-0.567489,0.532357,-0.458226,-1.000000,-1.000000,136.800000,219.200000,135.700000,113.300000,346.800000,218.300000,267.700000,122.800000
41.600000,-2.135044,-1.179689,0.910816,0.012775,0.015148,0.021831,0.999565,0.020684,-0.007660,-0.040508,0.429629,-0.567489,0.532357,-0.458226,-1.000000,-1.000000,137.500000,220.000000,137.300000,112.500000,347.300000,217.300000,268.500000,124.700000
41.700000,-2.130522,-1.178999,0.919700,0.011350,0.016408,0.020935,0.999582,0.020684,-0.007660,-0.040508,0.429629,-0.567489,0.532357,-0.458226,-1.000000,-1.000000,138.200000,221.500000,138.800000,113.000000,347.500000,217.200000,269.000000,127.200000
41.800000,-2.125917,-1.178221,0.927376,0.007733,0.013732,0.021233,0.999650,0.020684,-0.007660,-0.040508,0.429629,-0.567489,0.532357,-0.458226,-1.000000,-1.000000,138.800000,223.300000,139.700000,114.800000,347.500000,217.800000,269.700000,130.700000
41.900000,-2.121025,-1.177556,0.933768,0.012210,0.009827,0.021071,0.999655,0.020684,-0.007660,-0.040508,0.429629,-0.567489,0.532357,-0.458226,-1.000000,-1.000000,139.500000,225.200000,140.300000,116.800000,347.700000,218.800000,270.000000,134.000000
42.000000,-2.116660,-1.176559,0.937577,0.009940,0.005343,0.019400,0.999748,0.020684,-0.007660,-0.040508,0.429629,-0.567489,0.532357,-0.458226,-1.000000,-1.000000,140.000000,226.500000,140.700000,118.300000,348.000000,220.000000,269.800000,136.700000
42.100000,-2.112760,-1.175410,0.939751,0.011828,0.006222,0.018173,0.999746,0.020684,-0.007660,-0.040508,0.429629,-0.567489,0.532357,-0.458226,-1.000000,-1.000000,140.500000,227.500000,140.700000,119.200000,348.300000,221.200000,269.200000,138.200000
42.200000,-2.109556,-1.174177,0.939507,0.013679,0.006462,0.018206,0.999720,0.020684,-0.007660,-0.040508,0.429629,-0.567489,0.532357,-0.458226,-1.000000,-1.000000,140.800000,228.200000,140.800000,119.800000,348.800000,222.800000,268.700000,139.000000
42.300000,-2.107113,-1.173365,0.937642,0.014595,0.007889,0.020635,0.999649,0.020684,-0.007660,-0.040508,0.429629,-0.567489,0.532357,-0.458226,-1.000000,-1.000000,141.000000,228.300000,141.200000,120.700000,349.000000,224.500000,268.200000,139.000000
42.400000,-2.105244,-1.172708,0.933811,0.014283,0.008555,0.018416,0.999692,0.020684,-0.007660,-0.040508,0.429629,-0.567489,0.532357,-0.458226,-1.000000,-1.000000,141.000000,228.000000,142.200000,121.700000,349.200000,226.000000,268.200000,138.200000
42.500000,-2.103140,-1.172209,0.928622,0.013023,0.004561,0.018369,0.999736,0.020684,-0.007660,-0.040508,0.429629,-0.567489,0.532357,-0.458226,-1.000000,-1.000000,141.000000,227.700000,143.200000,122.800000,349.000000,226.800000,268.300000,137.300000
42.600000,-2.100902,-1.171662,0.923515,0.014067,0.009864,0.018677,0.999678,0.020684,-0.007660,-0.040508,0.429629,-0.567489,0.532357,-0.458226,-1.000000,-1.000000,140.800000,227.200000,144.000000,123.800000,348.800000,227.500000,268.700000,135.700000
42.700000,-2.100069,-1.171891,0.915729,0.012432,0.006238,0.018727,0.999728,0.020684,-0.007660,-0.040508,0.429629,-0.567489,0.532357,-0.458226,-1.000000,-1.000000,140.200000,226.200000,144.700000,124.300000,348.500000,228.200000,269.000000,133.200000
42.800000,-2.098378,-1.172648,0.907262,0.010580,0.006775,0.018120,0.999757,0.020684,-0.007660,-0.040508,0.429629,-0.567489,0.532357,-0.458226,-1.000000,-1.000000,139.300000,224.800000,145.000000,124.300000,348.000000,228.800000,269.200000,129.800000
42.900000,-2.097576,-1.173579,0.900352,0.011763,0.005128,0.017594,0.999763,0.020684,-0.007660,-0.040508,0.429629,-0.567489,0.532357,-0.458226,-1.000000,-1.000000,138.300000,222.800000,145.000000,123.300000,347.300000,229.000000,269.500000,125.500000
43.000000,-2.096625,-1.174832,0.893426,0.015022,0.006548,0.017182,0.999718,0.020684,-0.007660,-0.040508,0.429629,-0.567489,0.532357,-0.458226,-1.000000,-1.000000,137.300000,221.000000,144.200000,122.000000,346.500000,228.800000,269.800000,121.500000
43.100000,-2.096845,-1.176692,0.885225,0.011048,0.008333,0.018535,0.999732,0.020684,-0.007660,-0.040508,0.429629,-0.567489,0.532357,-0.458226,-1.000000,-1.000000,136.300000,219.200000,143.300000,120.500000,345.800000,228.200000,270.500000,117.500000
43.200000,-2.097167,-1.179168,0.878418,0.011229,0.008461,0.017427,0.999749,0.020684,-0.007660,-0.040508,0.429629,-0.567489,0.532357,-0.458226,-1.000000,-1.000000,135.500000,218.000000,142.500000,118.800000,345.300000,227.500000,270.800000,114.300000
43.300000,-2.097886,-1.181281,0.874203,0.009557,0.009006,0.019646,0.999721,0.020684,-0.007660,-0.040508,0.429629,-0.567489,0.532357,-0.458226,-1.000000,-1.000000,134.800000,217.200000,142.200000,117.000000,345.200000,226.500000,271.200000,111.800000
43.400000,-2.097842,-1.184005,0.870544,0.008349,0.004517,0.020690,0.999741,0.020684,-0.007660,-0.040508,0.429629,-0.567489,0.532357,-0.458226,-1.000000,-1.000000,134.000000,216.300000,142.000000,114.700000,344.700000,225.300000,271.500000,109.800000
43.500000,-2.099180,-1.186213,0.867209,0.007247,0.009159,0.020701,0.999717,0.020684,-0.007660,-0.040508,0.429629,-0.567489,0.532357,-0.458226,-1.000000,-1.000000,133.000000,215.700000,142.200000,113.000000,344.200000,224.200000,272.000000,108.700000
43.600000,-2.100410,-1.188285,0.864841,0.007063,0.008246,0.020515,0.999731,0.020684,-0.007660,-0.040508,0.429629,-0.567489,0.532357,-0.458226,-1.000000,-1.000000,132.300000,215.000000,142.300000,111.700000,343.500000,223.200000,272.200000,107.800000
43.700000,-2.102579,-1.190125,0.863349,0.007846,0.009667,0.020163,0.999719,0.020684,-0.007660,-0.040508,0.429629,-0.567489,0.532357,-0.458226,-1.000000,-1.000000,132.000000,214.700000,142.300000,111.000000,343.200000,222.500000,271.500000,107.500000
43.800000,-2.104280,-1.191803,0.864521,0.005915,0.012904,0.021777,0.999662,0.020684,-0.007660,-0.040508,0.429629,-0.567489,0.532357,-0.458226,-1.000000,-1.000000,132.000000,214.300000,142.300000,110.300000,343.000000,222.200000,270.700000,107.500000
