0.00,-3.770144,0.049975,0.921208,-0.008184,0.014355,-0.004722,0.999852,0.0319644,-0.0373625,-0.0314208,0.453044,-0.557743,0.531336,-0.448727,139.000000,126.500000,343.500000,230.000000,476.500000,103.500000,564.500000,231.500000,677.000000,136.500000
0.10,-3.770669,0.050426,0.922457,-0.009603,0.016149,-0.005872,0.999806,0.0319644,-0.0373625,-0.0314208,0.453044,-0.557743,0.531336,-0.448727,138.750000,126.500000,343.000000,230.500000,476.250000,103.750000,564.500000,232.250000,676.750000,136.750000
0.20,-3.771278,0.050045,0.926093,-0.009467,0.012113,-0.006200,0.999863,0.0319644,-0.0373625,-0.0314208,0.453044,-0.557743,0.531336,-0.448727,138.500000,126.200000,342.500000,230.300000,476.000000,104.000000,564.500000,232.300000,676.350000,136.500000
0.30,-3.771490,0.048559,0.930738,-0.019405,0.018010,-0.006931,0.999625,0.0319644,-0.0373625,-0.0314208,0.453044,-0.557743,0.531336,-0.448727,137.500000,125.500000,341.650000,230.300000,475.500000,104.500000,564.350000,232.800000,675.700000,136.350000
0.40,-3.771989,0.046757,0.935268,-0.014763,0.014963,-0.006867,0.999755,0.0319644,-0.0373625,-0.0314208,0.453044,-0.557743,0.531336,-0.448727,136.500000,124.200000,341.200000,230.000000,475.000000,104.700000,564.300000,232.800000,675.200000,136.000000
0.50,-3.772121,0.044461,0.939197,-0.015493,0.012453,-0.004536,0.999792,0.0319644,-0.0373625,-0.0314208,0.453044,-0.557743,0.531336,-0.448727,135.300000,122.200000,341.200000,229.300000,474.300000,104.300000,564.500000,232.500000,675.000000,135.000000
0.60,-3.774023,0.042200,0.939919,-0.016113,0.012748,-0.004369,0.999779,0.0319644,-0.0373625,-0.0314208,0.453044,-0.557743,0.531336,-0.448727,135.000000,119.800000,341.500000,228.200000,473.800000,103.300000,564.800000,231.700000,675.000000,133.300000
0.70,-3.776149,0.039923,0.940058,-0.015210,0.012843,-0.004656,0.999791,0.0319644,-0.0373625,-0.0314208,0.453044,-0.557743,0.531336,-0.448727,134.500000,116.800000,341.800000,226.300000,473.300000,102.200000,564.700000,230.000000,675.000000,130.700000
0.80,-3.778095,0.037530,0.939275,-0.017021,0.013805,-0.004828,0.999748,0.0319644,-0.0373625,-0.0314208,0.453044,-0.557743,0.531336,-0.448727,133.800000,113.800000,341.800000,224.700000,472.300000,101.000000,564.200000,228.500000,674.800000,128.500000
0.90,-3.780032,0.035092,0.938116,-0.015236,0.015076,-0.002484,0.999767,0.0319644,-0.0373625,-0.0314208,0.453044,-0.557743,0.531336,-0.448727,132.800000,111.000000,341.700000,223.300000,471.300000,100.300000,563.500000,227.200000,674.700000,126.700000
1.00,-3.781430,0.032768,0.935494,-0.019180,0.012474,-0.002510,0.999735,0.0319644,-0.0373625,-0.0314208,0.453044,-0.557743,0.531336,-0.448727,132.200000,108.000000,341.500000,221.500000,469.800000,99.300000,563.200000,226.000000,674.700000,124.500000
1.10,-3.782291,0.031288,0.931781,-0.019286,0.015540,-0.004051,0.999685,0.0319644,-0.0373625,-0.0314208,0.453044,-0.557743,0.531336,-0.448727,132.500000,105.700000,341.500000,220.200000,469.000000,98.300000,563.200000,225.000000,674.800000,122.500000
1.20,-3.783005,0.030427,0.927125,-0.017935,0.014514,-0.004377,0.999724,0.0319644,-0.0373625,-0.0314208,0.453044,-0.557743,0.531336,-0.448727,133.800000,104.300000,341.500000,219.000000,467.800000,97.300000,563.700000,224.500000,675.000000,120.800000
1.30,-3.783171,0.029771,0.922028,-0.014294,0.015731,-0.004105,0.999766,0.0319644,-0.0373625,-0.0314208,0.453044,-0.557743,0.531336,-0.448727,136.000000,104.500000,341.700000,218.700000,467.200000,96.500000,564.200000,224.700000,675.000000,120.000000
1.40,-3.782578,0.028745,0.916093,-0.014329,0.014042,-0.004101,0.999790,0.0319644,-0.0373625,-0.0314208,0.453044,-0.557743,0.531336,-0.448727,137.700000,105.000000,341.800000,218.300000,466.700000,95.700000,564.700000,224.700000,675.200000,119.200000
1.50,-3.781461,0.027207,0.909131,-0.018030,0.012958,-0.004601,0.999743,0.0319644,-0.0373625,-0.0314208,0.453044,-0.557743,0.531336,-0.448727,138.800000,105.200000,342.000000,217.800000,466.300000,94.500000,565.000000,224.200000,675.500000,118.000000
1.60,-3.780518,0.026532,0.903035,-0.019808,0.011872,-0.003595,0.999727,0.0319644,-0.0373625,-0.0314208,0.453044,-0.557743,0.531336,-0.448727,139.000000,105.300000,342.200000,217.800000,466.200000,93.800000,565.300000,223.700000,675.700000,117.300000
1.70,-3.779200,0.026420,0.898479,-0.017093,0.012467,-0.003604,0.999770,0.0319644,-0.0373625,-0.0314208,0.453044,-0.557743,0.531336,-0.448727,139.200000,105.500000,342.200000,217.800000,466.200000,93.500000,565.500000,223.200000,675.000000,116.700000
1.80,-3.778305,0.027158,0.895596,-0.016042,0.013634,-0.003193,0.999773,0.0319644,-0.0373625,-0.0314208,0.453044,-0.557743,0.531336,-0.448727,140.200000,105.300000,342.500000,218.000000,465.800000,94.000000,565.500000,223.200000,673.800000,116.700000
1.90,-3.777196,0.028572,0.894398,-0.016049,0.016842,-0.002601,0.999726,0.0319644,-0.0373625,-0.0314208,0.453044,-0.557743,0.531336,-0.448727,141.700000,105.300000,342.800000,218.000000,465.800000,94.500000,565.300000,223.500000,672.800000,116.700000
2.00,-3.775724,0.029459,0.894985,-0.017357,0.019451,-0.001566,0.999659,0.0319644,-0.0373625,-0.0314208,0.453044,-0.557743,0.531336,-0.448727,142.500000,104.700000,343.300000,218.000000,466.000000,94.800000,565.000000,224.300000,672.000000,116.800000
2.10,-3.773141,0.030683,0.895912,-0.015348,0.013870,-0.002930,0.999782,0.0319644,-0.0373625,-0.0314208,0.453044,-0.557743,0.531336,-0.448727,142.000000,104.000000,343.500000,218.200000,466.700000,94.800000,564.500000,225.200000,671.000000,116.800000
2.20,-3.771086,0.031283,0.898308,-0.013651,0.010760,-0.003301,0.999843,0.0319644,-0.0373625,-0.0314208,0.453044,-0.557743,0.531336,-0.448727,140.200000,103.000000,343.500000,218.500000,467.200000,95.000000,563.500000,226.000000,669.000000,117.200000
2.30,-3.769525,0.031319,0.900967,-0.015204,0.008516,-0.003928,0.999840,0.0319644,-0.0373625,-0.0314208,0.453044,-0.557743,0.531336,-0.448727,139.500000,103.000000,343.500000,219.000000,467.300000,95.500000,562.500000,227.000000,667.000000,118.200000
2.40,-3.769107,0.031002,0.903537,-0.020245,0.010351,-0.004752,0.999730,0.0319644,-0.0373625,-0.0314208,0.453044,-0.557743,0.531336,-0.448727,138.700000,103.300000,343.300000,219.500000,467.300000,95.800000,561.300000,227.800000,665.300000,119.500000
2.50,-3.769163,0.031173,0.906020,-0.021375,0.016767,-0.005548,0.999616,0.0319644,-0.0373625,-0.0314208,0.453044,-0.557743,0.531336,-0.448727,139.700000,103.800000,343.500000,219.800000,467.700000,95.800000,560.500000,228.500000,664.200000,121.200000
2.60,-3.768836,0.031438,0.907462,-0.014318,0.015015,-0.006314,0.999765,0.0319644,-0.0373625,-0.0314208,0.453044,-0.557743,0.531336,-0.448727,140.800000,103.800000,343.800000,219.800000,468.800000,95.300000,559.700000,228.800000,663.300000,122.300000
2.70,-3.768692,0.030961,0.908904,-0.015485,0.011065,-0.005478,0.999804,0.0319644,-0.0373625,-0.0314208,0.453044,-0.557743,0.531336,-0.448727,143.000000,104.200000,344.300000,219.300000,470.700000,94.700000,558.800000,228.800000,662.500000,123.200000
2.80,-3.769290,0.029193,0.910679,-0.019466,0.015949,-0.005628,0.999667,0.0319644,-0.0373625,-0.0314208,0.453044,-0.557743,0.531336,-0.448727,144.800000,104.800000,344.800000,219.200000,471.500000,94.500000,558.200000,228.800000,661.800000,123.500000
2.90,-3.770062,0.027305,0.912105,-0.020560,0.019550,-0.005261,0.999584,0.0319644,-0.0373625,-0.0314208,0.453044,-0.557743,0.531336,-0.448727,145.700000,106.200000,345.200000,219.300000,471.500000,95.300000,557.500000,229.000000,660.700000,124.000000
3.00,-3.769997,0.025774,0.913417,-0.023514,0.016776,-0.005334,0.999569,0.0319644,-0.0373625,-0.0314208,0.453044,-0.557743,0.531336,-0.448727,145.700000,108.200000,345.700000,220.000000,470.700000,96.500000,556.800000,229.500000,659.200000,124.300000
3.10,-3.768777,0.025335,0.914276,-0.023571,0.016553,-0.005743,0.999569,0.0319644,-0.0373625,-0.0314208,0.453044,-0.557743,0.531336,-0.448727,145.000000,110.300000,345.800000,220.500000,470.300000,97.700000,556.000000,229.800000,657.700000,124.800000
3.20,-3.767238,0.026087,0.914720,-0.020581,0.017847,-0.004782,0.999617,0.0319644,-0.0373625,-0.0314208,0.453044,-0.557743,0.531336,-0.448727,144.300000,112.500000,346.200000,220.700000,469.700000,97.800000,554.800000,229.300000,655.800000,125.300000
3.30,-3.764433,0.026893,0.914892,-0.011600,0.013228,-0.003657,0.999839,0.0319644,-0.0373625,-0.0314208,0.453044,-0.557743,0.531336,-0.448727,143.700000,114.000000,346.300000,220.700000,469.300000,98.200000,553.700000,228.500000,654.200000,125.500000
3.40,-3.761429,0.027232,0.914958,-0.010440,0.010878,-0.003829,0.999879,0.0319644,-0.0373625,-0.0314208,0.453044,-0.557743,0.531336,-0.448727,143.000000,115.300000,346.800000,220.500000,469.000000,98.300000,552.500000,227.500000,652.500000,125.300000
3.50,-3.758453,0.025991,0.915180,-0.020382,0.011806,-0.005186,0.999709,0.0319644,-0.0373625,-0.0314208,0.453044,-0.557743,0.531336,-0.448727,142.700000,116.200000,347.200000,220.300000,468.800000,98.700000,551.700000,226.800000,651.500000,125.200000
3.60,-3.755931,0.024584,0.915357,-0.021131,0.013678,-0.005129,0.999670,0.0319644,-0.0373625,-0.0314208,0.453044,-0.557743,0.531336,-0.448727,142.300000,116.300000,347.700000,220.200000,468.500000,98.500000,551.000000,226.200000,650.500000,125.500000
3.70,-3.753381,0.022816,0.915324,-0.021282,0.010769,-0.003372,0.999710,0.0319644,-0.0373625,-0.0314208,0.453044,-0.557743,0.531336,-0.448727,141.800000,115.800000,348.300000,220.000000,468.300000,98.200000,550.500000,225.200000,649.300000,126.000000
3.80,-3.750899,0.020844,0.914541,-0.020684,0.016809,-0.003460,0.999639,0.0319644,-0.0373625,-0.0314208,0.453044,-0.557743,0.531336,-0.448727,141.300000,114.800000,349.000000,219.800000,468.300000,98.000000,549.800000,223.800000,648.000000,126.700000
3.90,-3.748426,0.018859,0.914058,-0.023244,0.013046,-0.004727,0.999634,0.0319644,-0.0373625,-0.0314208,0.453044,-0.557743,0.531336,-0.448727,140.800000,114.200000,349.500000,219.800000,468.300000,97.700000,548.800000,222.700000,646.700000,127.500000
4.00,-3.745457,0.017357,0.913329,-0.020344,0.015647,-0.004108,0.999662,0.0319644,-0.0373625,-0.0314208,0.453044,-0.557743,0.531336,-0.448727,141.000000,114.300000,349.500000,220.200000,468.700000,97.700000,547.500000,222.200000,645.000000,128.800000
4.10,-3.741797,0.015770,0.912351,-0.022827,0.013414,-0.005150,0.999636,0.0319644,-0.0373625,-0.0314208,0.453044,-0.557743,0.531336,-0.448727,141.200000,115.000000,349.500000,220.700000,469.200000,97.700000,546.300000,222.200000,643.700000,129.800000
4.20,-3.738448,0.014671,0.911524,-0.023743,0.008115,-0.004610,0.999674,0.0319644,-0.0373625,-0.0314208,0.453044,-0.557743,0.531336,-0.448727,141.000000,115.300000,349.700000,221.000000,470.500000,98.000000,545.200000,222.300000,641.700000,131.300000
4.30,-3.734704,0.014173,0.909896,-0.023729,0.007988,-0.003455,0.999681,0.0319644,-0.0373625,-0.0314208,0.453044,-0.557743,0.531336,-0.448727,140.800000,114.800000,350.000000,221.000000,471.500000,98.000000,544.200000,222.300000,640.200000,132.500000
4.40,-3.732334,0.013251,0.908532,-0.021227,0.007898,-0.004036,0.999735,0.0319644,-0.0373625,-0.0314208,0.453044,-0.557743,0.531336,-0.448727,141.200000,114.200000,350.500000,221.000000,472.300000,98.000000,543.300000,222.500000,638.700000,134.000000
4.50,-3.731035,0.011606,0.908044,-0.024272,0.007370,-0.003519,0.999672,0.0319644,-0.0373625,-0.0314208,0.453044,-0.557743,0.531336,-0.448727,141.700000,113.000000,351.000000,221.000000,472.800000,98.200000,543.000000,222.700000,637.800000,135.200000
4.60,-3.730760,0.009088,0.909034,-0.025182,0.007795,-0.003937,0.999645,0.0319644,-0.0373625,-0.0314208,0.453044,-0.557743,0.531336,-0.448727,142.000000,112.200000,351.300000,221.000000,473.500000,98.700000,543.000000,223.200000,637.300000,136.300000
4.70,-3.731520,0.006772,0.910449,-0.028295,0.008392,-0.003831,0.999557,0.0319644,-0.0373625,-0.0314208,0.453044,-0.557743,0.531336,-0.448727,142.000000,111.000000,352.000000,220.800000,474.800000,99.500000,543.000000,223.700000,637.200000,137.500000
4.80,-3.733196,0.004830,0.911511,-0.027215,0.009540,-0.002534,0.999581,0.0319644,-0.0373625,-0.0314208,0.453044,-0.557743,0.531336,-0.448727,142.800000,110.500000,353.200000,220.700000,476.300000,101.200000,543.000000,224.000000,637.300000,138.200000
4.90,-3.735024,0.003487,0.912151,-0.027343,0.013584,-0.002568,0.999530,0.0319644,-0.0373625,-0.0314208,0.453044,-0.557743,0.531336,-0.448727,143.800000,110.000000,354.500000,220.500000,477.500000,103.000000,543.300000,224.300000,637.800000,138.800000
5.00,-3.737361,0.002954,0.912107,-0.022467,0.012452,-0.002928,0.999666,0.0319644,-0.0373625,-0.0314208,0.453044,-0.557743,0.531336,-0.448727,145.300000,109.800000,355.800000,220.500000,478.500000,105.300000,543.800000,224.500000,638.500000,138.800000
5.10,-3.740299,0.002841,0.912068,-0.027091,0.011518,-0.002426,0.999564,0.0319644,-0.0373625,-0.0314208,0.453044,-0.557743,0.531336,-0.448727,146.700000,109.700000,356.800000,220.500000,479.200000,107.200000,544.300000,224.700000,639.500000,139.000000
5.20,-3.743890,0.003235,0.912571,-0.027320,0.013939,-0.002046,0.999527,0.0319644,-0.0373625,-0.0314208,0.453044,-0.557743,0.531336,-0.448727,148.200000,109.300000,358.300000,220.200000,480.300000,109.500000,544.000000,224.300000,640.700000,138.700000
5.30,-3.748074,0.004362,0.912220,-0.025631,0.016731,-0.001465,0.999530,0.0319644,-0.0373625,-0.0314208,0.453044,-0.557743,0.531336,-0.448727,150.200000,109.000000,360.000000,219.700000,481.700000,111.700000,543.300000,224.300000,641.800000,138.700000
5.40,-3.751938,0.005830,0.910777,-0.024885,0.017071,-0.000049,0.999545,0.0319644,-0.0373625,-0.0314208,0.453044,-0.557743,0.531336,-0.448727,152.300000,108.000000,361.700000,219.000000,483.000000,113.300000,542.800000,224.500000,643.200000,138.300000
5.50,-3.755949,0.007722,0.909604,-0.023572,0.014772,0.000479,0.999613,0.0319644,-0.0373625,-0.0314208,0.453044,-0.557743,0.531336,-0.448727,154.800000,106.300000,363.000000,218.200000,484.300000,113.700000,543.000000,224.700000,645.000000,137.800000
5.60,-3.759755,0.010337,0.908350,-0.025198,0.018676,-0.000753,0.999508,0.0319644,-0.0373625,-0.0314208,0.453044,-0.557743,0.531336,-0.448727,157.800000,104.800000,364.200000,217.500000,485.300000,113.700000,543.300000,224.800000,647.000000,137.300000
5.70,-3.763041,0.013714,0.907582,-0.026555,0.014138,-0.000960,0.999547,0.0319644,-0.0373625,-0.0314208,0.453044,-0.557743,0.531336,-0.448727,162.000000,104.200000,365.700000,217.000000,486.700000,113.300000,543.500000,225.000000,649.300000,137.000000
5.80,-3.765475,0.017820,0.907398,-0.025476,0.015457,-0.001246,0.999555,0.0319644,-0.0373625,-0.0314208,0.453044,-0.557743,0.531336,-0.448727,166.000000,105.200000,367.200000,217.300000,487.700000,113.200000,543.300000,225.500000,651.200000,137.500000
5.90,-3.767946,0.022782,0.908019,-0.022548,0.015273,-0.000513,0.999629,0.0319644,-0.0373625,-0.0314208,0.453044,-0.557743,0.531336,-0.448727,168.700000,106.200000,368.300000,217.700000,488.500000,112.000000,543.000000,225.300000,652.700000,137.800000
6.00,-3.769556,0.028277,0.908225,-0.019087,0.019082,-0.000002,0.999636,0.0319644,-0.0373625,-0.0314208,0.453044,-0.557743,0.531336,-0.448727,169.700000,107.300000,369.300000,218.000000,489.200000,110.800000,542.700000,225.000000,653.500000,138.300000
6.10,-3.770195,0.034501,0.908249,-0.016176,0.016629,0.000044,0.999731,0.0319644,-0.0373625,-0.0314208,0.453044,-0.557743,0.531336,-0.448727,170.500000,107.700000,370.000000,218.000000,489.800000,109.500000,542.200000,224.500000,653.700000,138.300000
6.20,-3.770245,0.040834,0.908623,-0.014767,0.012831,-0.000980,0.999808,0.0319644,-0.0373625,-0.0314208,0.453044,-0.557743,0.531336,-0.448727,171.800000,107.800000,370.800000,217.500000,490.700000,107.800000,541.800000,223.800000,653.800000,138.200000
6.30,-3.769764,0.046863,0.908961,-0.011969,0.011902,-0.001674,0.999856,0.0319644,-0.0373625,-0.0314208,0.453044,-0.557743,0.531336,-0.448727,173.700000,108.000000,371.300000,217.000000,491.500000,106.000000,541.500000,222.800000,653.700000,137.800000
6.40,-3.769095,0.052153,0.909718,-0.013794,0.011544,-0.002343,0.999835,0.0319644,-0.0373625,-0.0314208,0.453044,-0.557743,0.531336,-0.448727,176.300000,109.000000,372.200000,216.500000,492.700000,104.200000,541.500000,221.800000,653.500000,137.800000
6.50,-3.768089,0.056635,0.911605,-0.013154,0.012678,-0.001324,0.999832,0.0319644,-0.0373625,-0.0314208,0.453044,-0.557743,0.531336,-0.448727,178.800000,110.200000,372.500000,216.500000,493.800000,102.300000,541.500000,221.500000,652.800000,138.200000
6.60,-3.767346,0.060381,0.913006,-0.012365,0.016351,-0.001645,0.999789,0.0319644,-0.0373625,-0.0314208,0.453044,-0.557743,0.531336,-0.448727,181.200000,111.200000,373.000000,216.500000,494.700000,101.000000,541.300000,221.500000,652.000000,138.700000
6.70,-3.765850,0.063655,0.913419,-0.011177,0.016796,0.000635,0.999796,0.0319644,-0.0373625,-0.0314208,0.453044,-0.557743,0.531336,-0.448727,181.700000,111.300000,373.200000,216.300000,495.500000,99.700000,541.200000,221.500000,650.700000,139.000000
6.80,-3.763928,0.065807,0.913150,-0.016540,0.011104,0.000404,0.999801,0.0319644,-0.0373625,-0.0314208,0.453044,-0.557743,0.531336,-0.448727,182.000000,111.500000,373.700000,216.200000,496.200000,99.000000,541.000000,221.300000,649.200000,139.700000
6.90,-3.762127,0.068046,0.912231,-0.017945,0.007813,-0.000067,0.999808,0.0319644,-0.0373625,-0.0314208,0.453044,-0.557743,0.531336,-0.448727,183.000000,111.700000,374.000000,216.000000,496.800000,98.200000,541.000000,221.000000,647.200000,140.300000
7.00,-3.761038,0.069862,0.911190,-0.012060,0.011815,-0.000557,0.999857,0.0319644,-0.0373625,-0.0314208,0.453044,-0.557743,0.531336,-0.448727,185.700000,112.000000,374.300000,216.200000,496.800000,97.800000,540.700000,220.800000,645.700000,141.300000
7.10,-3.760628,0.071274,0.910038,-0.012524,0.016832,-0.001282,0.999779,0.0319644,-0.0373625,-0.0314208,0.453044,-0.557743,0.531336,-0.448727,188.000000,111.800000,374.700000,216.300000,496.700000,97.700000,540.000000,220.700000,644.500000,142.000000
7.20,-3.760082,0.071911,0.909241,-0.015753,0.017633,-0.002685,0.999717,0.0319644,-0.0373625,-0.0314208,0.453044,-0.557743,0.531336,-0.448727,190.200000,111.000000,375.000000,216.200000,496.700000,97.500000,538.800000,221.000000,644.000000,142.500000
7.30,-3.759175,0.072145,0.908750,-0.014118,0.015177,-0.003147,0.999780,0.0319644,-0.0373625,-0.0314208,0.453044,-0.557743,0.531336,-0.448727,190.700000,109.800000,375.500000,215.800000,496.700000,97.200000,537.700000,221.300000,643.300000,142.500000
7.40,-3.757833,0.072297,0.907995,-0.016925,0.013334,-0.003243,0.999763,0.0319644,-0.0373625,-0.0314208,0.453044,-0.557743,0.531336,-0.448727,190.700000,108.200000,376.000000,215.200000,496.300000,96.700000,536.000000,222.200000,642.500000,142.500000
7.50,-3.757259,0.072775,0.906841,-0.017287,0.010769,-0.003940,0.999785,0.0319644,-0.0373625,-0.0314208,0.453044,-0.557743,0.531336,-0.448727,190.200000,106.300000,376.500000,214.700000,495.500000,96.300000,534.300000,222.300000,641.200000,142.200000
7.60,-3.757270,0.073445,0.906468,-0.014821,0.012433,-0.003488,0.999807,0.0319644,-0.0373625,-0.0314208,0.453044,-0.557743,0.531336,-0.448727,190.700000,104.000000,377.000000,214.000000,494.800000,96.000000,532.500000,222.300000,639.800000,141.700000
7.70,-3.757013,0.074363,0.905837,-0.012826,0.015038,-0.003182,0.999800,0.0319644,-0.0373625,-0.0314208,0.453044,-0.557743,0.531336,-0.448727,191.700000,102.500000,377.300000,213.300000,493.800000,96.200000,530.800000,221.700000,638.200000,140.700000
7.80,-3.756215,0.075084,0.904983,-0.015133,0.012117,-0.003608,0.999806,0.0319644,-0.0373625,-0.0314208,0.453044,-0.557743,0.531336,-0.448727,192.800000,101.500000,377.500000,212.500000,493.000000,96.200000,529.500000,220.800000,636.700000,139.500000
7.90,-3.755008,0.075637,0.904404,-0.014281,0.011215,-0.004109,0.999827,0.0319644,-0.0373625,-0.0314208,0.453044,-0.557743,0.531336,-0.448727,194.500000,102.000000,377.700000,211.700000,491.700000,95.800000,528.000000,219.500000,634.500000,137.800000
8.00,-3.753854,0.076573,0.903402,-0.016316,0.009889,-0.004463,0.999808,0.0319644,-0.0373625,-0.0314208,0.453044,-0.557743,0.531336,-0.448727,196.700000,103.200000,377.800000,211.200000,490.300000,95.300000,526.800000,217.800000,632.800000,136.200000
8.10,-3.752908,0.077523,0.901618,-0.010103,0.010057,-0.003814,0.999891,0.0319644,-0.0373625,-0.0314208,0.453044,-0.557743,0.531336,-0.448727,199.000000,105.200000,378.200000,210.800000,489.200000,95.200000,525.700000,216.300000,631.200000,134.800000
8.20,-3.752320,0.078617,0.899391,-0.012173,0.011036,-0.003180,0.999860,0.0319644,-0.0373625,-0.0314208,0.453044,-0.557743,0.531336,-0.448727,202.000000,107.700000,378.300000,210.700000,487.800000,95.300000,524.500000,214.500000,630.000000,133.700000
8.30,-3.751487,0.079107,0.897689,-0.010771,0.010372,-0.003348,0.999883,0.0319644,-0.0373625,-0.0314208,0.453044,-0.557743,0.531336,-0.448727,205.300000,110.300000,378.500000,210.500000,486.800000,95.500000,523.500000,213.000000,628.800000,133.200000
8.40,-3.751442,0.078737,0.895887,-0.016280,0.014692,-0.002050,0.999757,0.0319644,-0.0373625,-0.0314208,0.453044,-0.557743,0.531336,-0.448727,209.800000,114.200000,378.700000,210.500000,484.800000,95.700000,522.200000,211.300000,627.500000,132.800000
8.50,-3.750301,0.079063,0.893693,-0.014449,0.011397,-0.001542,0.999829,0.0319644,-0.0373625,-0.0314208,0.453044,-0.557743,0.531336,-0.448727,214.000000,118.500000,378.800000,210.800000,482.700000,96.000000,521.200000,210.200000,626.500000,133.000000
8.60,-3.749397,0.079292,0.892756,-0.015093,0.009399,-0.002325,0.999839,0.0319644,-0.0373625,-0.0314208,0.453044,-0.557743,0.531336,-0.448727,217.800000,122.800000,379.000000,211.200000,480.800000,96.300000,520.300000,209.200000,625.300000,133.300000
8.70,-3.748317,0.079660,0.891952,-0.009808,0.015891,-0.001820,0.999824,0.0319644,-0.0373625,-0.0314208,0.453044,-0.557743,0.531336,-0.448727,221.800000,126.700000,379.300000,211.500000,480.000000,96.200000,519.800000,208.700000,624.200000,133.700000
8.80,-3.746641,0.079451,0.891511,-0.010738,0.017167,-0.001018,0.999794,0.0319644,-0.0373625,-0.0314208,0.453044,-0.557743,0.531336,-0.448727,225.500000,129.300000,379.700000,211.700000,480.000000,95.800000,519.500000,208.500000,623.000000,134.500000
8.90,-3.743695,0.078941,0.890353,-0.009784,0.011865,-0.001500,0.999881,0.0319644,-0.0373625,-0.0314208,0.453044,-0.557743,0.531336,-0.448727,230.500000,132.000000,380.300000,212.000000,479.800000,95.300000,519.200000,209.000000,621.700000,135.300000
9.00,-3.740937,0.077839,0.890075,-0.012409,0.005948,-0.000625,0.999905,0.0319644,-0.0373625,-0.0314208,0.453044,-0.557743,0.531336,-0.448727,235.300000,133.800000,381.000000,212.500000,479.800000,95.300000,518.500000,210.000000,621.000000,137.000000
9.10,-3.739243,0.076896,0.890988,-0.013239,0.008123,-0.001506,0.999878,0.0319644,-0.0373625,-0.0314208,0.453044,-0.557743,0.531336,-0.448727,240.500000,134.800000,381.800000,212.700000,480.200000,95.300000,518.000000,211.200000,620.300000,138.300000
9.20,-3.738659,0.076564,0.893369,-0.014142,0.012246,-0.002230,0.999822,0.0319644,-0.0373625,-0.0314208,0.453044,-0.557743,0.531336,-0.448727,245.500000,134.700000,383.000000,213.000000,481.300000,95.500000,517.300000,212.500000,620.500000,140.200000
9.30,-3.737821,0.077108,0.896021,-0.008781,0.013619,-0.003166,0.999864,0.0319644,-0.0373625,-0.0314208,0.453044,-0.557743,0.531336,-0.448727,249.700000,133.800000,384.300000,212.800000,482.800000,96.000000,517.500000,213.700000,620.500000,141.200000
9.40,-3.736821,0.077962,0.898298,-0.009427,0.016923,-0.002834,0.999808,0.0319644,-0.0373625,-0.0314208,0.453044,-0.557743,0.531336,-0.448727,254.700000,132.200000,385.800000,212.800000,484.800000,96.000000,518.000000,215.000000,621.000000,142.000000
9.50,-3.735698,0.078821,0.901179,-0.011988,0.016959,-0.004114,0.999776,0.0319644,-0.0373625,-0.0314208,0.453044,-0.557743,0.531336,-0.448727,260.000000,130.300000,387.300000,212.300000,486.500000,95.800000,518.800000,216.300000,621.200000,142.300000
9.60,-3.734077,0.079715,0.903612,-0.012556,0.018723,-0.002740,0.999742,0.0319644,-0.0373625,-0.0314208,0.453044,-0.557743,0.531336,-0.448727,265.300000,128.700000,388.800000,212.000000,488.300000,95.500000,519.700000,217.700000,621.500000,142.700000
9.70,-3.731832,0.081985,0.906278,-0.013542,0.017487,-0.003143,0.999750,0.0319644,-0.0373625,-0.0314208,0.453044,-0.557743,0.531336,-0.448727,270.800000,127.800000,390.800000,212.000000,490.000000,95.800000,520.800000,219.000000,621.500000,143.300000
9.80,-3.729082,0.084192,0.908489,-0.012067,0.016615,-0.003091,0.999784,0.0319644,-0.0373625,-0.0314208,0.453044,-0.557743,0.531336,-0.448727,275.300000,127.500000,392.300000,211.800000,491.200000,96.200000,522.200000,219.700000,621.500000,143.700000
9.90,-3.725872,0.086966,0.910108,-0.009184,0.017714,-0.002943,0.999797,0.0319644,-0.0373625,-0.0314208,0.453044,-0.557743,0.531336,-0.448727,280.700000,126.700000,393.800000,211.500000,492.500000,96.200000,523.300000,220.200000,620.800000,143.800000
10.00,-3.722468,0.089526,0.910089,-0.011858,0.015693,-0.002495,0.999803,0.0319644,-0.0373625,-0.0314208,0.453044,-0.557743,0.531336,-0.448727,285.500000,126.000000,394.800000,210.500000,493.300000,95.500000,523.800000,220.500000,619.800000,143.500000
10.10,-3.718478,0.092827,0.909418,-0.014638,0.014920,-0.001698,0.999780,0.0319644,-0.0373625,-0.0314208,0.453044,-0.557743,0.531336,-0.448727,289.800000,125.700000,395.700000,209.700000,494.000000,94.800000,524.000000,221.000000,618.800000,143.200000
10.20,-3.714570,0.096155,0.908792,-0.012945,0.015833,-0.001959,0.999789,0.0319644,-0.0373625,-0.0314208,0.453044,-0.557743,0.531336,-0.448727,293.200000,126.200000,396.200000,208.700000,494.300000,94.500000,524.200000,221.300000,618.000000,142.700000
10.30,-3.710233,0.099797,0.907764,-0.014522,0.018983,-0.002213,0.999712,0.0319644,-0.0373625,-0.0314208,0.453044,-0.557743,0.531336,-0.448727,295.300000,126.500000,396.700000,208.000000,494.000000,94.800000,524.500000,221.500000,617.300000,142.300000
10.40,-3.704909,0.103781,0.906152,-0.010236,0.016217,-0.001518,0.999815,0.0319644,-0.0373625,-0.0314208,0.453044,-0.557743,0.531336,-0.448727,298.500000,126.800000,397.300000,207.500000,493.800000,95.700000,524.800000,221.200000,616.500000,141.800000
10.50,-3.699548,0.106011,0.904742,-0.009621,0.015696,-0.002954,0.999826,0.0319644,-0.0373625,-0.0314208,0.453044,-0.557743,0.531336,-0.448727,302.000000,126.700000,398.000000,207.200000,493.700000,96.500000,525.500000,220.500000,615.800000,141.200000
10.60,-3.692668,0.108567,0.902884,-0.009416,0.013725,-0.000279,0.999861,0.0319644,-0.0373625,-0.0314208,0.453044,-0.557743,0.531336,-0.448727,305.800000,126.700000,398.500000,206.800000,494.000000,97.200000,526.300000,219.500000,615.200000,140.500000
10.70,-3.686790,0.109888,0.901804,-0.014826,0.017879,-0.001811,0.999729,0.0319644,-0.0373625,-0.0314208,0.453044,-0.557743,0.531336,-0.448727,309.200000,126.300000,398.800000,206.500000,494.700000,97.500000,527.500000,218.500000,614.700000,139.700000
10.80,-3.680010,0.110989,0.900889,-0.012199,0.016035,-0.003295,0.999792,0.0319644,-0.0373625,-0.0314208,0.453044,-0.557743,0.531336,-0.448727,312.000000,125.800000,399.000000,206.500000,495.000000,97.700000,528.200000,217.300000,614.300000,139.000000
10.90,-3.673588,0.112508,0.899567,-0.014422,0.015223,-0.003998,0.999772,0.0319644,-0.0373625,-0.0314208,0.453044,-0.557743,0.531336,-0.448727,314.700000,124.700000,399.300000,206.500000,495.300000,97.300000,528.700000,216.000000,614.300000,138.000000
11.00,-3.667073,0.113878,0.899706,-0.012271,0.013612,-0.003751,0.999825,0.0319644,-0.0373625,-0.0314208,0.453044,-0.557743,0.531336,-0.448727,316.500000,123.700000,399.700000,206.500000,495.500000,96.500000,529.200000,215.000000,614.500000,137.300000
11.10,-3.660982,0.114826,0.900429,-0.012640,0.013541,-0.002906,0.999824,0.0319644,-0.0373625,-0.0314208,0.453044,-0.557743,0.531336,-0.448727,318.000000,122.700000,400.000000,206.500000,495.800000,95.800000,530.000000,214.500000,614.700000,137.000000
11.20,-3.654975,0.116620,0.901382,-0.013030,0.013036,-0.004239,0.999821,0.0319644,-0.0373625,-0.0314208,0.453044,-0.557743,0.531336,-0.448727,319.200000,122.000000,400.300000,206.800000,496.300000,95.300000,531.200000,214.500000,615.000000,137.000000
11.30,-3.649795,0.117830,0.902049,-0.012308,0.012394,-0.003622,0.999841,0.0319644,-0.0373625,-0.0314208,0.453044,-0.557743,0.531336,-0.448727,320.200000,121.200000,400.700000,207.200000,496.700000,95.000000,532.300000,214.500000,615.200000,137.000000
11.40,-3.645046,0.119269,0.901760,-0.015389,0.014376,-0.004365,0.999769,0.0319644,-0.0373625,-0.0314208,0.453044,-0.557743,0.531336,-0.448727,321.300000,120.200000,401.300000,207.300000,497.200000,94.500000,533.800000,214.700000,615.700000,137.000000
11.50,-3.640305,0.120689,0.900455,-0.013087,0.016859,-0.003981,0.999764,0.0319644,-0.0373625,-0.0314208,0.453044,-0.557743,0.531336,-0.448727,322.500000,119.000000,401.700000,207.000000,497.200000,94.200000,535.300000,214.800000,616.300000,136.700000
11.60,-3.636132,0.121895,0.899150,-0.012895,0.018659,-0.004991,0.999730,0.0319644,-0.0373625,-0.0314208,0.453044,-0.557743,0.531336,-0.448727,323.800000,117.700000,402.200000,206.700000,497.200000,93.700000,537.000000,214.700000,617.500000,136.300000
11.70,-3.631183,0.123146,0.897003,-0.012739,0.019757,-0.005997,0.999706,0.0319644,-0.0373625,-0.0314208,0.453044,-0.557743,0.531336,-0.448727,325.700000,116.000000,402.800000,205.800000,497.500000,92.800000,539.000000,213.700000,619.700000,135.500000
11.80,-3.625902,0.124467,0.894468,-0.012686,0.018943,-0.005790,0.999723,0.0319644,-0.0373625,-0.0314208,0.453044,-0.557743,0.531336,-0.448727,327.500000,114.800000,403.500000,205.200000,498.000000,92.000000,540.700000,212.700000,621.500000,134.800000
11.90,-3.620660,0.124822,0.891656,-0.013889,0.019652,-0.005329,0.999696,0.0319644,-0.0373625,-0.0314208,0.453044,-0.557743,0.531336,-0.448727,329.500000,114.300000,404.200000,204.500000,498.700000,92.000000,542.500000,211.800000,623.200000,134.800000
12.00,-3.615255,0.125582,0.888133,-0.016512,0.019780,-0.005883,0.999651,0.0319644,-0.0373625,-0.0314208,0.453044,-0.557743,0.531336,-0.448727,330.800000,114.800000,404.500000,205.000000,499.200000,92.800000,543.800000,211.500000,624.200000,135.800000
12.10,-3.609441,0.126593,0.884204,-0.017400,0.022405,-0.006355,0.999577,0.0319644,-0.0373625,-0.0314208,0.453044,-0.557743,0.531336,-0.448727,331.800000,115.500000,404.800000,205.700000,499.700000,93.700000,545.300000,211.000000,625.300000,137.300000
12.20,-3.602456,0.128685,0.880621,-0.017295,0.019142,-0.006820,0.999644,0.0319644,-0.0373625,-0.0314208,0.453044,-0.557743,0.531336,-0.448727,332.700000,116.000000,405.300000,206.300000,500.000000,94.200000,546.800000,210.300000,626.500000,138.000000
12.30,-3.596382,0.130661,0.877363,-0.016122,0.020359,-0.007579,0.999634,0.0319644,-0.0373625,-0.0314208,0.453044,-0.557743,0.531336,-0.448727,333.300000,116.700000,405.800000,206.500000,499.700000,94.500000,548.200000,209.700000,627.700000,138.300000
12.40,-3.588370,0.134331,0.874719,-0.008516,0.013153,-0.006193,0.999858,0.0319644,-0.0373625,-0.0314208,0.453044,-0.557743,0.531336,-0.448727,334.200000,117.200000,406.500000,206.500000,499.000000,95.000000,549.800000,209.300000,629.200000,138.700000
12.50,-3.581952,0.136989,0.873219,-0.009520,0.012929,-0.006131,0.999852,0.0319644,-0.0373625,-0.0314208,0.453044,-0.557743,0.531336,-0.448727,334.800000,117.200000,406.700000,206.500000,498.200000,95.700000,551.500000,209.200000,630.800000,139.500000
12.60,-3.577130,0.139063,0.872581,-0.012882,0.016036,-0.006175,0.999769,0.0319644,-0.0373625,-0.0314208,0.453044,-0.557743,0.531336,-0.448727,335.300000,116.500000,406.500000,206.500000,497.800000,96.200000,553.300000,209.300000,632.000000,140.200000
12.70,-3.571972,0.141378,0.873005,-0.013076,0.021024,-0.004978,0.999681,0.0319644,-0.0373625,-0.0314208,0.453044,-0.557743,0.531336,-0.448727,335.500000,115.000000,406.000000,206.300000,497.800000,96.800000,555.200000,209.300000,633.000000,140.500000
12.80,-3.567057,0.143964,0.873127,-0.013768,0.019036,-0.004093,0.999716,0.0319644,-0.0373625,-0.0314208,0.453044,-0.557743,0.531336,-0.448727,335.800000,113.500000,405.500000,206.000000,498.000000,97.500000,556.800000,209.700000,633.700000,140.500000
12.90,-3.561196,0.147239,0.872578,-0.012590,0.016392,-0.003488,0.999780,0.0319644,-0.0373625,-0.0314208,0.453044,-0.557743,0.531336,-0.448727,336.500000,112.200000,404.800000,205.700000,498.000000,99.500000,558.700000,210.500000,634.800000,141.200000
13.00,-3.555311,0.150209,0.872524,-0.014603,0.021792,-0.003930,0.999648,0.0319644,-0.0373625,-0.0314208,0.453044,-0.557743,0.531336,-0.448727,337.500000,111.300000,404.200000,205.500000,498.200000,101.300000,560.300000,211.500000,636.300000,141.800000
13.10,-3.548678,0.152821,0.871745,-0.012976,0.017228,-0.003281,0.999762,0.0319644,-0.0373625,-0.0314208,0.453044,-0.557743,0.531336,-0.448727,338.500000,111.000000,403.700000,205.500000,498.500000,103.000000,561.800000,212.500000,638.000000,142.700000
13.20,-3.542049,0.155047,0.870668,-0.008255,0.012523,-0.002424,0.999885,0.0319644,-0.0373625,-0.0314208,0.453044,-0.557743,0.531336,-0.448727,339.700000,111.000000,403.500000,205.700000,499.000000,103.700000,563.200000,213.300000,639.500000,143.000000
13.30,-3.536003,0.156078,0.870250,-0.014578,0.013925,-0.000969,0.999796,0.0319644,-0.0373625,-0.0314208,0.453044,-0.557743,0.531336,-0.448727,340.500000,111.500000,403.500000,206.000000,499.800000,104.500000,564.300000,214.000000,640.300000,143.300000
13.40,-3.529815,0.156925,0.869614,-0.013518,0.012638,-0.001555,0.999828,0.0319644,-0.0373625,-0.0314208,0.453044,-0.557743,0.531336,-0.448727,341.000000,111.800000,403.500000,206.800000,500.800000,105.300000,565.700000,215.000000,641.300000,143.500000
13.50,-3.524720,0.157657,0.870734,-0.018351,0.014950,-0.000687,0.999720,0.0319644,-0.0373625,-0.0314208,0.453044,-0.557743,0.531336,-0.448727,341.200000,112.000000,403.500000,207.700000,501.700000,105.700000,566.800000,215.500000,642.500000,143.500000
13.60,-3.519861,0.158979,0.872634,-0.016421,0.015680,-0.000546,0.999742,0.0319644,-0.0373625,-0.0314208,0.453044,-0.557743,0.531336,-0.448727,341.300000,112.200000,403.500000,208.500000,502.300000,105.500000,567.800000,216.300000,643.500000,143.500000
13.70,-3.514059,0.161204,0.875766,-0.015209,0.015810,-0.001466,0.999758,0.0319644,-0.0373625,-0.0314208,0.453044,-0.557743,0.531336,-0.448727,341.200000,112.000000,403.300000,208.700000,502.500000,104.800000,568.500000,216.300000,644.300000,142.800000
13.80,-3.508735,0.162863,0.878488,-0.013197,0.015261,-0.001775,0.999795,0.0319644,-0.0373625,-0.0314208,0.453044,-0.557743,0.531336,-0.448727,340.500000,111.800000,403.200000,208.700000,502.800000,104.000000,568.800000,216.300000,644.500000,142.200000
13.90,-3.503565,0.164379,0.879841,-0.015490,0.012740,-0.002066,0.999797,0.0319644,-0.0373625,-0.0314208,0.453044,-0.557743,0.531336,-0.448727,339.200000,111.800000,402.800000,208.500000,502.800000,103.000000,569.000000,216.200000,645.000000,141.500000
14.00,-3.499311,0.164750,0.880540,-0.014425,0.016007,-0.001971,0.999766,0.0319644,-0.0373625,-0.0314208,0.453044,-0.557743,0.531336,-0.448727,337.300000,112.500000,402.500000,208.200000,503.000000,102.000000,569.000000,216.300000,645.200000,141.200000
14.10,-3.494341,0.165799,0.880156,-0.014079,0.019256,-0.003833,0.999708,0.0319644,-0.0373625,-0.0314208,0.453044,-0.557743,0.531336,-0.448727,335.500000,113.200000,402.300000,207.800000,503.000000,101.200000,569.000000,216.300000,645.500000,140.500000
14.20,-3.488926,0.165742,0.878529,-0.015850,0.014501,-0.003164,0.999764,0.0319644,-0.0373625,-0.0314208,0.453044,-0.557743,0.531336,-0.448727,333.300000,114.000000,402.000000,207.200000,503.000000,100.000000,568.700000,216.300000,645.700000,139.500000
14.30,-3.483684,0.165178,0.876026,-0.015939,0.016371,-0.002341,0.999736,0.0319644,-0.0373625,-0.0314208,0.453044,-0.557743,0.531336,-0.448727,331.700000,114.500000,401.800000,206.800000,503.000000,99.000000,568.300000,216.200000,646.000000,138.500000
14.40,-3.478656,0.163924,0.873752,-0.019151,0.018637,-0.000227,0.999643,0.0319644,-0.0373625,-0.0314208,0.453044,-0.557743,0.531336,-0.448727,329.000000,115.200000,401.500000,206.300000,502.700000,98.000000,567.700000,216.200000,646.300000,137.300000
14.50,-3.473222,0.161404,0.871317,-0.021822,0.017285,-0.000461,0.999612,0.0319644,-0.0373625,-0.0314208,0.453044,-0.557743,0.531336,-0.448727,326.800000,115.300000,401.200000,205.800000,502.000000,97.200000,567.200000,216.000000,646.500000,136.000000
14.60,-3.467425,0.159265,0.869448,-0.022916,0.016413,0.000832,0.999602,0.0319644,-0.0373625,-0.0314208,0.453044,-0.557743,0.531336,-0.448727,323.800000,115.200000,400.800000,205.000000,501.300000,96.000000,566.500000,215.800000,646.700000,134.700000
14.70,-3.461235,0.157290,0.867923,-0.019223,0.016460,0.000006,0.999680,0.0319644,-0.0373625,-0.0314208,0.453044,-0.557743,0.531336,-0.448727,321.500000,115.000000,400.300000,204.000000,500.500000,94.700000,566.200000,215.500000,646.800000,133.500000
14.80,-3.455026,0.154609,0.867806,-0.023170,0.018965,0.000254,0.999552,0.0319644,-0.0373625,-0.0314208,0.453044,-0.557743,0.531336,-0.448727,319.000000,115.000000,400.200000,203.300000,499.700000,93.500000,566.000000,215.200000,647.000000,132.800000
14.90,-3.448133,0.151940,0.867417,-0.021647,0.017585,0.000604,0.999611,0.0319644,-0.0373625,-0.0314208,0.453044,-0.557743,0.531336,-0.448727,316.700000,116.000000,399.800000,203.200000,497.800000,93.200000,566.000000,215.000000,646.800000,133.000000
15.00,-3.440532,0.149405,0.867469,-0.024497,0.015523,-0.000705,0.999579,0.0319644,-0.0373625,-0.0314208,0.453044,-0.557743,0.531336,-0.448727,314.500000,117.200000,399.500000,203.700000,496.300000,93.300000,565.800000,215.200000,646.700000,134.200000
15.10,-3.432666,0.146586,0.867383,-0.025067,0.013950,0.000995,0.999588,0.0319644,-0.0373625,-0.0314208,0.453044,-0.557743,0.531336,-0.448727,312.000000,119.200000,399.000000,204.500000,494.000000,94.700000,565.500000,215.700000,646.500000,136.200000
15.20,-3.424242,0.144068,0.867602,-0.026696,0.015567,0.000738,0.999522,0.0319644,-0.0373625,-0.0314208,0.453044,-0.557743,0.531336,-0.448727,309.800000,120.800000,398.500000,205.200000,491.800000,95.700000,565.300000,216.200000,646.500000,137.800000
15.30,-3.415218,0.141883,0.867799,-0.022859,0.016483,0.003147,0.999598,0.0319644,-0.0373625,-0.0314208,0.453044,-0.557743,0.531336,-0.448727,307.500000,122.500000,398.200000,205.800000,489.700000,96.800000,565.300000,216.500000,646.500000,139.300000
15.40,-3.406040,0.140033,0.869669,-0.017988,0.012422,0.003781,0.999754,0.0319644,-0.0373625,-0.0314208,0.453044,-0.557743,0.531336,-0.448727,305.300000,123.200000,397.700000,206.200000,488.300000,97.000000,565.500000,216.200000,646.500000,140.000000
15.50,-3.397193,0.137017,0.873345,-0.022290,0.011164,0.003189,0.999684,0.0319644,-0.0373625,-0.0314208,0.453044,-0.557743,0.531336,-0.448727,303.300000,123.800000,397.300000,206.500000,487.500000,97.000000,565.500000,215.700000,646.300000,140.500000
15.60,-3.388045,0.133963,0.878111,-0.027944,0.015075,0.001619,0.999494,0.0319644,-0.0373625,-0.0314208,0.453044,-0.557743,0.531336,-0.448727,301.200000,124.500000,396.700000,206.800000,486.700000,96.700000,565.800000,215.300000,645.800000,140.500000
15.70,-3.378947,0.131121,0.882972,-0.029895,0.010092,0.001408,0.999501,0.0319644,-0.0373625,-0.0314208,0.453044,-0.557743,0.531336,-0.448727,299.300000,125.000000,396.300000,206.800000,486.300000,95.800000,566.200000,214.800000,645.300000,140.200000
15.80,-3.370098,0.129134,0.888034,-0.025932,0.010520,0.000780,0.999608,0.0319644,-0.0373625,-0.0314208,0.453044,-0.557743,0.531336,-0.448727,297.700000,125.500000,395.800000,207.000000,486.200000,95.200000,566.700000,214.500000,644.800000,139.700000
15.90,-3.361376,0.127213,0.892405,-0.024062,0.013211,0.002351,0.999620,0.0319644,-0.0373625,-0.0314208,0.453044,-0.557743,0.531336,-0.448727,296.700000,125.500000,395.700000,206.800000,485.800000,94.500000,567.200000,213.800000,644.700000,138.700000
16.00,-3.352826,0.125592,0.896306,-0.024551,0.013335,0.001454,0.999609,0.0319644,-0.0373625,-0.0314208,0.453044,-0.557743,0.531336,-0.448727,296.000000,125.300000,395.300000,206.800000,485.500000,94.500000,567.700000,213.300000,644.500000,137.700000
16.10,-3.344319,0.124484,0.898849,-0.023965,0.013778,0.002116,0.999616,0.0319644,-0.0373625,-0.0314208,0.453044,-0.557743,0.531336,-0.448727,295.200000,124.800000,395.200000,206.700000,485.300000,94.500000,568.000000,212.800000,644.700000,136.300000
16.20,-3.335763,0.123991,0.900769,-0.021162,0.014901,0.000335,0.999665,0.0319644,-0.0373625,-0.0314208,0.453044,-0.557743,0.531336,-0.448727,293.800000,124.200000,395.000000,206.500000,485.300000,94.200000,568.000000,212.200000,644.700000,134.800000
16.30,-3.327219,0.123106,0.901807,-0.024255,0.014606,0.001388,0.999598,0.0319644,-0.0373625,-0.0314208,0.453044,-0.557743,0.531336,-0.448727,292.200000,123.500000,395.000000,206.500000,485.000000,93.700000,568.200000,211.800000,644.800000,133.300000
16.40,-3.318771,0.123409,0.902020,-0.021416,0.017363,0.000852,0.999619,0.0319644,-0.0373625,-0.0314208,0.453044,-0.557743,0.531336,-0.448727,290.800000,122.700000,395.000000,206.500000,484.500000,92.800000,568.300000,211.500000,644.800000,132.000000
16.50,-3.310232,0.123681,0.901518,-0.023095,0.019387,0.000311,0.999545,0.0319644,-0.0373625,-0.0314208,0.453044,-0.557743,0.531336,-0.448727,289.800000,122.000000,395.000000,206.500000,483.700000,92.300000,568.500000,211.700000,644.800000,131.000000
16.60,-3.300887,0.124238,0.900399,-0.020080,0.017320,-0.000075,0.999648,0.0319644,-0.0373625,-0.0314208,0.453044,-0.557743,0.531336,-0.448727,288.800000,121.200000,395.000000,206.200000,483.000000,91.700000,568.700000,211.500000,645.200000,129.700000
16.70,-3.290980,0.124215,0.898737,-0.019787,0.016196,0.001014,0.999673,0.0319644,-0.0373625,-0.0314208,0.453044,-0.557743,0.531336,-0.448727,287.800000,120.200000,395.200000,205.500000,482.800000,90.800000,569.000000,211.300000,645.800000,127.700000
16.80,-3.280705,0.124138,0.896583,-0.022178,0.011098,-0.000645,0.999692,0.0319644,-0.0373625,-0.0314208,0.453044,-0.557743,0.531336,-0.448727,286.800000,119.000000,395.300000,204.500000,483.300000,89.800000,569.500000,210.700000,647.000000,126.000000
16.90,-3.271222,0.124285,0.894069,-0.020972,0.007430,-0.001700,0.999751,0.0319644,-0.0373625,-0.0314208,0.453044,-0.557743,0.531336,-0.448727,286.200000,118.300000,395.700000,203.800000,484.200000,89.000000,570.300000,210.300000,648.000000,124.700000
17.00,-3.261957,0.123724,0.890939,-0.020368,0.011964,-0.000347,0.999721,0.0319644,-0.0373625,-0.0314208,0.453044,-0.557743,0.531336,-0.448727,285.700000,118.300000,395.800000,203.500000,485.000000,88.800000,571.200000,210.200000,649.000000,124.500000
17.10,-3.252875,0.123524,0.887058,-0.020711,0.014517,0.001063,0.999680,0.0319644,-0.0373625,-0.0314208,0.453044,-0.557743,0.531336,-0.448727,285.700000,118.700000,396.200000,203.500000,486.700000,88.800000,572.000000,210.300000,650.200000,124.500000
17.20,-3.242704,0.124026,0.882744,-0.022916,0.013473,0.000372,0.999647,0.0319644,-0.0373625,-0.0314208,0.453044,-0.557743,0.531336,-0.448727,286.200000,119.300000,396.300000,203.500000,488.700000,89.300000,572.700000,210.500000,651.700000,124.800000
17.30,-3.232615,0.125161,0.878991,-0.019780,0.010318,0.000587,0.999751,0.0319644,-0.0373625,-0.0314208,0.453044,-0.557743,0.531336,-0.448727,286.700000,119.700000,396.800000,203.500000,491.000000,89.700000,573.300000,210.500000,653.200000,125.300000
17.40,-3.223075,0.126836,0.875761,-0.016158,0.005369,0.000385,0.999855,0.0319644,-0.0373625,-0.0314208,0.453044,-0.557743,0.531336,-0.448727,287.300000,120.300000,397.200000,203.200000,493.500000,90.200000,574.300000,210.700000,654.700000,125.800000
17.50,-3.214984,0.128471,0.873916,-0.016097,0.006076,-0.000398,0.999852,0.0319644,-0.0373625,-0.0314208,0.453044,-0.557743,0.531336,-0.448727,288.000000,121.000000,397.700000,203.000000,495.700000,90.500000,575.200000,211.000000,655.700000,126.700000
17.60,-3.207601,0.130339,0.873029,-0.018468,0.008113,-0.001142,0.999796,0.0319644,-0.0373625,-0.0314208,0.453044,-0.557743,0.531336,-0.448727,289.000000,122.000000,397.800000,202.800000,497.800000,91.000000,576.300000,211.500000,656.700000,127.500000
17.70,-3.201744,0.132776,0.873914,-0.017108,0.010518,0.000043,0.999798,0.0319644,-0.0373625,-0.0314208,0.453044,-0.557743,0.531336,-0.448727,289.800000,122.800000,398.300000,202.800000,499.700000,91.300000,577.700000,212.000000,657.000000,128.200000
17.80,-3.196111,0.136136,0.875763,-0.015217,0.013127,-0.000691,0.999798,0.0319644,-0.0373625,-0.0314208,0.453044,-0.557743,0.531336,-0.448727,290.300000,123.300000,398.700000,202.700000,501.500000,91.700000,579.200000,212.500000,657.300000,128.500000
17.90,-3.190856,0.139937,0.878119,-0.015399,0.014724,-0.000066,0.999773,0.0319644,-0.0373625,-0.0314208,0.453044,-0.557743,0.531336,-0.448727,290.800000,123.500000,399.300000,202.200000,503.200000,91.700000,580.700000,212.300000,657.800000,128.300000
18.00,-3.185580,0.144221,0.880312,-0.015539,0.013794,0.000084,0.999784,0.0319644,-0.0373625,-0.0314208,0.453044,-0.557743,0.531336,-0.448727,291.500000,123.700000,399.700000,201.800000,504.300000,91.800000,581.700000,212.200000,658.500000,128.200000
18.10,-3.180460,0.148341,0.882108,-0.013661,0.017569,0.000081,0.999752,0.0319644,-0.0373625,-0.0314208,0.453044,-0.557743,0.531336,-0.448727,292.200000,123.800000,400.500000,201.200000,505.800000,91.800000,582.700000,211.700000,659.500000,127.700000
18.20,-3.175164,0.152069,0.883699,-0.014225,0.014382,-0.001106,0.999795,0.0319644,-0.0373625,-0.0314208,0.453044,-0.557743,0.531336,-0.448727,292.700000,124.300000,401.300000,200.700000,507.700000,92.200000,583.500000,211.700000,660.300000,127.000000
18.30,-3.169357,0.155959,0.883947,-0.015790,0.012554,-0.001099,0.999796,0.0319644,-0.0373625,-0.0314208,0.453044,-0.557743,0.531336,-0.448727,293.200000,124.700000,402.300000,200.000000,509.500000,92.300000,584.300000,211.500000,661.500000,126.300000
18.40,-3.163650,0.159973,0.883355,-0.016078,0.013168,-0.002296,0.999781,0.0319644,-0.0373625,-0.0314208,0.453044,-0.557743,0.531336,-0.448727,294.300000,125.300000,403.300000,199.300000,511.700000,92.000000,585.200000,211.200000,663.000000,125.300000
18.50,-3.157643,0.163995,0.882500,-0.012049,0.012050,-0.001848,0.999853,0.0319644,-0.0373625,-0.0314208,0.453044,-0.557743,0.531336,-0.448727,295.300000,125.800000,404.000000,198.800000,513.700000,91.300000,585.800000,210.700000,664.500000,124.300000
18.60,-3.152838,0.168477,0.880346,-0.013431,0.014013,-0.002341,0.999809,0.0319644,-0.0373625,-0.0314208,0.453044,-0.557743,0.531336,-0.448727,296.300000,126.800000,404.800000,198.500000,516.000000,90.000000,586.300000,210.000000,666.200000,122.700000
18.70,-3.147711,0.172708,0.878217,-0.015233,0.016031,-0.002029,0.999753,0.0319644,-0.0373625,-0.0314208,0.453044,-0.557743,0.531336,-0.448727,296.500000,127.500000,405.500000,198.500000,517.700000,88.700000,586.700000,209.200000,667.300000,121.200000
18.80,-3.141930,0.177217,0.876286,-0.011313,0.015301,-0.000634,0.999819,0.0319644,-0.0373625,-0.0314208,0.453044,-0.557743,0.531336,-0.448727,296.700000,128.000000,406.500000,198.500000,519.200000,87.300000,586.800000,208.300000,668.500000,119.700000
18.90,-3.136749,0.181934,0.873403,-0.012305,0.014666,-0.000492,0.999817,0.0319644,-0.0373625,-0.0314208,0.453044,-0.557743,0.531336,-0.448727,296.200000,127.500000,407.200000,198.000000,520.300000,86.000000,586.800000,206.700000,669.700000,118.000000
19.00,-3.130994,0.186800,0.870557,-0.013202,0.012366,-0.000821,0.999836,0.0319644,-0.0373625,-0.0314208,0.453044,-0.557743,0.531336,-0.448727,296.200000,126.700000,407.500000,197.300000,521.200000,84.800000,586.800000,205.300000,670.700000,116.700000
19.10,-3.125918,0.191366,0.867222,-0.007921,0.010222,-0.001251,0.999916,0.0319644,-0.0373625,-0.0314208,0.453044,-0.557743,0.531336,-0.448727,295.500000,125.000000,407.700000,196.700000,521.800000,83.300000,587.000000,203.500000,671.800000,115.300000
19.20,-3.121211,0.195489,0.863764,-0.009974,0.014795,-0.000373,0.999841,0.0319644,-0.0373625,-0.0314208,0.453044,-0.557743,0.531336,-0.448727,295.300000,123.500000,407.700000,196.500000,522.200000,82.500000,587.300000,202.700000,672.800000,114.700000
19.30,-3.116916,0.199003,0.860230,-0.010697,0.018065,-0.000826,0.999779,0.0319644,-0.0373625,-0.0314208,0.453044,-0.557743,0.531336,-0.448727,294.800000,122.200000,407.700000,196.800000,522.500000,82.000000,587.500000,202.000000,673.700000,114.300000
19.40,-3.111651,0.202681,0.857463,-0.008234,0.018337,-0.001000,0.999797,0.0319644,-0.0373625,-0.0314208,0.453044,-0.557743,0.531336,-0.448727,294.700000,121.700000,407.800000,197.200000,522.700000,82.000000,587.500000,202.300000,674.500000,114.700000
19.50,-3.106561,0.205364,0.853110,-0.009199,0.014362,-0.001685,0.999853,0.0319644,-0.0373625,-0.0314208,0.453044,-0.557743,0.531336,-0.448727,294.000000,121.700000,408.200000,197.500000,522.700000,82.000000,587.300000,203.000000,675.000000,115.500000
19.60,-3.101049,0.207145,0.850454,-0.011120,0.016308,-0.000403,0.999805,0.0319644,-0.0373625,-0.0314208,0.453044,-0.557743,0.531336,-0.448727,292.500000,123.000000,408.200000,198.200000,522.700000,82.500000,587.200000,204.300000,676.000000,117.200000
19.70,-3.095950,0.208569,0.848139,-0.013078,0.015792,-0.002108,0.999788,0.0319644,-0.0373625,-0.0314208,0.453044,-0.557743,0.531336,-0.448727,291.000000,125.200000,407.800000,199.000000,522.500000,83.300000,587.000000,205.700000,676.300000,118.800000
19.80,-3.089832,0.208718,0.847097,-0.012555,0.018476,-0.000429,0.999750,0.0319644,-0.0373625,-0.0314208,0.453044,-0.557743,0.531336,-0.448727,290.200000,127.700000,407.500000,200.000000,522.500000,84.300000,587.000000,207.000000,676.700000,120.500000
19.90,-3.084242,0.208502,0.845770,-0.014995,0.022411,0.000570,0.999636,0.0319644,-0.0373625,-0.0314208,0.453044,-0.557743,0.531336,-0.448727,290.000000,130.700000,407.200000,200.800000,522.300000,85.500000,587.200000,208.500000,676.300000,121.800000
20.00,-3.076871,0.208431,0.846625,-0.015917,0.022179,0.000446,0.999627,0.0319644,-0.0373625,-0.0314208,0.453044,-0.557743,0.531336,-0.448727,290.200000,133.700000,406.800000,201.800000,522.200000,86.300000,587.000000,210.000000,676.000000,123.200000
20.10,-3.068455,0.208157,0.848616,-0.010316,0.015585,0.000097,0.999825,0.0319644,-0.0373625,-0.0314208,0.453044,-0.557743,0.531336,-0.448727,290.200000,137.500000,406.200000,203.200000,521.800000,87.700000,587.000000,212.200000,675.300000,125.500000
20.20,-3.059521,0.206567,0.851816,-0.019964,0.013558,0.000770,0.999708,0.0319644,-0.0373625,-0.0314208,0.453044,-0.557743,0.531336,-0.448727,290.500000,140.000000,405.800000,204.300000,522.000000,88.500000,586.800000,214.200000,674.800000,127.500000
20.30,-3.051589,0.204897,0.855968,-0.018429,0.012710,-0.000340,0.999749,0.0319644,-0.0373625,-0.0314208,0.453044,-0.557743,0.531336,-0.448727,291.200000,141.800000,405.700000,205.500000,522.200000,89.300000,587.200000,216.000000,674.500000,129.500000
20.40,-3.044426,0.203066,0.860753,-0.019777,0.016463,-0.001972,0.999667,0.0319644,-0.0373625,-0.0314208,0.453044,-0.557743,0.531336,-0.448727,292.000000,142.200000,405.800000,206.200000,522.800000,89.200000,587.300000,216.800000,674.500000,130.200000
20.50,-3.036885,0.200737,0.865696,-0.016014,0.016799,-0.000088,0.999731,0.0319644,-0.0373625,-0.0314208,0.453044,-0.557743,0.531336,-0.448727,293.000000,141.700000,406.000000,206.200000,523.300000,88.500000,587.700000,216.800000,674.500000,130.200000
20.60,-3.030102,0.198244,0.871773,-0.019939,0.013733,0.000986,0.999706,0.0319644,-0.0373625,-0.0314208,0.453044,-0.557743,0.531336,-0.448727,294.000000,140.000000,406.000000,205.800000,524.300000,87.500000,588.300000,216.500000,674.500000,129.300000
20.70,-3.023786,0.195943,0.877752,-0.023799,0.014901,-0.000137,0.999606,0.0319644,-0.0373625,-0.0314208,0.453044,-0.557743,0.531336,-0.448727,294.800000,137.800000,406.000000,205.500000,525.300000,86.800000,589.000000,216.200000,674.700000,128.200000
20.80,-3.017811,0.194455,0.882584,-0.019843,0.016661,0.000919,0.999664,0.0319644,-0.0373625,-0.0314208,0.453044,-0.557743,0.531336,-0.448727,295.500000,135.800000,406.000000,205.500000,526.300000,86.700000,589.200000,216.000000,675.000000,127.000000
20.90,-3.011854,0.193917,0.885732,-0.017275,0.018281,-0.000149,0.999684,0.0319644,-0.0373625,-0.0314208,0.453044,-0.557743,0.531336,-0.448727,296.800000,133.500000,406.000000,205.300000,527.000000,86.300000,589.200000,215.500000,675.200000,125.700000
21.00,-3.005468,0.194093,0.886718,-0.016959,0.012852,-0.000030,0.999774,0.0319644,-0.0373625,-0.0314208,0.453044,-0.557743,0.531336,-0.448727,298.000000,131.700000,406.000000,205.000000,527.300000,86.000000,589.200000,214.500000,675.300000,124.300000
21.10,-2.999926,0.195427,0.885890,-0.015162,0.013442,-0.000983,0.999794,0.0319644,-0.0373625,-0.0314208,0.453044,-0.557743,0.531336,-0.448727,299.300000,129.800000,406.000000,204.700000,527.500000,85.800000,589.500000,213.200000,675.300000,123.200000
21.20,-2.994310,0.196420,0.884132,-0.014046,0.012373,-0.000497,0.999825,0.0319644,-0.0373625,-0.0314208,0.453044,-0.557743,0.531336,-0.448727,299.700000,129.200000,406.000000,204.300000,527.800000,86.200000,589.800000,211.800000,675.800000,122.300000
21.30,-2.988933,0.197944,0.882074,-0.008909,0.014715,-0.001074,0.999851,0.0319644,-0.0373625,-0.0314208,0.453044,-0.557743,0.531336,-0.448727,299.800000,129.000000,406.000000,204.200000,528.200000,86.500000,590.200000,210.800000,676.000000,121.700000
21.40,-2.983830,0.199624,0.879547,-0.007673,0.017258,-0.001998,0.999820,0.0319644,-0.0373625,-0.0314208,0.453044,-0.557743,0.531336,-0.448727,299.800000,129.200000,406.200000,204.200000,528.500000,87.000000,591.000000,210.000000,676.500000,121.500000
21.50,-2.977615,0.200890,0.876755,-0.012028,0.017827,-0.002191,0.999766,0.0319644,-0.0373625,-0.0314208,0.453044,-0.557743,0.531336,-0.448727,299.700000,129.700000,406.300000,204.700000,528.700000,88.200000,591.500000,209.700000,676.700000,122.200000
21.60,-2.970982,0.201939,0.873319,-0.011920,0.014331,-0.001728,0.999825,0.0319644,-0.0373625,-0.0314208,0.453044,-0.557743,0.531336,-0.448727,299.300000,130.300000,406.500000,205.500000,528.800000,90.300000,592.000000,209.800000,677.000000,123.700000
21.70,-2.964663,0.203491,0.870189,-0.012963,0.013788,-0.002401,0.999818,0.0319644,-0.0373625,-0.0314208,0.453044,-0.557743,0.531336,-0.448727,299.000000,130.800000,406.500000,206.200000,529.000000,92.200000,592.300000,210.000000,677.300000,124.700000
21.80,-2.957354,0.204819,0.867642,-0.009695,0.013624,-0.001649,0.999859,0.0319644,-0.0373625,-0.0314208,0.453044,-0.557743,0.531336,-0.448727,298.800000,130.800000,406.800000,206.200000,529.300000,93.200000,593.000000,209.800000,677.800000,125.000000
21.90,-2.949838,0.206641,0.866610,-0.005758,0.010748,-0.000957,0.999925,0.0319644,-0.0373625,-0.0314208,0.453044,-0.557743,0.531336,-0.448727,298.800000,129.800000,407.200000,205.800000,530.200000,93.200000,594.000000,209.500000,679.000000,124.700000
22.00,-2.942559,0.208409,0.867179,-0.006373,0.008547,-0.001406,0.999942,0.0319644,-0.0373625,-0.0314208,0.453044,-0.557743,0.531336,-0.448727,298.500000,128.300000,407.700000,205.300000,531.200000,93.000000,594.800000,209.000000,679.800000,124.300000
22.10,-2.935997,0.209246,0.867393,-0.008994,0.007438,-0.002790,0.999928,0.0319644,-0.0373625,-0.0314208,0.453044,-0.557743,0.531336,-0.448727,298.200000,126.300000,407.800000,205.300000,531.800000,92.800000,595.300000,208.500000,680.500000,123.800000
22.20,-2.930508,0.209825,0.867782,-0.009904,0.015823,-0.001157,0.999825,0.0319644,-0.0373625,-0.0314208,0.453044,-0.557743,0.531336,-0.448727,298.000000,124.500000,408.000000,205.500000,532.300000,92.800000,595.500000,207.800000,680.800000,123.700000
22.30,-2.924171,0.211089,0.866886,-0.012445,0.018545,-0.002018,0.999749,0.0319644,-0.0373625,-0.0314208,0.453044,-0.557743,0.531336,-0.448727,297.800000,122.800000,407.800000,205.800000,532.700000,93.000000,595.500000,207.500000,681.200000,123.500000
22.40,-2.916797,0.212708,0.866195,-0.011454,0.012062,-0.001357,0.999861,0.0319644,-0.0373625,-0.0314208,0.453044,-0.557743,0.531336,-0.448727,297.500000,121.500000,407.500000,206.200000,532.700000,93.800000,595.700000,207.500000,681.700000,123.800000
22.50,-2.908843,0.214757,0.865779,-0.004947,0.010126,0.000242,0.999936,0.0319644,-0.0373625,-0.0314208,0.453044,-0.557743,0.531336,-0.448727,297.200000,120.000000,407.200000,206.200000,532.200000,94.500000,595.700000,207.300000,681.800000,123.500000
22.60,-2.900735,0.216493,0.864804,-0.005699,0.005075,-0.000540,0.999971,0.0319644,-0.0373625,-0.0314208,0.453044,-0.557743,0.531336,-0.448727,296.700000,118.000000,406.800000,206.000000,531.300000,95.200000,595.500000,206.800000,682.200000,123.300000
22.70,-2.893856,0.219146,0.864229,-0.004782,0.004164,-0.001791,0.999978,0.0319644,-0.0373625,-0.0314208,0.453044,-0.557743,0.531336,-0.448727,296.200000,116.200000,406.700000,205.700000,530.500000,95.700000,595.200000,206.500000,682.500000,123.000000
22.80,-2.887843,0.220854,0.863259,-0.006107,0.006532,-0.001150,0.999959,0.0319644,-0.0373625,-0.0314208,0.453044,-0.557743,0.531336,-0.448727,295.300000,114.700000,406.500000,205.700000,529.700000,96.000000,595.000000,206.300000,682.800000,123.000000
22.90,-2.882596,0.222342,0.862106,-0.002652,0.010535,-0.000595,0.999941,0.0319644,-0.0373625,-0.0314208,0.453044,-0.557743,0.531336,-0.448727,294.300000,113.500000,406.300000,205.300000,529.000000,95.800000,595.000000,206.500000,683.200000,123.000000
23.00,-2.878395,0.222931,0.861113,-0.001923,0.011462,-0.000144,0.999932,0.0319644,-0.0373625,-0.0314208,0.453044,-0.557743,0.531336,-0.448727,293.700000,112.500000,406.200000,204.800000,528.000000,95.200000,595.000000,206.500000,683.300000,123.000000
23.10,-2.873369,0.222781,0.859930,-0.005636,0.012186,-0.000052,0.999910,0.0319644,-0.0373625,-0.0314208,0.453044,-0.557743,0.531336,-0.448727,293.000000,111.700000,405.700000,203.800000,526.500000,94.300000,595.200000,206.500000,683.300000,123.200000
23.20,-2.867980,0.221882,0.859677,-0.008420,0.013455,0.000282,0.999874,0.0319644,-0.0373625,-0.0314208,0.453044,-0.557743,0.531336,-0.448727,292.300000,111.500000,405.300000,203.000000,524.800000,93.700000,595.300000,206.800000,683.200000,123.300000
23.30,-2.861622,0.220933,0.859664,-0.008807,0.012391,-0.000487,0.999884,0.0319644,-0.0373625,-0.0314208,0.453044,-0.557743,0.531336,-0.448727,291.000000,111.700000,404.800000,202.300000,522.800000,93.000000,595.500000,207.500000,682.500000,123.700000
23.40,-2.855377,0.219909,0.859529,-0.009752,0.013014,0.000050,0.999868,0.0319644,-0.0373625,-0.0314208,0.453044,-0.557743,0.531336,-0.448727,289.300000,111.800000,404.300000,202.000000,520.800000,92.500000,595.500000,208.200000,681.700000,123.800000
23.50,-2.847204,0.218881,0.859980,-0.006329,0.010268,0.000350,0.999927,0.0319644,-0.0373625,-0.0314208,0.453044,-0.557743,0.531336,-0.448727,287.700000,112.300000,403.700000,202.000000,518.500000,92.300000,595.200000,208.800000,680.700000,124.300000
23.60,-2.840015,0.216940,0.860774,-0.005922,0.005364,-0.000068,0.999968,0.0319644,-0.0373625,-0.0314208,0.453044,-0.557743,0.531336,-0.448727,285.800000,112.800000,402.700000,202.000000,516.300000,92.200000,594.700000,209.200000,679.500000,124.700000
23.70,-2.834065,0.214935,0.861835,-0.003235,0.005090,0.001483,0.999981,0.0319644,-0.0373625,-0.0314208,0.453044,-0.557743,0.531336,-0.448727,284.500000,113.500000,401.500000,202.200000,514.000000,92.200000,594.000000,209.500000,678.500000,125.000000
23.80,-2.829455,0.212390,0.862740,-0.003999,0.002941,0.000834,0.999987,0.0319644,-0.0373625,-0.0314208,0.453044,-0.557743,0.531336,-0.448727,282.300000,114.200000,399.800000,202.500000,511.700000,91.700000,593.200000,209.300000,676.800000,124.700000
23.90,-2.826653,0.209488,0.863837,-0.002793,0.003010,0.000511,0.999991,0.0319644,-0.0373625,-0.0314208,0.453044,-0.557743,0.531336,-0.448727,279.500000,114.700000,398.000000,202.800000,509.500000,91.200000,592.000000,208.700000,675.200000,124.000000
24.00,-2.824123,0.205151,0.864762,-0.004757,0.011043,0.000321,0.999928,0.0319644,-0.0373625,-0.0314208,0.453044,-0.557743,0.531336,-0.448727,276.500000,114.800000,396.200000,203.000000,507.800000,90.300000,591.000000,207.800000,673.300000,123.000000
24.10,-2.822473,0.200426,0.865361,-0.006170,0.012381,-0.000246,0.999904,0.0319644,-0.0373625,-0.0314208,0.453044,-0.557743,0.531336,-0.448727,274.200000,114.000000,394.700000,202.700000,506.200000,89.000000,589.800000,206.800000,671.800000,121.700000
24.20,-2.820088,0.194916,0.865558,-0.007354,0.017062,-0.000204,0.999827,0.0319644,-0.0373625,-0.0314208,0.453044,-0.557743,0.531336,-0.448727,272.200000,113.000000,392.800000,202.300000,504.500000,87.300000,588.800000,206.200000,670.300000,120.300000
24.30,-2.816746,0.188697,0.865815,-0.009071,0.017687,0.000103,0.999802,0.0319644,-0.0373625,-0.0314208,0.453044,-0.557743,0.531336,-0.448727,269.200000,112.300000,390.700000,202.300000,502.000000,86.200000,586.800000,206.000000,668.300000,119.300000
24.40,-2.811779,0.182042,0.864958,-0.010368,0.013924,-0.000725,0.999849,0.0319644,-0.0373625,-0.0314208,0.453044,-0.557743,0.531336,-0.448727,265.500000,112.000000,388.500000,203.000000,499.200000,85.700000,584.700000,206.200000,666.300000,118.800000
24.50,-2.805842,0.175041,0.864542,-0.011090,0.013489,-0.001117,0.999847,0.0319644,-0.0373625,-0.0314208,0.453044,-0.557743,0.531336,-0.448727,262.200000,111.500000,387.000000,203.500000,496.300000,85.700000,582.700000,206.700000,664.500000,118.500000
24.60,-2.800935,0.167458,0.862218,-0.012815,0.011644,-0.000989,0.999850,0.0319644,-0.0373625,-0.0314208,0.453044,-0.557743,0.531336,-0.448727,259.000000,110.300000,385.800000,203.500000,493.800000,84.800000,581.000000,206.300000,662.500000,117.700000
24.70,-2.795343,0.160315,0.860474,-0.012975,0.003925,0.000145,0.999908,0.0319644,-0.0373625,-0.0314208,0.453044,-0.557743,0.531336,-0.448727,256.800000,109.300000,384.500000,203.000000,491.700000,84.200000,579.500000,206.000000,660.700000,117.000000
24.80,-2.791314,0.152688,0.859016,-0.010272,0.007039,-0.000396,0.999922,0.0319644,-0.0373625,-0.0314208,0.453044,-0.557743,0.531336,-0.448727,254.500000,108.200000,383.000000,202.700000,488.500000,83.500000,577.300000,205.500000,658.700000,116.500000
24.90,-2.787534,0.145417,0.857691,-0.009291,0.009582,-0.000124,0.999911,0.0319644,-0.0373625,-0.0314208,0.453044,-0.557743,0.531336,-0.448727,252.800000,107.200000,381.800000,202.300000,485.800000,83.000000,575.000000,205.200000,657.300000,116.300000
25.00,-2.783617,0.137489,0.856664,-0.012175,0.011950,0.000349,0.999854,0.0319644,-0.0373625,-0.0314208,0.453044,-0.557743,0.531336,-0.448727,250.800000,105.700000,381.200000,201.800000,483.000000,82.200000,572.800000,204.500000,656.200000,115.500000
25.10,-2.780073,0.130288,0.855322,-0.012593,0.011590,-0.000267,0.999853,0.0319644,-0.0373625,-0.0314208,0.453044,-0.557743,0.531336,-0.448727,250.000000,103.800000,380.800000,200.700000,481.500000,80.700000,571.200000,203.200000,655.500000,113.800000
25.20,-2.776551,0.122791,0.853535,-0.013828,0.014013,-0.001033,0.999806,0.0319644,-0.0373625,-0.0314208,0.453044,-0.557743,0.531336,-0.448727,249.500000,101.800000,380.700000,199.300000,479.700000,79.000000,570.200000,201.700000,655.000000,112.000000
25.30,-2.773086,0.115961,0.851371,-0.011552,0.008517,-0.001347,0.999896,0.0319644,-0.0373625,-0.0314208,0.453044,-0.557743,0.531336,-0.448727,249.700000,100.000000,380.800000,198.200000,478.000000,77.200000,569.300000,200.200000,654.500000,110.200000
25.40,-2.770088,0.109734,0.849218,-0.010706,0.011613,-0.001763,0.999874,0.0319644,-0.0373625,-0.0314208,0.453044,-0.557743,0.531336,-0.448727,249.300000,98.500000,381.300000,197.700000,476.200000,75.700000,569.000000,199.000000,654.300000,108.800000
25.50,-2.767421,0.104361,0.846680,-0.013370,0.015758,-0.000804,0.999786,0.0319644,-0.0373625,-0.0314208,0.453044,-0.557743,0.531336,-0.448727,249.300000,97.500000,382.000000,197.500000,475.000000,74.800000,568.800000,198.300000,654.300000,107.700000
25.60,-2.764837,0.099421,0.844133,-0.015005,0.014059,0.000424,0.999788,0.0319644,-0.0373625,-0.0314208,0.453044,-0.557743,0.531336,-0.448727,249.300000,97.200000,382.700000,197.500000,474.500000,74.700000,569.500000,198.000000,654.500000,107.000000
25.70,-2.761374,0.096414,0.841481,-0.012571,0.022113,-0.001047,0.999676,0.0319644,-0.0373625,-0.0314208,0.453044,-0.557743,0.531336,-0.448727,249.500000,97.200000,383.300000,197.300000,474.300000,74.700000,570.200000,197.700000,654.500000,106.300000
25.80,-2.757370,0.093529,0.838099,-0.008428,0.012547,-0.000988,0.999885,0.0319644,-0.0373625,-0.0314208,0.453044,-0.557743,0.531336,-0.448727,249.000000,97.700000,383.700000,197.500000,474.000000,75.000000,571.200000,197.300000,654.500000,106.000000
25.90,-2.753815,0.091338,0.834745,-0.010125,0.011327,-0.001823,0.999883,0.0319644,-0.0373625,-0.0314208,0.453044,-0.557743,0.531336,-0.448727,247.800000,98.300000,382.800000,198.000000,473.000000,75.300000,570.800000,197.200000,653.800000,105.800000
26.00,-2.750535,0.089975,0.831975,-0.012173,0.015156,-0.000746,0.999811,0.0319644,-0.0373625,-0.0314208,0.453044,-0.557743,0.531336,-0.448727,245.500000,99.300000,381.500000,198.700000,472.000000,76.000000,570.200000,197.500000,652.800000,106.200000
26.10,-2.747225,0.089142,0.830807,-0.004521,0.018500,-0.000816,0.999818,0.0319644,-0.0373625,-0.0314208,0.453044,-0.557743,0.531336,-0.448727,243.200000,100.000000,380.300000,199.300000,471.300000,76.300000,569.500000,197.800000,651.700000,106.300000
26.20,-2.742757,0.088751,0.831066,-0.006388,0.018185,-0.003147,0.999809,0.0319644,-0.0373625,-0.0314208,0.453044,-0.557743,0.531336,-0.448727,241.300000,100.300000,380.000000,199.700000,471.300000,76.500000,569.800000,198.200000,651.200000,106.500000
26.30,-2.737864,0.088324,0.832490,-0.005722,0.017471,-0.004098,0.999823,0.0319644,-0.0373625,-0.0314208,0.453044,-0.557743,0.531336,-0.448727,239.700000,100.200000,379.800000,200.200000,471.000000,76.200000,570.200000,198.300000,650.700000,106.300000
26.40,-2.732721,0.087908,0.835373,0.001951,0.016774,-0.005489,0.999842,0.0319644,-0.0373625,-0.0314208,0.453044,-0.557743,0.531336,-0.448727,237.700000,99.500000,379.500000,200.200000,470.500000,75.800000,569.700000,198.500000,650.000000,105.700000
26.50,-2.728334,0.087309,0.837469,-0.003990,0.016964,-0.006197,0.999829,0.0319644,-0.0373625,-0.0314208,0.453044,-0.557743,0.531336,-0.448727,235.200000,98.700000,379.000000,200.200000,470.200000,75.300000,568.700000,198.500000,649.300000,105.000000
26.60,-2.721884,0.085937,0.840446,-0.006713,0.014951,-0.007990,0.999834,0.0319644,-0.0373625,-0.0314208,0.453044,-0.557743,0.531336,-0.448727,233.200000,98.300000,379.000000,200.000000,470.300000,75.500000,567.000000,199.300000,649.000000,104.800000
26.70,-2.715335,0.084277,0.841652,-0.007287,0.017832,-0.008054,0.999782,0.0319644,-0.0373625,-0.0314208,0.453044,-0.557743,0.531336,-0.448727,231.800000,98.000000,379.200000,200.000000,470.700000,76.000000,565.300000,200.200000,648.700000,105.200000
26.80,-2.707860,0.081571,0.841008,-0.006691,0.014866,-0.006177,0.999848,0.0319644,-0.0373625,-0.0314208,0.453044,-0.557743,0.531336,-0.448727,230.300000,98.000000,379.500000,200.300000,470.200000,78.200000,563.300000,201.800000,648.300000,106.000000
26.90,-2.699851,0.078216,0.839864,-0.008840,0.012240,-0.006400,0.999866,0.0319644,-0.0373625,-0.0314208,0.453044,-0.557743,0.531336,-0.448727,228.800000,97.700000,379.500000,200.300000,469.700000,80.500000,561.800000,202.800000,647.500000,106.800000
27.00,-2.691826,0.074151,0.839033,-0.011680,0.011940,-0.005426,0.999846,0.0319644,-0.0373625,-0.0314208,0.453044,-0.557743,0.531336,-0.448727,227.000000,98.000000,379.500000,200.700000,468.700000,83.500000,560.500000,204.700000,646.300000,108.200000
27.10,-2.683230,0.069992,0.839250,-0.011960,0.017200,-0.003772,0.999773,0.0319644,-0.0373625,-0.0314208,0.453044,-0.557743,0.531336,-0.448727,224.700000,99.000000,379.200000,201.000000,467.800000,87.200000,558.800000,206.200000,644.700000,110.000000
27.20,-2.675622,0.065482,0.838628,-0.016493,0.014809,-0.002616,0.999751,0.0319644,-0.0373625,-0.0314208,0.453044,-0.557743,0.531336,-0.448727,222.300000,100.800000,378.700000,202.000000,466.500000,91.200000,557.000000,208.200000,643.000000,112.200000
27.30,-2.667063,0.061775,0.840403,-0.014877,0.012281,-0.002749,0.999810,0.0319644,-0.0373625,-0.0314208,0.453044,-0.557743,0.531336,-0.448727,219.800000,103.200000,377.700000,203.000000,464.800000,96.000000,555.000000,210.200000,641.500000,114.700000
27.40,-2.658173,0.058444,0.843442,-0.009929,0.014695,-0.001280,0.999842,0.0319644,-0.0373625,-0.0314208,0.453044,-0.557743,0.531336,-0.448727,218.200000,105.200000,376.700000,204.000000,463.300000,99.500000,554.000000,211.800000,640.800000,116.500000
27.50,-2.649979,0.055591,0.846451,-0.010622,0.013942,0.000914,0.999846,0.0319644,-0.0373625,-0.0314208,0.453044,-0.557743,0.531336,-0.448727,216.500000,106.800000,375.700000,204.700000,462.200000,102.300000,553.500000,212.800000,640.500000,118.000000
27.60,-2.641909,0.051784,0.851355,-0.013243,0.008329,0.002895,0.999873,0.0319644,-0.0373625,-0.0314208,0.453044,-0.557743,0.531336,-0.448727,214.800000,107.800000,374.800000,204.700000,461.300000,103.500000,553.500000,212.800000,640.500000,118.500000
27.70,-2.634418,0.047535,0.857569,-0.012701,0.011099,0.003426,0.999852,0.0319644,-0.0373625,-0.0314208,0.453044,-0.557743,0.531336,-0.448727,213.700000,108.500000,374.000000,204.300000,460.500000,103.800000,553.500000,212.500000,640.200000,118.500000
27.80,-2.627595,0.043796,0.864939,-0.013822,0.008493,0.003133,0.999864,0.0319644,-0.0373625,-0.0314208,0.453044,-0.557743,0.531336,-0.448727,212.700000,108.800000,373.000000,203.500000,459.300000,103.300000,554.000000,211.300000,639.800000,117.300000
27.90,-2.621070,0.040004,0.871897,-0.014967,0.007291,0.005304,0.999847,0.0319644,-0.0373625,-0.0314208,0.453044,-0.557743,0.531336,-0.448727,212.200000,108.700000,372.000000,202.500000,457.800000,102.200000,554.800000,209.800000,639.700000,115.700000
28.00,-2.615103,0.036776,0.876757,-0.017404,0.002378,0.006144,0.999827,0.0319644,-0.0373625,-0.0314208,0.453044,-0.557743,0.531336,-0.448727,211.500000,108.500000,371.000000,201.500000,456.700000,100.800000,555.800000,208.200000,639.500000,113.800000
28.10,-2.610178,0.034199,0.879580,-0.015875,0.004792,0.007370,0.999835,0.0319644,-0.0373625,-0.0314208,0.453044,-0.557743,0.531336,-0.448727,211.000000,107.700000,369.800000,200.700000,456.200000,99.500000,556.700000,207.000000,639.700000,112.000000
28.20,-2.606265,0.032270,0.880567,-0.014675,0.007309,0.008658,0.999828,0.0319644,-0.0373625,-0.0314208,0.453044,-0.557743,0.531336,-0.448727,210.500000,107.000000,369.000000,200.200000,456.300000,98.200000,557.200000,206.000000,639.800000,110.500000
28.30,-2.603265,0.030418,0.879150,-0.015419,0.005469,0.007779,0.999836,0.0319644,-0.0373625,-0.0314208,0.453044,-0.557743,0.531336,-0.448727,210.000000,105.800000,367.800000,199.700000,456.200000,96.200000,557.700000,205.200000,640.000000,108.700000
28.40,-2.600941,0.029451,0.876873,-0.017936,0.004614,0.006723,0.999806,0.0319644,-0.0373625,-0.0314208,0.453044,-0.557743,0.531336,-0.448727,209.700000,105.700000,366.700000,200.300000,455.700000,95.700000,557.700000,205.800000,639.800000,108.700000
28.50,-2.599965,0.028173,0.873755,-0.018738,0.008038,0.006887,0.999768,0.0319644,-0.0373625,-0.0314208,0.453044,-0.557743,0.531336,-0.448727,209.700000,105.700000,365.300000,201.200000,455.200000,95.500000,557.800000,207.200000,639.800000,108.800000
28.60,-2.599018,0.027595,0.869634,-0.016979,0.004349,0.005114,0.999833,0.0319644,-0.0373625,-0.0314208,0.453044,-0.557743,0.531336,-0.448727,209.800000,106.300000,364.300000,202.300000,454.800000,96.300000,558.300000,210.000000,640.000000,110.300000
28.70,-2.599218,0.027191,0.865494,-0.018757,0.004212,0.003617,0.999809,0.0319644,-0.0373625,-0.0314208,0.453044,-0.557743,0.531336,-0.448727,210.300000,106.300000,363.800000,202.700000,455.000000,96.200000,559.200000,212.000000,640.700000,110.500000
28.80,-2.600249,0.026537,0.861768,-0.017165,0.009569,0.002186,0.999804,0.0319644,-0.0373625,-0.0314208,0.453044,-0.557743,0.531336,-0.448727,211.200000,106.000000,363.700000,202.800000,455.800000,95.800000,560.700000,215.000000,641.300000,111.200000
28.90,-2.602517,0.025152,0.858870,-0.013122,0.015499,0.001685,0.999792,0.0319644,-0.0373625,-0.0314208,0.453044,-0.557743,0.531336,-0.448727,212.300000,105.300000,363.800000,203.000000,457.000000,95.500000,561.800000,217.800000,642.500000,111.200000
29.00,-2.604555,0.023615,0.856730,-0.017683,0.013978,0.001531,0.999745,0.0319644,-0.0373625,-0.0314208,0.453044,-0.557743,0.531336,-0.448727,213.500000,105.000000,364.000000,203.200000,458.000000,95.300000,563.300000,221.000000,643.700000,111.700000
29.10,-2.605337,0.022397,0.857520,-0.020049,0.014043,0.001156,0.999700,0.0319644,-0.0373625,-0.0314208,0.453044,-0.557743,0.531336,-0.448727,215.000000,105.300000,364.500000,204.000000,458.800000,96.000000,564.800000,224.200000,645.200000,112.300000
29.20,-2.606917,0.021477,0.858770,-0.023028,0.010708,-0.001703,0.999676,0.0319644,-0.0373625,-0.0314208,0.453044,-0.557743,0.531336,-0.448727,216.300000,106.000000,365.200000,204.500000,459.800000,96.500000,566.700000,226.500000,646.300000,113.200000
29.30,-2.608004,0.022048,0.861151,-0.020993,0.009085,-0.001553,0.999737,0.0319644,-0.0373625,-0.0314208,0.453044,-0.557743,0.531336,-0.448727,217.800000,107.200000,366.200000,205.200000,460.800000,97.000000,569.000000,228.300000,647.500000,113.800000
29.40,-2.609154,0.024089,0.862993,-0.017501,0.009028,-0.003345,0.999801,0.0319644,-0.0373625,-0.0314208,0.453044,-0.557743,0.531336,-0.448727,218.500000,108.300000,367.000000,205.500000,461.700000,97.000000,571.200000,228.700000,648.700000,114.200000
29.50,-2.610247,0.026166,0.863925,-0.013158,0.008242,-0.002272,0.999877,0.0319644,-0.0373625,-0.0314208,0.453044,-0.557743,0.531336,-0.448727,219.200000,109.500000,367.700000,206.200000,462.200000,97.000000,573.200000,228.700000,649.500000,114.300000
29.60,-2.611838,0.028335,0.863901,-0.013956,0.012158,-0.001588,0.999827,0.0319644,-0.0373625,-0.0314208,0.453044,-0.557743,0.531336,-0.448727,219.300000,110.500000,368.200000,206.800000,462.700000,97.300000,574.700000,227.800000,650.200000,114.800000
29.70,-2.613012,0.030694,0.864480,-0.016482,0.015471,-0.001837,0.999743,0.0319644,-0.0373625,-0.0314208,0.453044,-0.557743,0.531336,-0.448727,219.200000,111.300000,368.300000,207.500000,462.800000,98.000000,575.700000,226.800000,650.300000,115.200000
29.80,-2.613149,0.033729,0.865007,-0.015084,0.016828,-0.000697,0.999744,0.0319644,-0.0373625,-0.0314208,0.453044,-0.557743,0.531336,-0.448727,218.200000,112.500000,368.500000,208.000000,462.700000,98.700000,576.700000,225.000000,649.700000,115.700000
29.90,-2.612521,0.036115,0.865719,-0.011748,0.014881,-0.000076,0.999820,0.0319644,-0.0373625,-0.0314208,0.453044,-0.557743,0.531336,-0.448727,216.500000,113.700000,368.500000,208.300000,462.200000,99.300000,577.000000,223.300000,648.700000,116.000000
30.00,-2.611236,0.037887,0.865842,-0.013294,0.013358,0.000071,0.999822,0.0319644,-0.0373625,-0.0314208,0.453044,-0.557743,0.531336,-0.448727,214.800000,114.700000,368.500000,208.300000,461.500000,99.500000,577.200000,221.500000,647.800000,116.200000
30.10,-2.609962,0.038744,0.866353,-0.015214,0.014640,-0.000461,0.999777,0.0319644,-0.0373625,-0.0314208,0.453044,-0.557743,0.531336,-0.448727,213.500000,115.200000,368.300000,207.800000,461.200000,99.200000,577.000000,219.300000,647.700000,115.800000
30.20,-2.608145,0.039701,0.866789,-0.014749,0.014664,-0.000042,0.999784,0.0319644,-0.0373625,-0.0314208,0.453044,-0.557743,0.531336,-0.448727,212.500000,115.300000,368.300000,207.000000,461.000000,98.500000,576.700000,217.200000,647.500000,115.300000
30.30,-2.606196,0.039642,0.867294,-0.009618,0.008119,-0.000142,0.999921,0.0319644,-0.0373625,-0.0314208,0.453044,-0.557743,0.531336,-0.448727,211.500000,115.700000,368.300000,206.000000,460.700000,97.800000,576.200000,215.000000,647.000000,114.700000
30.40,-2.604015,0.038495,0.868308,-0.014241,0.008585,0.001276,0.999861,0.0319644,-0.0373625,-0.0314208,0.453044,-0.557743,0.531336,-0.448727,210.500000,115.500000,368.500000,204.700000,460.300000,97.300000,575.300000,213.300000,646.800000,113.700000
30.50,-2.603753,0.035755,0.868180,-0.017701,0.008380,0.000974,0.999808,0.0319644,-0.0373625,-0.0314208,0.453044,-0.557743,0.531336,-0.448727,210.000000,115.300000,368.500000,203.500000,460.000000,96.800000,574.800000,212.200000,646.800000,112.500000
30.60,-2.603423,0.033516,0.868202,-0.017207,0.006827,0.002075,0.999826,0.0319644,-0.0373625,-0.0314208,0.453044,-0.557743,0.531336,-0.448727,209.800000,115.000000,368.700000,202.500000,460.300000,96.300000,574.200000,211.300000,647.000000,111.300000
30.70,-2.604263,0.030752,0.867973,-0.019218,0.007472,0.002167,0.999785,0.0319644,-0.0373625,-0.0314208,0.453044,-0.557743,0.531336,-0.448727,210.000000,114.700000,368.800000,202.200000,460.800000,95.800000,573.700000,211.000000,647.000000,110.500000
30.80,-2.604582,0.028556,0.867180,-0.021485,0.008948,0.001393,0.999728,0.0319644,-0.0373625,-0.0314208,0.453044,-0.557743,0.531336,-0.448727,210.500000,113.700000,369.200000,201.200000,461.300000,94.700000,573.200000,210.500000,647.200000,109.000000
30.90,-2.605599,0.026190,0.865609,-0.017833,0.008078,0.001723,0.999807,0.0319644,-0.0373625,-0.0314208,0.453044,-0.557743,0.531336,-0.448727,211.000000,112.300000,369.500000,200.200000,461.800000,93.300000,572.500000,210.200000,647.300000,107.500000
31.00,-2.605663,0.024599,0.864771,-0.020515,0.013727,0.001959,0.999693,0.0319644,-0.0373625,-0.0314208,0.453044,-0.557743,0.531336,-0.448727,211.700000,110.800000,369.800000,199.200000,462.500000,92.000000,572.200000,210.000000,647.800000,106.000000
31.10,-2.606884,0.023190,0.861435,-0.019772,0.013113,0.001830,0.999717,0.0319644,-0.0373625,-0.0314208,0.453044,-0.557743,0.531336,-0.448727,212.000000,109.200000,370.300000,198.700000,463.500000,90.500000,571.700000,209.800000,648.200000,104.800000
31.20,-2.607574,0.022691,0.858830,-0.019656,0.011064,0.001279,0.999745,0.0319644,-0.0373625,-0.0314208,0.453044,-0.557743,0.531336,-0.448727,212.300000,107.700000,370.500000,198.300000,464.200000,89.200000,571.500000,209.300000,648.300000,103.700000
31.30,-2.608108,0.022974,0.856270,-0.017671,0.012079,0.001093,0.999770,0.0319644,-0.0373625,-0.0314208,0.453044,-0.557743,0.531336,-0.448727,212.700000,106.000000,370.500000,197.300000,464.500000,87.300000,571.200000,208.000000,648.200000,102.200000
31.40,-2.608442,0.023575,0.853817,-0.016438,0.014836,0.001721,0.999753,0.0319644,-0.0373625,-0.0314208,0.453044,-0.557743,0.531336,-0.448727,213.000000,105.500000,370.200000,197.000000,464.500000,86.500000,570.700000,206.800000,648.000000,101.200000
31.50,-2.608685,0.024654,0.852068,-0.014236,0.014328,0.000411,0.999796,0.0319644,-0.0373625,-0.0314208,0.453044,-0.557743,0.531336,-0.448727,213.500000,105.300000,369.800000,196.700000,464.500000,86.000000,570.700000,205.500000,648.200000,100.500000
31.60,-2.607764,0.025475,0.850826,-0.014894,0.020586,-0.000374,0.999677,0.0319644,-0.0373625,-0.0314208,0.453044,-0.557743,0.531336,-0.448727,214.300000,106.000000,369.800000,197.000000,464.500000,86.500000,570.700000,204.500000,648.800000,100.500000
31.70,-2.607315,0.026431,0.847363,-0.010826,0.012373,0.000456,0.999865,0.0319644,-0.0373625,-0.0314208,0.453044,-0.557743,0.531336,-0.448727,215.300000,106.500000,369.800000,197.000000,464.300000,87.000000,571.000000,203.200000,649.700000,100.500000
31.80,-2.606596,0.027426,0.844862,-0.011343,0.008458,-0.001049,0.999899,0.0319644,-0.0373625,-0.0314208,0.453044,-0.557743,0.531336,-0.448727,216.800000,107.800000,369.800000,197.500000,463.800000,88.300000,571.500000,202.300000,650.700000,101.000000
31.90,-2.606539,0.027873,0.842213,-0.013367,0.010250,-0.001908,0.999856,0.0319644,-0.0373625,-0.0314208,0.453044,-0.557743,0.531336,-0.448727,217.800000,109.300000,369.500000,198.200000,463.300000,90.000000,572.000000,201.800000,651.200000,101.700000
32.00,-2.607117,0.027660,0.840892,-0.014235,0.013061,-0.001045,0.999813,0.0319644,-0.0373625,-0.0314208,0.453044,-0.557743,0.531336,-0.448727,218.700000,111.700000,369.000000,199.300000,462.700000,92.000000,572.500000,201.800000,652.000000,102.800000
32.10,-2.606600,0.028253,0.841232,-0.019995,0.019242,-0.001062,0.999614,0.0319644,-0.0373625,-0.0314208,0.453044,-0.557743,0.531336,-0.448727,219.500000,113.300000,368.700000,200.300000,462.700000,93.300000,572.700000,202.200000,652.500000,103.800000
32.20,-2.605080,0.029488,0.842963,-0.014834,0.018390,0.000335,0.999721,0.0319644,-0.0373625,-0.0314208,0.453044,-0.557743,0.531336,-0.448727,220.500000,115.000000,368.500000,201.300000,463.000000,94.500000,573.000000,203.000000,653.000000,105.000000
32.30,-2.602056,0.031714,0.845773,-0.010673,0.010682,0.000001,0.999886,0.0319644,-0.0373625,-0.0314208,0.453044,-0.557743,0.531336,-0.448727,221.800000,116.000000,368.500000,202.000000,464.000000,95.500000,573.300000,204.300000,653.000000,106.000000
32.40,-2.599289,0.033536,0.848931,-0.008650,0.008117,-0.000042,0.999930,0.0319644,-0.0373625,-0.0314208,0.453044,-0.557743,0.531336,-0.448727,222.700000,116.500000,368.500000,202.500000,465.000000,96.200000,573.700000,205.500000,653.300000,107.000000
32.50,-2.596253,0.034834,0.852355,-0.008533,0.009965,0.001909,0.999912,0.0319644,-0.0373625,-0.0314208,0.453044,-0.557743,0.531336,-0.448727,223.700000,116.000000,368.500000,202.700000,466.200000,96.500000,574.000000,206.500000,653.800000,107.700000
32.60,-2.592731,0.035652,0.857137,-0.011244,0.012000,0.003517,0.999859,0.0319644,-0.0373625,-0.0314208,0.453044,-0.557743,0.531336,-0.448727,224.200000,114.700000,368.500000,202.700000,467.200000,96.500000,574.300000,206.800000,654.300000,108.000000
32.70,-2.589885,0.036139,0.861256,-0.011652,0.011162,0.003106,0.999865,0.0319644,-0.0373625,-0.0314208,0.453044,-0.557743,0.531336,-0.448727,224.300000,113.200000,368.500000,202.800000,468.000000,96.700000,574.500000,207.300000,654.700000,108.300000
32.80,-2.586093,0.036679,0.865976,-0.011474,0.006491,0.003442,0.999907,0.0319644,-0.0373625,-0.0314208,0.453044,-0.557743,0.531336,-0.448727,224.000000,111.500000,368.800000,202.800000,468.800000,96.800000,574.500000,207.500000,655.700000,108.700000
32.90,-2.582947,0.037509,0.870696,-0.011924,0.004117,0.002355,0.999918,0.0319644,-0.0373625,-0.0314208,0.453044,-0.557743,0.531336,-0.448727,223.500000,110.000000,369.200000,203.000000,469.800000,97.300000,574.500000,207.800000,656.300000,109.200000
33.00,-2.580632,0.038296,0.874208,-0.012946,0.009883,0.000725,0.999867,0.0319644,-0.0373625,-0.0314208,0.453044,-0.557743,0.531336,-0.448727,222.700000,108.700000,369.500000,203.300000,470.500000,98.000000,574.300000,208.500000,656.700000,110.200000
33.10,-2.578496,0.039193,0.876734,-0.010430,0.012412,0.000113,0.999869,0.0319644,-0.0373625,-0.0314208,0.453044,-0.557743,0.531336,-0.448727,221.700000,108.700000,369.500000,204.300000,470.500000,99.200000,574.200000,209.700000,655.500000,111.800000
33.20,-2.575917,0.039521,0.877300,-0.010683,0.009916,0.001036,0.999893,0.0319644,-0.0373625,-0.0314208,0.453044,-0.557743,0.531336,-0.448727,220.300000,109.200000,369.500000,205.300000,469.300000,100.500000,573.700000,210.800000,654.500000,113.700000
33.30,-2.573361,0.040123,0.876910,-0.013776,0.008721,-0.000193,0.999867,0.0319644,-0.0373625,-0.0314208,0.453044,-0.557743,0.531336,-0.448727,218.700000,111.000000,369.500000,206.300000,467.800000,102.200000,573.200000,211.800000,653.300000,115.700000
33.40,-2.570715,0.041310,0.877282,-0.014492,0.007992,0.002878,0.999859,0.0319644,-0.0373625,-0.0314208,0.453044,-0.557743,0.531336,-0.448727,216.700000,112.800000,369.200000,207.000000,465.700000,103.800000,572.800000,212.700000,652.300000,117.300000
33.50,-2.567474,0.042286,0.877959,-0.006483,0.004576,0.004717,0.999957,0.0319644,-0.0373625,-0.0314208,0.453044,-0.557743,0.531336,-0.448727,214.800000,115.500000,368.700000,208.000000,463.700000,105.500000,572.700000,213.700000,651.200000,119.300000
33.60,-2.564577,0.043079,0.878411,-0.002726,0.003713,0.003946,0.999982,0.0319644,-0.0373625,-0.0314208,0.453044,-0.557743,0.531336,-0.448727,213.700000,117.700000,368.000000,208.300000,461.700000,106.700000,572.700000,214.200000,650.200000,120.500000
33.70,-2.561270,0.041849,0.879793,-0.006171,0.002632,0.005430,0.999963,0.0319644,-0.0373625,-0.0314208,0.453044,-0.557743,0.531336,-0.448727,213.200000,119.700000,367.800000,208.300000,460.200000,107.300000,572.700000,214.200000,649.500000,121.200000
33.80,-2.559994,0.039110,0.879927,-0.014906,0.003952,0.003099,0.999876,0.0319644,-0.0373625,-0.0314208,0.453044,-0.557743,0.531336,-0.448727,213.000000,122.000000,367.200000,208.000000,458.800000,108.200000,572.800000,214.000000,649.000000,121.500000
33.90,-2.558383,0.035960,0.881239,-0.013339,0.005465,0.004234,0.999887,0.0319644,-0.0373625,-0.0314208,0.453044,-0.557743,0.531336,-0.448727,212.800000,124.300000,366.700000,207.800000,457.800000,109.200000,573.000000,213.800000,648.200000,121.700000
34.00,-2.556882,0.033075,0.882587,-0.013524,0.002444,0.003054,0.999901,0.0319644,-0.0373625,-0.0314208,0.453044,-0.557743,0.531336,-0.448727,212.800000,127.000000,365.700000,207.500000,457.200000,110.200000,572.500000,213.800000,647.200000,122.000000
34.10,-2.556925,0.029653,0.882579,-0.019849,0.002644,0.003606,0.999793,0.0319644,-0.0373625,-0.0314208,0.453044,-0.557743,0.531336,-0.448727,213.200000,128.800000,365.000000,207.300000,457.300000,110.800000,571.700000,213.800000,646.200000,122.300000
34.20,-2.557362,0.027233,0.882595,-0.018485,0.008041,0.004356,0.999787,0.0319644,-0.0373625,-0.0314208,0.453044,-0.557743,0.531336,-0.448727,213.800000,130.500000,364.300000,207.200000,457.700000,111.300000,570.500000,214.000000,645.700000,122.800000
34.30,-2.557678,0.026080,0.882052,-0.018335,0.005373,0.003344,0.999812,0.0319644,-0.0373625,-0.0314208,0.453044,-0.557743,0.531336,-0.448727,214.500000,132.200000,363.800000,207.700000,458.500000,112.000000,569.500000,214.500000,645.300000,123.500000
34.40,-2.558973,0.024678,0.881573,-0.014203,-0.003046,0.002594,0.999891,0.0319644,-0.0373625,-0.0314208,0.453044,-0.557743,0.531336,-0.448727,214.800000,133.200000,363.700000,207.700000,459.200000,112.300000,568.500000,214.800000,645.000000,123.800000
34.50,-2.561687,0.023647,0.881354,-0.017937,0.001964,0.001978,0.999835,0.0319644,-0.0373625,-0.0314208,0.453044,-0.557743,0.531336,-0.448727,214.800000,133.200000,363.700000,207.300000,460.700000,111.800000,567.500000,214.700000,644.500000,123.700000
34.60,-2.566195,0.022589,0.881414,-0.017979,0.001796,0.001547,0.999836,0.0319644,-0.0373625,-0.0314208,0.453044,-0.557743,0.531336,-0.448727,214.700000,132.000000,364.000000,206.800000,462.200000,110.700000,566.500000,214.300000,644.200000,123.500000
34.70,-2.571895,0.021848,0.880628,-0.019185,0.001817,0.001890,0.999813,0.0319644,-0.0373625,-0.0314208,0.453044,-0.557743,0.531336,-0.448727,214.500000,130.300000,364.300000,206.500000,463.500000,109.000000,565.700000,214.000000,644.000000,123.200000
34.80,-2.578958,0.021794,0.880443,-0.018288,0.012100,0.003476,0.999753,0.0319644,-0.0373625,-0.0314208,0.453044,-0.557743,0.531336,-0.448727,215.000000,128.700000,365.000000,206.500000,464.200000,107.800000,564.800000,214.200000,644.200000,123.200000
34.90,-2.585602,0.021500,0.880208,-0.014614,0.015399,0.002476,0.999772,0.0319644,-0.0373625,-0.0314208,0.453044,-0.557743,0.531336,-0.448727,215.500000,127.300000,365.700000,206.500000,464.300000,107.300000,564.000000,214.700000,644.700000,123.200000
35.00,-2.591435,0.021477,0.879702,-0.018648,0.015698,0.001903,0.999701,0.0319644,-0.0373625,-0.0314208,0.453044,-0.557743,0.531336,-0.448727,216.500000,125.700000,366.700000,206.700000,464.300000,107.300000,563.200000,215.300000,645.200000,122.800000
35.10,-2.596021,0.020739,0.879488,-0.020912,0.010630,0.004047,0.999717,0.0319644,-0.0373625,-0.0314208,0.453044,-0.557743,0.531336,-0.448727,217.000000,123.800000,367.500000,206.500000,464.200000,107.300000,562.700000,215.500000,645.700000,122.000000
35.20,-2.600265,0.020053,0.879215,-0.019475,0.013850,0.005260,0.999701,0.0319644,-0.0373625,-0.0314208,0.453044,-0.557743,0.531336,-0.448727,217.300000,121.800000,368.200000,206.300000,463.700000,107.300000,562.300000,215.200000,645.800000,120.700000
35.30,-2.603534,0.019365,0.879254,-0.018770,0.013296,0.004533,0.999725,0.0319644,-0.0373625,-0.0314208,0.453044,-0.557743,0.531336,-0.448727,217.500000,120.200000,368.700000,205.700000,462.800000,107.300000,562.500000,214.200000,645.800000,119.500000
35.40,-2.606043,0.018693,0.878583,-0.019984,0.010815,0.003783,0.999735,0.0319644,-0.0373625,-0.0314208,0.453044,-0.557743,0.531336,-0.448727,217.500000,119.200000,368.700000,205.700000,461.700000,108.200000,562.500000,213.800000,645.300000,119.300000
35.50,-2.607658,0.018332,0.878538,-0.016162,0.014366,0.002123,0.999764,0.0319644,-0.0373625,-0.0314208,0.453044,-0.557743,0.531336,-0.448727,218.000000,118.700000,368.700000,206.000000,460.700000,109.500000,562.300000,213.700000,644.300000,119.800000
35.60,-2.609899,0.017485,0.876074,-0.020388,0.009566,0.003018,0.999742,0.0319644,-0.0373625,-0.0314208,0.453044,-0.557743,0.531336,-0.448727,218.300000,119.000000,368.700000,207.000000,460.300000,111.200000,561.800000,214.200000,643.500000,121.200000
35.70,-2.611226,0.016652,0.874032,-0.022017,0.011949,0.002813,0.999682,0.0319644,-0.0373625,-0.0314208,0.453044,-0.557743,0.531336,-0.448727,219.000000,119.500000,368.700000,208.000000,460.300000,112.500000,561.500000,214.300000,643.000000,122.000000
35.80,-2.612051,0.016139,0.871398,-0.021349,0.010291,0.001697,0.999718,0.0319644,-0.0373625,-0.0314208,0.453044,-0.557743,0.531336,-0.448727,219.700000,120.300000,369.000000,209.000000,461.200000,113.800000,561.800000,214.700000,643.300000,123.000000
35.90,-2.612982,0.014913,0.869254,-0.021029,0.002516,0.002786,0.999772,0.0319644,-0.0373625,-0.0314208,0.453044,-0.557743,0.531336,-0.448727,220.300000,121.000000,369.300000,209.700000,462.000000,114.700000,562.200000,214.500000,643.500000,123.500000
36.00,-2.615721,0.013602,0.868088,-0.021286,0.002745,0.001628,0.999768,0.0319644,-0.0373625,-0.0314208,0.453044,-0.557743,0.531336,-0.448727,221.200000,122.200000,370.200000,210.500000,463.700000,115.500000,562.800000,214.700000,643.800000,124.300000
36.10,-2.619253,0.011638,0.867285,-0.024875,0.012723,0.001141,0.999609,0.0319644,-0.0373625,-0.0314208,0.453044,-0.557743,0.531336,-0.448727,221.700000,123.200000,371.000000,210.800000,465.200000,115.700000,563.300000,214.300000,644.800000,124.700000
36.20,-2.622747,0.009836,0.866815,-0.026023,0.015155,0.001347,0.999546,0.0319644,-0.0373625,-0.0314208,0.453044,-0.557743,0.531336,-0.448727,222.000000,124.200000,371.700000,211.200000,466.700000,116.000000,563.800000,214.300000,646.500000,125.200000
36.30,-2.626818,0.008691,0.866751,-0.027192,0.011088,-0.000043,0.999569,0.0319644,-0.0373625,-0.0314208,0.453044,-0.557743,0.531336,-0.448727,221.800000,125.500000,371.700000,211.000000,467.500000,116.500000,564.200000,214.300000,648.500000,125.700000
36.40,-2.630637,0.008644,0.865981,-0.028983,0.012331,-0.001588,0.999503,0.0319644,-0.0373625,-0.0314208,0.453044,-0.557743,0.531336,-0.448727,221.700000,127.200000,371.300000,211.000000,468.200000,117.500000,564.200000,215.200000,649.500000,126.500000
36.50,-2.634530,0.009894,0.864709,-0.027763,0.013808,-0.002613,0.999516,0.0319644,-0.0373625,-0.0314208,0.453044,-0.557743,0.531336,-0.448727,221.200000,129.800000,370.500000,211.300000,469.300000,119.200000,564.200000,216.300000,649.800000,127.800000
36.60,-2.637921,0.011808,0.863472,-0.024822,0.013329,-0.002774,0.999599,0.0319644,-0.0373625,-0.0314208,0.453044,-0.557743,0.531336,-0.448727,220.700000,132.500000,369.800000,212.000000,470.200000,121.000000,563.800000,217.500000,650.000000,129.500000
36.70,-2.640659,0.014648,0.861385,-0.021998,0.012503,-0.003430,0.999674,0.0319644,-0.0373625,-0.0314208,0.453044,-0.557743,0.531336,-0.448727,220.000000,134.800000,369.200000,213.200000,470.700000,122.700000,563.500000,218.500000,650.500000,131.200000
36.80,-2.642905,0.018018,0.861002,-0.020924,0.008720,-0.001503,0.999742,0.0319644,-0.0373625,-0.0314208,0.453044,-0.557743,0.531336,-0.448727,219.700000,136.500000,369.200000,214.000000,470.700000,124.200000,563.300000,219.000000,651.500000,132.800000
36.90,-2.644930,0.020475,0.863259,-0.017444,0.004423,0.000337,0.999838,0.0319644,-0.0373625,-0.0314208,0.453044,-0.557743,0.531336,-0.448727,219.300000,137.300000,369.300000,214.500000,471.300000,125.000000,563.500000,219.000000,652.200000,133.800000
37.00,-2.647726,0.021945,0.867978,-0.020903,0.008523,0.002617,0.999742,0.0319644,-0.0373625,-0.0314208,0.453044,-0.557743,0.531336,-0.448727,219.300000,137.700000,369.700000,214.500000,472.200000,125.800000,563.800000,218.700000,652.800000,134.800000
37.10,-2.650031,0.022792,0.874043,-0.021676,0.013459,0.006665,0.999652,0.0319644,-0.0373625,-0.0314208,0.453044,-0.557743,0.531336,-0.448727,219.500000,137.300000,370.300000,214.200000,473.500000,126.300000,564.200000,218.300000,653.300000,135.200000
37.20,-2.651489,0.022548,0.881034,-0.020082,0.019015,0.008255,0.999583,0.0319644,-0.0373625,-0.0314208,0.453044,-0.557743,0.531336,-0.448727,220.000000,136.500000,371.200000,213.700000,474.500000,126.700000,564.500000,217.800000,654.200000,135.200000
37.30,-2.651134,0.022356,0.888643,-0.026429,0.018315,0.008310,0.999448,0.0319644,-0.0373625,-0.0314208,0.453044,-0.557743,0.531336,-0.448727,220.300000,135.200000,372.000000,212.800000,475.000000,126.300000,565.000000,217.000000,655.200000,134.700000
37.40,-2.651222,0.022667,0.893424,-0.027923,0.013431,0.008350,0.999485,0.0319644,-0.0373625,-0.0314208,0.453044,-0.557743,0.531336,-0.448727,220.500000,134.000000,372.700000,212.300000,474.500000,125.800000,565.500000,216.300000,656.200000,133.800000
37.50,-2.650847,0.024035,0.897837,-0.028421,0.009728,0.007492,0.999521,0.0319644,-0.0373625,-0.0314208,0.453044,-0.557743,0.531336,-0.448727,220.500000,132.800000,373.500000,211.800000,473.300000,125.300000,565.700000,215.700000,657.300000,133.200000
37.60,-2.650573,0.026278,0.901617,-0.024930,0.013250,0.006675,0.999579,0.0319644,-0.0373625,-0.0314208,0.453044,-0.557743,0.531336,-0.448727,220.500000,132.200000,374.200000,211.500000,472.200000,124.800000,565.800000,215.000000,658.300000,132.300000
37.70,-2.651589,0.029415,0.902021,-0.022310,0.016164,0.006706,0.999598,0.0319644,-0.0373625,-0.0314208,0.453044,-0.557743,0.531336,-0.448727,220.800000,131.500000,374.500000,211.200000,471.200000,124.200000,565.800000,214.300000,659.200000,131.700000
37.80,-2.651475,0.033062,0.900648,-0.016716,0.015449,0.004073,0.999733,0.0319644,-0.0373625,-0.0314208,0.453044,-0.557743,0.531336,-0.448727,221.800000,130.800000,374.700000,210.800000,470.700000,123.300000,566.000000,213.700000,659.500000,131.000000
37.90,-2.651957,0.036462,0.898063,-0.014270,0.012850,0.002280,0.999813,0.0319644,-0.0373625,-0.0314208,0.453044,-0.557743,0.531336,-0.448727,223.200000,130.000000,374.700000,210.700000,470.300000,122.800000,566.000000,213.200000,659.500000,130.300000
38.00,-2.652719,0.038500,0.895858,-0.015589,0.017214,0.003219,0.999725,0.0319644,-0.0373625,-0.0314208,0.453044,-0.557743,0.531336,-0.448727,224.500000,128.300000,374.800000,210.200000,470.300000,121.500000,566.500000,212.500000,659.200000,129.000000
38.10,-2.653186,0.039080,0.894281,-0.019914,0.014581,0.003777,0.999688,0.0319644,-0.0373625,-0.0314208,0.453044,-0.557743,0.531336,-0.448727,225.300000,126.300000,374.700000,209.700000,470.700000,120.200000,566.800000,212.000000,658.800000,127.800000
38.20,-2.654028,0.039532,0.893771,-0.025609,0.012649,0.005312,0.999578,0.0319644,-0.0373625,-0.0314208,0.453044,-0.557743,0.531336,-0.448727,225.700000,124.200000,374.500000,209.200000,471.200000,118.800000,567.200000,211.500000,658.200000,127.000000
38.30,-2.655464,0.040451,0.893422,-0.021579,0.012785,0.004399,0.999676,0.0319644,-0.0373625,-0.0314208,0.453044,-0.557743,0.531336,-0.448727,225.200000,121.800000,373.800000,209.300000,471.000000,119.000000,567.000000,211.700000,657.500000,127.500000
38.40,-2.657274,0.041018,0.892355,-0.021987,0.014505,0.006346,0.999633,0.0319644,-0.0373625,-0.0314208,0.453044,-0.557743,0.531336,-0.448727,224.200000,119.700000,373.200000,209.700000,470.500000,119.700000,566.800000,212.200000,656.800000,128.300000
38.50,-2.659191,0.042261,0.889425,-0.021947,0.016082,0.005523,0.999615,0.0319644,-0.0373625,-0.0314208,0.453044,-0.557743,0.531336,-0.448727,223.200000,116.800000,372.200000,210.300000,470.200000,120.300000,566.500000,213.000000,656.500000,129.700000
38.60,-2.660992,0.043973,0.885856,-0.021484,0.016400,0.005701,0.999618,0.0319644,-0.0373625,-0.0314208,0.453044,-0.557743,0.531336,-0.448727,222.300000,114.500000,371.200000,211.200000,470.700000,120.200000,566.200000,213.500000,656.500000,131.000000
38.70,-2.661937,0.045983,0.881333,-0.015024,0.015195,0.002980,0.999767,0.0319644,-0.0373625,-0.0314208,0.453044,-0.557743,0.531336,-0.448727,221.800000,112.200000,370.300000,212.300000,471.200000,119.700000,566.000000,214.000000,656.500000,132.300000
38.80,-2.662433,0.047310,0.877980,-0.012376,0.014017,0.002835,0.999821,0.0319644,-0.0373625,-0.0314208,0.453044,-0.557743,0.531336,-0.448727,221.800000,110.200000,370.000000,213.200000,472.000000,118.500000,566.000000,214.300000,656.500000,133.500000
38.90,-2.662752,0.047282,0.876829,-0.016483,0.015995,0.004729,0.999725,0.0319644,-0.0373625,-0.0314208,0.453044,-0.557743,0.531336,-0.448727,222.000000,109.000000,370.300000,213.800000,472.700000,117.800000,566.200000,214.500000,656.500000,134.500000
39.00,-2.663014,0.046483,0.877105,-0.020199,0.017884,0.006214,0.999617,0.0319644,-0.0373625,-0.0314208,0.453044,-0.557743,0.531336,-0.448727,222.700000,108.200000,371.000000,214.500000,472.700000,118.000000,566.300000,214.500000,656.700000,135.300000
39.10,-2.662949,0.045028,0.878766,-0.022172,0.017196,0.006929,0.999582,0.0319644,-0.0373625,-0.0314208,0.453044,-0.557743,0.531336,-0.448727,223.500000,108.500000,372.200000,215.200000,472.500000,119.500000,566.700000,214.500000,657.200000,135.800000
39.20,-2.662970,0.043186,0.881583,-0.020686,0.018972,0.007824,0.999575,0.0319644,-0.0373625,-0.0314208,0.453044,-0.557743,0.531336,-0.448727,224.500000,108.700000,373.200000,215.300000,472.000000,121.200000,567.000000,214.200000,657.700000,135.800000
39.30,-2.662442,0.041483,0.883342,-0.028106,0.015513,0.006472,0.999464,0.0319644,-0.0373625,-0.0314208,0.453044,-0.557743,0.531336,-0.448727,225.200000,109.500000,374.000000,215.500000,472.300000,123.000000,567.500000,214.500000,658.000000,135.800000
39.40,-2.661674,0.040622,0.884745,-0.024155,0.015266,0.005981,0.999574,0.0319644,-0.0373625,-0.0314208,0.453044,-0.557743,0.531336,-0.448727,225.500000,110.500000,374.200000,215.800000,471.800000,124.800000,567.800000,215.300000,657.800000,136.200000
39.50,-2.660852,0.040086,0.886425,-0.025288,0.013698,0.006652,0.999564,0.0319644,-0.0373625,-0.0314208,0.453044,-0.557743,0.531336,-0.448727,225.800000,111.800000,374.200000,215.800000,471.300000,126.800000,568.000000,216.300000,657.500000,136.200000
39.60,-2.660140,0.040469,0.888199,-0.024508,0.013808,0.007258,0.999578,0.0319644,-0.0373625,-0.0314208,0.453044,-0.557743,0.531336,-0.448727,226.200000,112.800000,374.300000,215.000000,470.500000,128.000000,568.200000,216.500000,657.200000,135.500000
39.70,-2.660026,0.041632,0.889416,-0.024172,0.014125,0.005623,0.999592,0.0319644,-0.0373625,-0.0314208,0.453044,-0.557743,0.531336,-0.448727,226.300000,113.800000,374.700000,214.000000,470.300000,128.800000,568.300000,216.300000,656.800000,134.700000
39.80,-2.660213,0.043008,0.889713,-0.023214,0.015735,0.005103,0.999594,0.0319644,-0.0373625,-0.0314208,0.453044,-0.557743,0.531336,-0.448727,227.200000,115.500000,375.200000,213.300000,470.200000,129.200000,568.700000,216.200000,656.800000,133.700000
39.90,-2.661232,0.043821,0.890432,-0.013320,0.017326,0.005471,0.999746,0.0319644,-0.0373625,-0.0314208,0.453044,-0.557743,0.531336,-0.448727,228.200000,117.000000,375.300000,212.800000,470.300000,129.800000,568.800000,216.200000,656.800000,133.200000
40.00,-2.663764,0.044098,0.890942,-0.023989,0.016298,0.004876,0.999567,0.0319644,-0.0373625,-0.0314208,0.453044,-0.557743,0.531336,-0.448727,229.800000,118.000000,376.200000,211.700000,471.200000,129.800000,569.500000,215.700000,657.700000,131.800000
40.10,-2.666356,0.043683,0.891256,-0.029921,0.015684,0.004220,0.999420,0.0319644,-0.0373625,-0.0314208,0.453044,-0.557743,0.531336,-0.448727,231.200000,118.000000,377.000000,210.500000,472.500000,129.700000,570.300000,215.300000,658.500000,131.000000
40.20,-2.669515,0.043323,0.890460,-0.028009,0.016105,0.003440,0.999472,0.0319644,-0.0373625,-0.0314208,0.453044,-0.557743,0.531336,-0.448727,233.200000,118.700000,378.500000,209.700000,474.200000,129.300000,571.500000,215.200000,659.700000,130.000000
40.30,-2.673016,0.044339,0.889904,-0.026407,0.019326,0.002824,0.999460,0.0319644,-0.0373625,-0.0314208,0.453044,-0.557743,0.531336,-0.448727,235.000000,119.800000,379.500000,209.700000,476.000000,129.300000,572.300000,215.500000,660.500000,129.800000
40.40,-2.676512,0.046263,0.889253,-0.027644,0.021687,0.001729,0.999381,0.0319644,-0.0373625,-0.0314208,0.453044,-0.557743,0.531336,-0.448727,237.000000,121.300000,380.300000,210.000000,477.700000,129.300000,573.000000,216.000000,661.300000,129.800000
40.50,-2.679506,0.049426,0.889363,-0.027985,0.023584,0.002451,0.999327,0.0319644,-0.0373625,-0.0314208,0.453044,-0.557743,0.531336,-0.448727,238.800000,122.800000,380.800000,210.500000,479.500000,128.800000,573.700000,216.300000,662.500000,130.300000
40.60,-2.682802,0.054482,0.887344,-0.025033,0.021995,0.002026,0.999443,0.0319644,-0.0373625,-0.0314208,0.453044,-0.557743,0.531336,-0.448727,240.300000,124.200000,381.200000,210.800000,480.700000,128.200000,574.500000,216.000000,663.700000,130.700000
40.70,-2.685159,0.060658,0.886401,-0.014024,0.021696,0.001710,0.999665,0.0319644,-0.0373625,-0.0314208,0.453044,-0.557743,0.531336,-0.448727,242.200000,125.500000,381.800000,211.300000,482.700000,127.000000,575.500000,215.200000,665.200000,131.300000
40.80,-2.686357,0.067174,0.886097,-0.011856,0.019206,0.002597,0.999742,0.0319644,-0.0373625,-0.0314208,0.453044,-0.557743,0.531336,-0.448727,243.500000,126.500000,382.700000,211.800000,484.800000,125.200000,576.500000,213.800000,666.700000,131.800000
40.90,-2.687362,0.072927,0.887037,-0.012641,0.019373,0.002753,0.999729,0.0319644,-0.0373625,-0.0314208,0.453044,-0.557743,0.531336,-0.448727,245.000000,127.200000,383.500000,212.500000,487.000000,123.300000,577.500000,212.800000,668.000000,132.700000
41.00,-2.686806,0.079294,0.889174,-0.013353,0.017413,0.001468,0.999758,0.0319644,-0.0373625,-0.0314208,0.453044,-0.557743,0.531336,-0.448727,245.500000,127.500000,384.300000,213.200000,488.800000,122.000000,578.200000,211.700000,669.500000,133.500000
41.10,-2.686764,0.085348,0.890721,-0.010412,0.019642,0.003465,0.999747,0.0319644,-0.0373625,-0.0314208,0.453044,-0.557743,0.531336,-0.448727,246.000000,127.200000,385.000000,213.500000,490.000000,121.300000,578.700000,210.500000,670.700000,134.200000
41.20,-2.685060,0.091356,0.892672,-0.006529,0.015770,0.004031,0.999846,0.0319644,-0.0373625,-0.0314208,0.453044,-0.557743,0.531336,-0.448727,246.200000,126.500000,385.800000,214.200000,491.200000,120.700000,579.000000,209.700000,671.800000,135.000000
41.30,-2.682524,0.096830,0.893343,-0.010288,0.013886,0.002871,0.999847,0.0319644,-0.0373625,-0.0314208,0.453044,-0.557743,0.531336,-0.448727,246.300000,125.500000,386.300000,214.700000,491.700000,119.800000,579.300000,209.000000,672.300000,135.500000
41.40,-2.679451,0.101457,0.893881,-0.004578,0.012390,0.003162,0.999908,0.0319644,-0.0373625,-0.0314208,0.453044,-0.557743,0.531336,-0.448727,246.200000,124.500000,386.700000,215.200000,492.000000,119.000000,579.700000,208.800000,672.800000,135.700000
41.50,-2.676002,0.105681,0.894022,-0.007296,0.013141,0.002100,0.999885,0.0319644,-0.0373625,-0.0314208,0.453044,-0.557743,0.531336,-0.448727,245.800000,122.800000,386.800000,215.200000,492.300000,118.200000,580.000000,208.700000,673.200000,135.200000
41.60,-2.671877,0.109250,0.895115,-0.009230,0.011654,0.001366,0.999889,0.0319644,-0.0373625,-0.0314208,0.453044,-0.557743,0.531336,-0.448727,245.300000,121.200000,387.200000,215.000000,493.000000,117.500000,580.300000,209.000000,673.500000,134.700000
41.70,-2.668758,0.112014,0.895581,-0.007219,0.007062,0.001553,0.999948,0.0319644,-0.0373625,-0.0314208,0.453044,-0.557743,0.531336,-0.448727,244.500000,119.700000,387.200000,214.800000,493.800000,117.500000,580.700000,209.800000,673.800000,134.200000
41.80,-2.665233,0.113965,0.896673,-0.005081,0.007591,0.000864,0.999958,0.0319644,-0.0373625,-0.0314208,0.453044,-0.557743,0.531336,-0.448727,243.300000,119.000000,387.200000,214.200000,494.800000,117.800000,580.800000,211.000000,674.300000,133.200000
41.90,-2.661962,0.115549,0.897843,-0.009296,0.008333,0.000701,0.999922,0.0319644,-0.0373625,-0.0314208,0.453044,-0.557743,0.531336,-0.448727,242.300000,118.800000,386.800000,213.500000,495.500000,118.300000,580.800000,212.200000,674.800000,131.800000
42.00,-2.659062,0.115975,0.898276,-0.011072,0.007175,0.001994,0.999911,0.0319644,-0.0373625,-0.0314208,0.453044,-0.557743,0.531336,-0.448727,241.000000,119.300000,386.700000,212.200000,496.300000,118.800000,580.500000,213.200000,675.300000,130.000000
42.10,-2.656731,0.116813,0.898940,-0.011960,0.008339,0.001863,0.999892,0.0319644,-0.0373625,-0.0314208,0.453044,-0.557743,0.531336,-0.448727,240.000000,120.000000,386.300000,211.200000,496.300000,119.500000,580.200000,213.700000,675.800000,128.300000
42.20,-2.654812,0.117467,0.899035,-0.009394,0.009507,0.001747,0.999909,0.0319644,-0.0373625,-0.0314208,0.453044,-0.557743,0.531336,-0.448727,238.700000,121.200000,385.700000,209.800000,496.700000,120.300000,579.500000,214.300000,676.800000,126.000000
42.30,-2.652689,0.118703,0.898887,-0.008491,0.013409,0.000553,0.999874,0.0319644,-0.0373625,-0.0314208,0.453044,-0.557743,0.531336,-0.448727,237.500000,122.200000,384.300000,209.000000,496.500000,120.800000,579.000000,215.000000,677.300000,123.800000
42.40,-2.650094,0.118893,0.898835,-0.005546,0.012835,0.002587,0.999899,0.0319644,-0.0373625,-0.0314208,0.453044,-0.557743,0.531336,-0.448727,236.200000,123.200000,383.000000,208.000000,496.200000,120.700000,578.500000,215.700000,677.700000,121.300000
42.50,-2.647133,0.118984,0.898337,-0.010525,0.010475,0.002124,0.999887,0.0319644,-0.0373625,-0.0314208,0.453044,-0.557743,0.531336,-0.448727,234.700000,123.700000,381.800000,207.300000,494.800000,120.300000,578.000000,216.000000,677.700000,119.200000
42.60,-2.644064,0.118486,0.897519,-0.009988,0.011316,0.002534,0.999883,0.0319644,-0.0373625,-0.0314208,0.453044,-0.557743,0.531336,-0.448727,233.300000,123.800000,381.000000,206.800000,493.700000,119.800000,577.300000,216.000000,678.000000,117.500000
42.70,-2.641207,0.117846,0.895788,-0.006795,0.011984,0.003621,0.999899,0.0319644,-0.0373625,-0.0314208,0.453044,-0.557743,0.531336,-0.448727,231.800000,124.300000,380.200000,207.000000,492.700000,119.800000,576.300000,215.800000,678.300000,116.700000
42.80,-2.638066,0.116313,0.893294,-0.008677,0.013828,0.003920,0.999859,0.0319644,-0.0373625,-0.0314208,0.453044,-0.557743,0.531336,-0.448727,230.800000,125.200000,379.300000,207.700000,492.500000,120.300000,575.800000,216.000000,678.500000,117.000000
42.90,-2.635066,0.114520,0.890711,-0.008808,0.011060,0.003709,0.999893,0.0319644,-0.0373625,-0.0314208,0.453044,-0.557743,0.531336,-0.448727,230.200000,126.300000,378.800000,208.700000,492.300000,121.200000,575.300000,216.500000,678.300000,117.800000
43.00,-2.631966,0.111897,0.888004,-0.009027,0.012545,0.003194,0.999875,0.0319644,-0.0373625,-0.0314208,0.453044,-0.557743,0.531336,-0.448727,230.200000,127.300000,378.200000,209.700000,492.500000,122.000000,575.200000,217.500000,678.000000,119.300000
43.10,-2.628574,0.108740,0.885994,-0.010392,0.012819,0.003970,0.999856,0.0319644,-0.0373625,-0.0314208,0.453044,-0.557743,0.531336,-0.448727,230.200000,127.700000,377.800000,210.200000,492.500000,122.300000,575.000000,218.000000,677.700000,120.700000
43.20,-2.625491,0.105464,0.884809,-0.013494,0.009316,0.004177,0.999857,0.0319644,-0.0373625,-0.0314208,0.453044,-0.557743,0.531336,-0.448727,230.000000,127.200000,377.500000,211.000000,492.800000,122.700000,574.800000,218.300000,677.500000,122.300000
43.30,-2.622875,0.102270,0.884162,-0.011091,0.008718,0.003858,0.999893,0.0319644,-0.0373625,-0.0314208,0.453044,-0.557743,0.531336,-0.448727,229.300000,125.700000,377.700000,211.300000,493.300000,122.700000,574.700000,218.300000,677.200000,123.300000
