0.100000,-3.227784,-1.467903,1.021116,0.006190,0.027565,0.032693,0.999066,0.001778,0.010411,0.025915,-0.452404,0.564791,-0.528775,0.443552,23.000000,5.000000,517.000000,162.000000,341.500000,286.000000
0.200000,-3.206693,-1.463799,1.022985,0.008221,0.027008,0.033595,0.999037,0.001778,0.010411,0.025915,-0.452404,0.564791,-0.528775,0.443552,27.000000,6.000000,516.000000,162.000000,336.500000,287.500000
0.300000,-3.183502,-1.459606,1.025176,0.007246,0.025736,0.034321,0.999053,0.001778,0.010411,0.025915,-0.452404,0.564791,-0.528775,0.443552,29.500000,6.500000,515.000000,162.000000,334.000000,290.000000
0.400000,-3.162944,-1.456491,1.026958,0.006041,0.021615,0.033438,0.999189,0.001778,0.010411,0.025915,-0.452404,0.564791,-0.528775,0.443552,31.000000,7.000000,513.500000,161.500000,330.500000,293.000000
0.500000,-3.145668,-1.453872,1.028273,0.007722,0.010826,0.034872,0.999303,0.001778,0.010411,0.025915,-0.452404,0.564791,-0.528775,0.443552,32.000000,7.500000,513.500000,162.000000,329.500000,294.000000
0.600000,-3.128085,-1.451209,1.029540,0.007249,0.003015,0.035824,0.999327,0.001778,0.010411,0.025915,-0.452404,0.564791,-0.528775,0.443552,37.500000,8.000000,511.500000,161.000000,325.500000,296.000000
0.700000,-3.116713,-1.449111,1.030324,0.006662,0.001819,0.035781,0.999336,0.001778,0.010411,0.025915,-0.452404,0.564791,-0.528775,0.443552,43.000000,8.500000,509.500000,161.000000,322.000000,298.000000
0.800000,-3.109789,-1.447805,1.030285,0.004975,-0.000189,0.035282,0.999365,0.001778,0.010411,0.025915,-0.452404,0.564791,-0.528775,0.443552,45.000000,9.000000,509.000000,161.000000,321.500000,298.000000
0.900000,-3.107656,-1.446751,1.029991,0.006418,0.001310,0.035310,0.999355,0.001778,0.010411,0.025915,-0.452404,0.564791,-0.528775,0.443552,51.500000,9.500000,506.500000,160.000000,319.500000,298.000000
1.000000,-3.108907,-1.446518,1.028921,0.007632,0.003958,0.034882,0.999354,0.001778,0.010411,0.025915,-0.452404,0.564791,-0.528775,0.443552,57.500000,10.500000,505.500000,159.500000,319.500000,297.000000
1.100000,-3.114065,-1.446935,1.027648,0.007482,0.004857,0.035016,0.999347,0.001778,0.010411,0.025915,-0.452404,0.564791,-0.528775,0.443552,63.000000,10.500000,504.500000,158.500000,319.000000,295.500000
1.200000,-3.121324,-1.447646,1.026299,0.006035,0.006067,0.034523,0.999367,0.001778,0.010411,0.025915,-0.452404,0.564791,-0.528775,0.443552,68.500000,10.000000,502.500000,157.000000,319.000000,291.000000
1.300000,-3.133161,-1.448437,1.024762,0.001914,0.009202,0.033291,0.999402,0.001778,0.010411,0.025915,-0.452404,0.564791,-0.528775,0.443552,75.500000,11.000000,501.000000,156.500000,319.000000,288.000000
1.400000,-3.146250,-1.448609,1.023907,0.001602,0.010087,0.033289,0.999394,0.001778,0.010411,0.025915,-0.452404,0.564791,-0.528775,0.443552,84.000000,12.500000,498.500000,157.500000,318.000000,285.000000
1.500000,-3.160604,-1.448285,1.023817,0.002639,0.011800,0.033895,0.999352,0.001778,0.010411,0.025915,-0.452404,0.564791,-0.528775,0.443552,90.000000,14.000000,497.000000,157.500000,319.000000,281.500000
1.600000,-3.176289,-1.447355,1.024535,0.006047,0.013075,0.034115,0.999314,0.001778,0.010411,0.025915,-0.452404,0.564791,-0.528775,0.443552,95.000000,14.500000,496.000000,157.500000,319.000000,279.000000
1.700000,-3.192923,-1.446215,1.026100,0.006955,0.011849,0.034918,0.999296,0.001778,0.010411,0.025915,-0.452404,0.564791,-0.528775,0.443552,104.500000,16.500000,494.500000,158.500000,320.000000,275.500000
1.800000,-3.210769,-1.445463,1.027954,0.007613,0.011298,0.035445,0.999279,0.001778,0.010411,0.025915,-0.452404,0.564791,-0.528775,0.443552,106.000000,17.000000,493.500000,158.500000,321.000000,274.000000
1.900000,-3.227536,-1.445424,1.029847,0.007783,0.012621,0.035488,0.999260,0.001778,0.010411,0.025915,-0.452404,0.564791,-0.528775,0.443552,115.500000,21.000000,491.500000,160.500000,323.500000,272.500000
2.000000,-3.249149,-1.445535,1.032028,0.007477,0.012293,0.035252,0.999275,0.001778,0.010411,0.025915,-0.452404,0.564791,-0.528775,0.443552,124.500000,22.500000,489.500000,161.000000,326.000000,270.000000
2.100000,-3.269158,-1.446382,1.033914,0.006404,0.014548,0.034222,0.999288,0.001778,0.010411,0.025915,-0.452404,0.564791,-0.528775,0.443552,128.500000,22.500000,488.000000,161.500000,326.500000,269.000000
2.200000,-3.289325,-1.447306,1.035524,0.007482,0.014954,0.034956,0.999249,0.001778,0.010411,0.025915,-0.452404,0.564791,-0.528775,0.443552,134.500000,22.500000,486.500000,162.000000,328.500000,267.000000
2.300000,-3.309658,-1.448071,1.036540,0.005535,0.013244,0.033345,0.999341,0.001778,0.010411,0.025915,-0.452404,0.564791,-0.528775,0.443552,138.000000,23.000000,486.000000,162.500000,329.500000,266.000000
2.400000,-3.330429,-1.449136,1.037386,0.008503,0.014460,0.034315,0.999270,0.001778,0.010411,0.025915,-0.452404,0.564791,-0.528775,0.443552,144.500000,22.500000,483.000000,162.000000,333.000000,263.000000
2.500000,-3.351372,-1.450302,1.037959,0.006256,0.015028,0.034495,0.999272,0.001778,0.010411,0.025915,-0.452404,0.564791,-0.528775,0.443552,148.000000,21.500000,482.000000,161.000000,336.500000,261.500000
2.600000,-3.370143,-1.451639,1.038343,0.005048,0.015551,0.034448,0.999273,0.001778,0.010411,0.025915,-0.452404,0.564791,-0.528775,0.443552,154.000000,21.000000,479.500000,160.000000,341.500000,259.000000
2.700000,-3.391085,-1.453205,1.038507,0.004964,0.017101,0.034372,0.999250,0.001778,0.010411,0.025915,-0.452404,0.564791,-0.528775,0.443552,159.000000,20.500000,478.500000,159.000000,345.500000,257.000000
2.800000,-3.414003,-1.454874,1.038676,0.005791,0.017547,0.034536,0.999233,0.001778,0.010411,0.025915,-0.452404,0.564791,-0.528775,0.443552,161.500000,22.000000,476.500000,159.000000,349.000000,257.000000
2.900000,-3.434252,-1.456749,1.038537,0.008505,0.017149,0.035206,0.999197,0.001778,0.010411,0.025915,-0.452404,0.564791,-0.528775,0.443552,168.500000,23.000000,474.000000,158.500000,355.000000,255.500000
3.000000,-3.452532,-1.458549,1.038204,0.007426,0.015285,0.034595,0.999257,0.001778,0.010411,0.025915,-0.452404,0.564791,-0.528775,0.443552,171.500000,24.500000,473.000000,158.500000,357.500000,254.000000
3.100000,-3.473761,-1.460943,1.037525,0.008858,0.021926,0.035119,0.999103,0.001778,0.010411,0.025915,-0.452404,0.564791,-0.528775,0.443552,178.500000,24.500000,470.500000,156.500000,361.500000,251.500000
3.200000,-3.491306,-1.463317,1.037064,0.007156,0.034502,0.034672,0.998777,0.001778,0.010411,0.025915,-0.452404,0.564791,-0.528775,0.443552,185.000000,28.000000,468.000000,156.500000,366.000000,253.000000
3.300000,-3.505952,-1.465792,1.037130,0.004443,0.038935,0.034014,0.998653,0.001778,0.010411,0.025915,-0.452404,0.564791,-0.528775,0.443552,187.500000,29.500000,467.000000,157.500000,367.000000,254.000000
3.400000,-3.515495,-1.468143,1.036719,0.007334,0.040988,0.036034,0.998483,0.001778,0.010411,0.025915,-0.452404,0.564791,-0.528775,0.443552,191.500000,32.000000,464.000000,157.500000,370.000000,255.000000
3.500000,-3.520419,-1.470631,1.037288,0.008729,0.044746,0.036732,0.998285,0.001778,0.010411,0.025915,-0.452404,0.564791,-0.528775,0.443552,197.000000,35.000000,461.500000,157.500000,370.500000,256.000000
3.600000,-3.521353,-1.472388,1.038432,0.002832,0.042618,0.036237,0.998430,0.001778,0.010411,0.025915,-0.452404,0.564791,-0.528775,0.443552,199.500000,36.000000,460.000000,158.000000,370.500000,256.000000
3.700000,-3.517999,-1.474175,1.039054,0.001611,0.040083,0.037470,0.998492,0.001778,0.010411,0.025915,-0.452404,0.564791,-0.528775,0.443552,202.000000,36.500000,457.500000,157.000000,369.500000,256.000000
3.800000,-3.511300,-1.474990,1.040093,0.002435,0.038464,0.037376,0.998558,0.001778,0.010411,0.025915,-0.452404,0.564791,-0.528775,0.443552,203.500000,37.500000,456.000000,157.000000,369.500000,256.500000
3.900000,-3.488208,-1.474426,1.042474,0.002352,0.033715,0.035098,0.998812,0.001778,0.010411,0.025915,-0.452404,0.564791,-0.528775,0.443552,211.000000,36.500000,450.500000,156.000000,369.500000,256.500000
4.000000,-3.470553,-1.473153,1.043837,0.003580,0.034512,0.036029,0.998748,0.001778,0.010411,0.025915,-0.452404,0.564791,-0.528775,0.443552,213.000000,36.000000,449.000000,155.000000,369.000000,256.500000
4.100000,-3.452363,-1.471652,1.045539,0.004109,0.033969,0.037481,0.998711,0.001778,0.010411,0.025915,-0.452404,0.564791,-0.528775,0.443552,214.500000,35.000000,446.000000,154.000000,367.500000,255.500000
4.200000,-3.434412,-1.469929,1.046687,0.004274,0.031637,0.037780,0.998776,0.001778,0.010411,0.025915,-0.452404,0.564791,-0.528775,0.443552,215.500000,35.000000,444.500000,154.000000,368.000000,254.500000
4.300000,-3.413033,-1.468022,1.047322,0.007607,0.031300,0.038299,0.998747,0.001778,0.010411,0.025915,-0.452404,0.564791,-0.528775,0.443552,218.000000,34.000000,442.500000,153.500000,368.000000,253.500000
4.400000,-3.388645,-1.465738,1.046888,0.004740,0.026698,0.038429,0.998893,0.001778,0.010411,0.025915,-0.452404,0.564791,-0.528775,0.443552,220.000000,34.000000,441.500000,153.000000,368.000000,252.000000
4.500000,-3.366035,-1.463147,1.045330,0.002404,0.026780,0.037969,0.998917,0.001778,0.010411,0.025915,-0.452404,0.564791,-0.528775,0.443552,223.500000,34.500000,438.500000,153.500000,366.500000,250.000000
4.600000,-3.343641,-1.459553,1.042803,0.006264,0.025903,0.037688,0.998934,0.001778,0.010411,0.025915,-0.452404,0.564791,-0.528775,0.443552,225.500000,33.500000,436.500000,153.000000,365.000000,249.000000
4.700000,-3.321378,-1.455155,1.039860,0.011616,0.027876,0.037413,0.998843,0.001778,0.010411,0.025915,-0.452404,0.564791,-0.528775,0.443552,227.500000,32.500000,435.000000,152.500000,363.500000,247.000000
4.800000,-3.299408,-1.450468,1.037148,0.010428,0.027981,0.036873,0.998874,0.001778,0.010411,0.025915,-0.452404,0.564791,-0.528775,0.443552,231.500000,30.500000,433.000000,152.000000,362.500000,244.500000
4.900000,-3.281885,-1.446969,1.035200,0.010555,0.029494,0.037512,0.998805,0.001778,0.010411,0.025915,-0.452404,0.564791,-0.528775,0.443552,234.000000,31.500000,432.000000,152.000000,361.000000,244.000000
5.000000,-3.255736,-1.441622,1.032857,0.011523,0.031043,0.037405,0.998751,0.001778,0.010411,0.025915,-0.452404,0.564791,-0.528775,0.443552,238.000000,30.500000,429.000000,151.000000,360.000000,241.000000
5.100000,-3.233759,-1.437244,1.031249,0.011087,0.031636,0.037382,0.998739,0.001778,0.010411,0.025915,-0.452404,0.564791,-0.528775,0.443552,241.500000,30.000000,427.000000,150.500000,358.500000,240.000000
5.200000,-3.218285,-1.434322,1.030441,0.010916,0.032116,0.038024,0.998701,0.001778,0.010411,0.025915,-0.452404,0.564791,-0.528775,0.443552,243.500000,30.000000,425.000000,150.500000,358.000000,240.000000
5.300000,-3.191321,-1.429328,1.029375,0.011494,0.031713,0.036650,0.998759,0.001778,0.010411,0.025915,-0.452404,0.564791,-0.528775,0.443552,249.000000,29.000000,421.500000,150.000000,356.000000,238.500000
5.400000,-3.166333,-1.424816,1.029179,0.014051,0.029433,0.035611,0.998833,0.001778,0.010411,0.025915,-0.452404,0.564791,-0.528775,0.443552,249.500000,29.000000,420.500000,150.000000,355.500000,238.500000
5.500000,-3.144427,-1.421288,1.029399,0.013235,0.020499,0.035476,0.999073,0.001778,0.010411,0.025915,-0.452404,0.564791,-0.528775,0.443552,253.500000,28.500000,418.000000,149.500000,353.000000,239.000000
5.600000,-3.124741,-1.417995,1.029795,0.012405,0.011036,0.035131,0.999245,0.001778,0.010411,0.025915,-0.452404,0.564791,-0.528775,0.443552,256.500000,28.500000,414.500000,148.500000,350.000000,239.000000
5.700000,-3.108425,-1.415214,1.030269,0.011714,0.005170,0.035179,0.999299,0.001778,0.010411,0.025915,-0.452404,0.564791,-0.528775,0.443552,258.000000,28.500000,414.000000,148.500000,349.000000,240.000000
5.800000,-3.096608,-1.412886,1.031076,0.012293,0.003570,0.035547,0.999286,0.001778,0.010411,0.025915,-0.452404,0.564791,-0.528775,0.443552,264.000000,29.500000,410.000000,148.500000,347.000000,242.500000
5.900000,-3.089714,-1.411222,1.030742,0.013620,0.003345,0.035750,0.999262,0.001778,0.010411,0.025915,-0.452404,0.564791,-0.528775,0.443552,265.000000,30.000000,409.500000,148.500000,346.000000,243.500000
6.000000,-3.086661,-1.409906,1.029814,0.013135,0.000898,0.035037,0.999299,0.001778,0.010411,0.025915,-0.452404,0.564791,-0.528775,0.443552,273.000000,35.500000,406.500000,152.000000,343.500000,247.500000
6.100000,-3.088360,-1.409341,1.028065,0.012841,0.002311,0.035956,0.999268,0.001778,0.010411,0.025915,-0.452404,0.564791,-0.528775,0.443552,279.000000,39.000000,405.000000,154.000000,342.000000,251.000000
6.200000,-3.093253,-1.409490,1.025522,0.011738,0.002473,0.035659,0.999292,0.001778,0.010411,0.025915,-0.452404,0.564791,-0.528775,0.443552,282.000000,39.000000,402.500000,154.000000,341.000000,252.000000
6.300000,-3.103254,-1.410290,1.022433,0.013160,0.000360,0.036596,0.999243,0.001778,0.010411,0.025915,-0.452404,0.564791,-0.528775,0.443552,287.000000,39.500000,400.500000,153.000000,339.500000,251.500000
6.400000,-3.115889,-1.411713,1.019187,0.012788,0.002626,0.036622,0.999244,0.001778,0.010411,0.025915,-0.452404,0.564791,-0.528775,0.443552,289.000000,40.500000,400.000000,154.000000,338.500000,252.500000
6.500000,-3.131479,-1.413810,1.015947,0.010337,0.006228,0.036686,0.999254,0.001778,0.010411,0.025915,-0.452404,0.564791,-0.528775,0.443552,295.000000,41.500000,396.500000,154.500000,337.500000,250.500000
6.600000,-3.147444,-1.415825,1.013348,0.009043,0.008888,0.036149,0.999266,0.001778,0.010411,0.025915,-0.452404,0.564791,-0.528775,0.443552,299.000000,41.500000,394.000000,154.500000,336.500000,249.000000
6.700000,-3.168472,-1.418414,1.011128,0.010161,0.011574,0.037263,0.999187,0.001778,0.010411,0.025915,-0.452404,0.564791,-0.528775,0.443552,303.000000,41.500000,391.500000,154.500000,336.000000,248.000000
6.800000,-3.186583,-1.420507,1.010566,0.007621,0.010124,0.036500,0.999253,0.001778,0.010411,0.025915,-0.452404,0.564791,-0.528775,0.443552,309.500000,43.000000,390.000000,155.500000,333.500000,247.500000
6.900000,-3.209610,-1.422848,1.011158,0.008326,0.011529,0.036904,0.999218,0.001778,0.010411,0.025915,-0.452404,0.564791,-0.528775,0.443552,313.500000,43.000000,388.000000,155.000000,332.500000,246.500000
7.000000,-3.231293,-1.425114,1.012900,0.009182,0.012002,0.037688,0.999175,0.001778,0.010411,0.025915,-0.452404,0.564791,-0.528775,0.443552,321.000000,45.500000,386.000000,157.000000,329.500000,247.500000
7.100000,-3.253553,-1.427095,1.015203,0.007690,0.011566,0.037283,0.999208,0.001778,0.010411,0.025915,-0.452404,0.564791,-0.528775,0.443552,326.000000,48.500000,384.500000,158.500000,327.500000,248.500000
7.200000,-3.274025,-1.429083,1.018074,0.007662,0.011675,0.038030,0.999179,0.001778,0.010411,0.025915,-0.452404,0.564791,-0.528775,0.443552,330.000000,49.000000,382.500000,158.500000,325.500000,248.500000
7.300000,-3.299446,-1.431270,1.021801,0.009420,0.010277,0.037744,0.999190,0.001778,0.010411,0.025915,-0.452404,0.564791,-0.528775,0.443552,335.000000,51.000000,381.000000,159.000000,324.000000,249.000000
7.400000,-3.322950,-1.433492,1.025164,0.009304,0.011102,0.036958,0.999212,0.001778,0.010411,0.025915,-0.452404,0.564791,-0.528775,0.443552,337.500000,51.500000,380.000000,160.000000,323.000000,249.500000
7.500000,-3.346679,-1.436458,1.028712,0.008348,0.010770,0.036548,0.999239,0.001778,0.010411,0.025915,-0.452404,0.564791,-0.528775,0.443552,342.500000,53.000000,377.000000,161.000000,320.500000,249.500000
7.600000,-3.370957,-1.439657,1.031918,0.007873,0.009983,0.036251,0.999262,0.001778,0.010411,0.025915,-0.452404,0.564791,-0.528775,0.443552,346.500000,54.000000,374.000000,161.500000,317.500000,249.500000
7.700000,-3.394978,-1.443110,1.034957,0.008773,0.012740,0.036983,0.999196,0.001778,0.010411,0.025915,-0.452404,0.564791,-0.528775,0.443552,349.500000,55.000000,372.500000,162.500000,315.500000,249.500000
7.800000,-3.416904,-1.446407,1.037369,0.008256,0.012116,0.036402,0.999230,0.001778,0.010411,0.025915,-0.452404,0.564791,-0.528775,0.443552,354.500000,56.000000,370.000000,163.500000,314.000000,250.000000
7.900000,-3.443409,-1.450820,1.039538,0.009611,0.011205,0.037280,0.999196,0.001778,0.010411,0.025915,-0.452404,0.564791,-0.528775,0.443552,358.500000,56.500000,368.000000,164.500000,312.500000,250.500000
8.000000,-3.467826,-1.455136,1.041359,0.008745,0.012574,0.036033,0.999233,0.001778,0.010411,0.025915,-0.452404,0.564791,-0.528775,0.443552,364.000000,57.000000,365.000000,166.000000,310.500000,251.000000
8.100000,-3.491748,-1.459690,1.043055,0.007495,0.018777,0.034985,0.999183,0.001778,0.010411,0.025915,-0.452404,0.564791,-0.528775,0.443552,368.500000,57.500000,362.500000,167.500000,308.000000,252.500000
8.200000,-3.512028,-1.463838,1.044735,0.006409,0.028938,0.034587,0.998962,0.001778,0.010411,0.025915,-0.452404,0.564791,-0.528775,0.443552,372.000000,59.000000,360.000000,168.500000,306.500000,253.000000
8.300000,-3.532942,-1.468567,1.046469,0.005646,0.035935,0.033777,0.998767,0.001778,0.010411,0.025915,-0.452404,0.564791,-0.528775,0.443552,375.500000,61.500000,358.500000,170.500000,304.500000,255.000000
8.400000,-3.545742,-1.472159,1.047237,0.006427,0.034915,0.033423,0.998811,0.001778,0.010411,0.025915,-0.452404,0.564791,-0.528775,0.443552,378.000000,63.000000,356.500000,172.000000,303.500000,256.500000
8.500000,-3.556844,-1.476784,1.048629,0.004334,0.035600,0.034453,0.998763,0.001778,0.010411,0.025915,-0.452404,0.564791,-0.528775,0.443552,385.500000,63.500000,353.500000,172.500000,300.000000,256.500000
8.600000,-3.562830,-1.480171,1.050170,0.002617,0.034238,0.034689,0.998808,0.001778,0.010411,0.025915,-0.452404,0.564791,-0.528775,0.443552,388.500000,64.500000,350.500000,173.000000,296.500000,257.500000
8.700000,-3.564933,-1.483345,1.051396,0.002474,0.033212,0.033494,0.998884,0.001778,0.010411,0.025915,-0.452404,0.564791,-0.528775,0.443552,388.000000,64.000000,348.500000,173.500000,294.500000,258.000000
8.800000,-3.563834,-1.485715,1.052592,0.002814,0.033046,0.033537,0.998887,0.001778,0.010411,0.025915,-0.452404,0.564791,-0.528775,0.443552,389.500000,64.000000,345.500000,173.500000,292.000000,258.500000
8.900000,-3.559440,-1.487742,1.052999,0.003076,0.029908,0.033291,0.998993,0.001778,0.010411,0.025915,-0.452404,0.564791,-0.528775,0.443552,391.000000,64.500000,343.500000,174.500000,289.500000,260.000000
9.000000,-3.552679,-1.489321,1.053533,0.001708,0.029440,0.033393,0.999007,0.001778,0.010411,0.025915,-0.452404,0.564791,-0.528775,0.443552,393.500000,64.000000,340.500000,175.500000,285.000000,261.000000
9.100000,-3.543279,-1.490609,1.053358,0.004711,0.031450,0.034505,0.998898,0.001778,0.010411,0.025915,-0.452404,0.564791,-0.528775,0.443552,398.500000,64.000000,336.500000,176.500000,280.500000,262.000000
9.200000,-3.531897,-1.491618,1.053308,0.004868,0.031568,0.035922,0.998844,0.001778,0.010411,0.025915,-0.452404,0.564791,-0.528775,0.443552,404.000000,60.500000,334.500000,172.500000,277.000000,259.000000
9.300000,-3.518685,-1.492098,1.052951,0.005439,0.027688,0.035571,0.998969,0.001778,0.010411,0.025915,-0.452404,0.564791,-0.528775,0.443552,405.000000,59.000000,331.000000,172.500000,271.500000,259.000000
9.400000,-3.503465,-1.492476,1.052108,0.005806,0.026356,0.036693,0.998962,0.001778,0.010411,0.025915,-0.452404,0.564791,-0.528775,0.443552,406.000000,60.500000,330.000000,173.500000,270.500000,259.500000
9.500000,-3.489542,-1.492796,1.051666,0.002797,0.025629,0.035471,0.999038,0.001778,0.010411,0.025915,-0.452404,0.564791,-0.528775,0.443552,410.000000,60.500000,325.500000,174.500000,263.000000,260.500000
9.600000,-3.471631,-1.492950,1.050965,0.003338,0.026614,0.035869,0.998996,0.001778,0.010411,0.025915,-0.452404,0.564791,-0.528775,0.443552,410.000000,62.000000,325.000000,174.500000,261.500000,261.000000
9.700000,-3.456221,-1.492153,1.050194,0.001732,0.026371,0.036309,0.998991,0.001778,0.010411,0.025915,-0.452404,0.564791,-0.528775,0.443552,412.500000,61.500000,321.500000,174.500000,256.500000,260.500000
9.800000,-3.437218,-1.490484,1.048847,0.004300,0.024071,0.036430,0.999037,0.001778,0.010411,0.025915,-0.452404,0.564791,-0.528775,0.443552,414.500000,60.500000,318.500000,174.000000,253.500000,260.500000
9.900000,-3.419798,-1.488761,1.047771,0.010333,0.025556,0.037138,0.998930,0.001778,0.010411,0.025915,-0.452404,0.564791,-0.528775,0.443552,417.000000,59.500000,316.000000,173.000000,250.500000,258.500000
10.000000,-3.402304,-1.487111,1.046672,0.006043,0.024974,0.037391,0.998970,0.001778,0.010411,0.025915,-0.452404,0.564791,-0.528775,0.443552,422.000000,59.000000,313.500000,172.500000,246.500000,257.500000
10.100000,-3.384735,-1.485430,1.045870,0.004079,0.024620,0.038127,0.998961,0.001778,0.010411,0.025915,-0.452404,0.564791,-0.528775,0.443552,424.500000,57.000000,310.500000,171.500000,243.500000,256.500000
10.200000,-3.367314,-1.483847,1.045104,0.007204,0.024645,0.037640,0.998961,0.001778,0.010411,0.025915,-0.452404,0.564791,-0.528775,0.443552,427.500000,57.000000,308.500000,171.500000,242.500000,255.500000
10.300000,-3.349709,-1.482319,1.044181,0.008147,0.024957,0.038626,0.998909,0.001778,0.010411,0.025915,-0.452404,0.564791,-0.528775,0.443552,430.500000,57.000000,305.000000,172.000000,239.000000,255.500000
10.400000,-3.334029,-1.481045,1.043867,0.007438,0.025390,0.039089,0.998885,0.001778,0.010411,0.025915,-0.452404,0.564791,-0.528775,0.443552,430.500000,56.000000,304.500000,172.000000,237.500000,255.500000
10.500000,-3.315037,-1.479366,1.043697,0.007582,0.025486,0.038741,0.998895,0.001778,0.010411,0.025915,-0.452404,0.564791,-0.528775,0.443552,434.000000,55.000000,300.000000,171.500000,233.000000,254.500000
10.600000,-3.301152,-1.478167,1.043603,0.007624,0.026905,0.039415,0.998832,0.001778,0.010411,0.025915,-0.452404,0.564791,-0.528775,0.443552,434.500000,55.000000,299.500000,171.500000,232.000000,254.500000
10.700000,-3.280594,-1.475749,1.043220,0.006448,0.025260,0.038061,0.998935,0.001778,0.010411,0.025915,-0.452404,0.564791,-0.528775,0.443552,438.000000,54.500000,295.500000,171.000000,228.500000,254.000000
10.800000,-3.264261,-1.473867,1.042813,0.010444,0.025848,0.039194,0.998843,0.001778,0.010411,0.025915,-0.452404,0.564791,-0.528775,0.443552,440.000000,54.500000,293.500000,171.000000,225.500000,253.500000
10.900000,-3.247732,-1.471827,1.042224,0.009156,0.027424,0.037934,0.998862,0.001778,0.010411,0.025915,-0.452404,0.564791,-0.528775,0.443552,442.500000,54.000000,291.000000,170.500000,221.500000,253.500000
11.000000,-3.230958,-1.470037,1.041273,0.007846,0.030321,0.038500,0.998768,0.001778,0.010411,0.025915,-0.452404,0.564791,-0.528775,0.443552,445.000000,54.000000,287.000000,170.500000,219.000000,254.000000
11.100000,-3.215514,-1.468390,1.040115,0.007592,0.030529,0.038741,0.998754,0.001778,0.010411,0.025915,-0.452404,0.564791,-0.528775,0.443552,445.000000,53.000000,286.500000,169.500000,218.000000,253.000000
11.200000,-3.196546,-1.466157,1.038519,0.008771,0.028610,0.039121,0.998786,0.001778,0.010411,0.025915,-0.452404,0.564791,-0.528775,0.443552,448.000000,54.000000,282.500000,169.500000,215.000000,253.000000
11.300000,-3.179331,-1.464262,1.037131,0.008433,0.029990,0.039357,0.998739,0.001778,0.010411,0.025915,-0.452404,0.564791,-0.528775,0.443552,449.500000,54.000000,280.500000,169.000000,212.000000,253.500000
11.400000,-3.162702,-1.462273,1.035316,0.009472,0.020596,0.038679,0.998995,0.001778,0.010411,0.025915,-0.452404,0.564791,-0.528775,0.443552,450.500000,54.000000,279.000000,168.000000,211.000000,253.500000
11.500000,-3.147997,-1.460569,1.033657,0.010197,0.007392,0.038411,0.999183,0.001778,0.010411,0.025915,-0.452404,0.564791,-0.528775,0.443552,453.500000,51.500000,275.000000,165.000000,208.000000,251.000000
11.600000,-3.136423,-1.459631,1.031944,0.010578,0.003747,0.038228,0.999206,0.001778,0.010411,0.025915,-0.452404,0.564791,-0.528775,0.443552,456.500000,51.500000,272.000000,163.500000,205.500000,250.500000
11.700000,-3.129424,-1.459170,1.030704,0.009998,0.003532,0.037732,0.999232,0.001778,0.010411,0.025915,-0.452404,0.564791,-0.528775,0.443552,458.000000,53.000000,270.500000,164.000000,204.500000,251.000000
11.800000,-3.126276,-1.459079,1.029690,0.008384,0.003864,0.038333,0.999222,0.001778,0.010411,0.025915,-0.452404,0.564791,-0.528775,0.443552,460.000000,53.000000,267.500000,162.500000,203.000000,250.500000
11.900000,-3.127325,-1.459273,1.029292,0.008488,0.003304,0.038185,0.999229,0.001778,0.010411,0.025915,-0.452404,0.564791,-0.528775,0.443552,460.500000,53.000000,266.500000,162.500000,202.500000,250.500000
12.000000,-3.132064,-1.459426,1.029177,0.009951,0.005103,0.038353,0.999202,0.001778,0.010411,0.025915,-0.452404,0.564791,-0.528775,0.443552,463.500000,54.000000,263.500000,161.500000,202.000000,250.000000
12.100000,-3.140209,-1.459854,1.029450,0.010641,0.007278,0.038894,0.999160,0.001778,0.010411,0.025915,-0.452404,0.564791,-0.528775,0.443552,464.000000,55.000000,263.000000,161.500000,202.500000,250.500000
12.200000,-3.151042,-1.460689,1.029376,0.009627,0.006790,0.039630,0.999145,0.001778,0.010411,0.025915,-0.452404,0.564791,-0.528775,0.443552,466.000000,54.000000,260.500000,160.500000,203.500000,249.500000
12.300000,-3.164360,-1.461708,1.029361,0.010326,0.009964,0.040128,0.999092,0.001778,0.010411,0.025915,-0.452404,0.564791,-0.528775,0.443552,468.500000,54.500000,258.000000,159.500000,204.500000,248.000000
12.400000,-3.179581,-1.462993,1.029624,0.008138,0.011506,0.040036,0.999099,0.001778,0.010411,0.025915,-0.452404,0.564791,-0.528775,0.443552,468.500000,54.000000,257.000000,159.500000,205.000000,248.000000
12.500000,-3.194685,-1.464161,1.030220,0.006858,0.013282,0.039874,0.999093,0.001778,0.010411,0.025915,-0.452404,0.564791,-0.528775,0.443552,471.000000,56.000000,255.000000,159.500000,207.500000,247.500000
12.600000,-3.212321,-1.465379,1.030733,0.008379,0.014279,0.039827,0.999069,0.001778,0.010411,0.025915,-0.452404,0.564791,-0.528775,0.443552,472.500000,57.000000,254.500000,160.500000,207.500000,248.000000
12.700000,-3.232645,-1.466545,1.031247,0.008252,0.012828,0.039606,0.999099,0.001778,0.010411,0.025915,-0.452404,0.564791,-0.528775,0.443552,474.500000,57.500000,253.000000,161.000000,209.500000,247.500000
12.800000,-3.251755,-1.467385,1.031702,0.007941,0.014920,0.039680,0.999070,0.001778,0.010411,0.025915,-0.452404,0.564791,-0.528775,0.443552,476.500000,56.000000,251.000000,159.500000,212.000000,244.500000
12.900000,-3.271494,-1.468333,1.031804,0.007670,0.013527,0.040270,0.999068,0.001778,0.010411,0.025915,-0.452404,0.564791,-0.528775,0.443552,478.000000,56.500000,250.500000,159.500000,213.000000,244.500000
13.000000,-3.289173,-1.468706,1.031627,0.007601,0.014148,0.039078,0.999107,0.001778,0.010411,0.025915,-0.452404,0.564791,-0.528775,0.443552,479.500000,58.500000,249.000000,162.000000,214.500000,245.000000
13.100000,-3.309687,-1.469727,1.031933,0.008775,0.013637,0.039232,0.999099,0.001778,0.010411,0.025915,-0.452404,0.564791,-0.528775,0.443552,480.500000,58.500000,249.000000,162.500000,215.500000,244.000000
13.200000,-3.332119,-1.470540,1.031888,0.007583,0.012081,0.038967,0.999139,0.001778,0.010411,0.025915,-0.452404,0.564791,-0.528775,0.443552,483.500000,59.000000,247.000000,162.500000,216.500000,242.000000
13.300000,-3.353091,-1.471332,1.031694,0.009640,0.011728,0.038802,0.999132,0.001778,0.010411,0.025915,-0.452404,0.564791,-0.528775,0.443552,484.500000,59.000000,246.000000,162.500000,218.500000,241.000000
13.400000,-3.374424,-1.472322,1.031443,0.010957,0.012011,0.038578,0.999123,0.001778,0.010411,0.025915,-0.452404,0.564791,-0.528775,0.443552,485.500000,61.000000,245.000000,164.000000,219.500000,241.000000
13.500000,-3.396437,-1.473532,1.031432,0.008898,0.011545,0.038173,0.999165,0.001778,0.010411,0.025915,-0.452404,0.564791,-0.528775,0.443552,487.000000,61.500000,244.000000,163.500000,221.000000,238.500000
13.600000,-3.418562,-1.475341,1.031052,0.007908,0.012912,0.038039,0.999162,0.001778,0.010411,0.025915,-0.452404,0.564791,-0.528775,0.443552,488.500000,63.000000,243.000000,163.500000,223.500000,237.000000
13.700000,-3.440558,-1.477633,1.030529,0.009715,0.014601,0.038798,0.999093,0.001778,0.010411,0.025915,-0.452404,0.564791,-0.528775,0.443552,489.000000,62.500000,242.000000,163.000000,223.500000,235.500000
13.800000,-3.462185,-1.479891,1.030432,0.007520,0.019696,0.038622,0.999031,0.001778,0.010411,0.025915,-0.452404,0.564791,-0.528775,0.443552,489.500000,64.000000,241.000000,162.500000,224.500000,234.500000
13.900000,-3.482323,-1.482096,1.030424,0.006495,0.031636,0.037837,0.998762,0.001778,0.010411,0.025915,-0.452404,0.564791,-0.528775,0.443552,490.000000,65.000000,240.000000,162.000000,224.500000,232.500000
14.000000,-3.499325,-1.484317,1.030720,0.005574,0.038957,0.037088,0.998537,0.001778,0.010411,0.025915,-0.452404,0.564791,-0.528775,0.443552,491.000000,66.500000,239.000000,162.000000,225.500000,232.500000
14.100000,-3.511745,-1.485883,1.030721,0.007417,0.039329,0.037976,0.998477,0.001778,0.010411,0.025915,-0.452404,0.564791,-0.528775,0.443552,492.500000,68.000000,237.500000,161.500000,226.500000,232.500000
14.200000,-3.521286,-1.487231,1.031320,0.009464,0.037340,0.038597,0.998512,0.001778,0.010411,0.025915,-0.452404,0.564791,-0.528775,0.443552,493.000000,68.500000,237.000000,161.000000,227.000000,231.000000
14.300000,-3.523221,-1.487725,1.031916,0.008244,0.037764,0.037635,0.998544,0.001778,0.010411,0.025915,-0.452404,0.564791,-0.528775,0.443552,494.500000,67.500000,235.500000,159.000000,227.500000,229.000000
14.400000,-3.522774,-1.487847,1.033215,0.005982,0.035896,0.037424,0.998637,0.001778,0.010411,0.025915,-0.452404,0.564791,-0.528775,0.443552,495.500000,68.000000,233.500000,158.500000,227.000000,229.000000
14.500000,-3.518360,-1.487585,1.034451,0.008042,0.038270,0.038127,0.998507,0.001778,0.010411,0.025915,-0.452404,0.564791,-0.528775,0.443552,496.500000,68.500000,231.500000,158.000000,227.000000,229.000000
14.600000,-3.511176,-1.486380,1.037063,0.005375,0.038644,0.037197,0.998546,0.001778,0.010411,0.025915,-0.452404,0.564791,-0.528775,0.443552,498.000000,69.000000,230.000000,158.000000,227.500000,229.000000
14.700000,-3.500512,-1.484638,1.039643,0.006217,0.036601,0.036953,0.998627,0.001778,0.010411,0.025915,-0.452404,0.564791,-0.528775,0.443552,498.500000,69.000000,228.500000,158.000000,227.500000,230.000000
14.800000,-3.486494,-1.482401,1.042050,0.006606,0.034298,0.037874,0.998672,0.001778,0.010411,0.025915,-0.452404,0.564791,-0.528775,0.443552,500.500000,70.000000,227.000000,159.000000,227.500000,231.500000
14.900000,-3.470723,-1.479998,1.044324,0.005965,0.029394,0.037857,0.998833,0.001778,0.010411,0.025915,-0.452404,0.564791,-0.528775,0.443552,502.000000,70.000000,224.500000,158.500000,227.000000,231.500000
15.000000,-3.454141,-1.477605,1.046521,0.005916,0.027040,0.037565,0.998911,0.001778,0.010411,0.025915,-0.452404,0.564791,-0.528775,0.443552,504.000000,70.500000,222.000000,160.000000,226.000000,232.500000
15.100000,-3.436275,-1.475321,1.047847,0.008012,0.029034,0.038224,0.998815,0.001778,0.010411,0.025915,-0.452404,0.564791,-0.528775,0.443552,506.500000,71.500000,219.000000,161.500000,225.500000,233.500000
15.200000,-3.418559,-1.472720,1.049028,0.007283,0.027793,0.038289,0.998854,0.001778,0.010411,0.025915,-0.452404,0.564791,-0.528775,0.443552,508.000000,72.500000,217.500000,162.000000,225.000000,234.000000
15.300000,-3.400239,-1.470036,1.049147,0.009376,0.028942,0.038494,0.998796,0.001778,0.010411,0.025915,-0.452404,0.564791,-0.528775,0.443552,510.000000,72.500000,214.000000,162.500000,224.500000,234.000000
15.400000,-3.381777,-1.467434,1.048472,0.009864,0.027463,0.037818,0.998859,0.001778,0.010411,0.025915,-0.452404,0.564791,-0.528775,0.443552,511.000000,72.500000,213.500000,162.500000,224.500000,234.000000
15.500000,-3.363349,-1.464943,1.047068,0.010914,0.026339,0.037878,0.998876,0.001778,0.010411,0.025915,-0.452404,0.564791,-0.528775,0.443552,513.500000,72.500000,209.500000,161.500000,225.000000,234.000000
15.600000,-3.344861,-1.462711,1.045117,0.011512,0.026823,0.038735,0.998823,0.001778,0.010411,0.025915,-0.452404,0.564791,-0.528775,0.443552,514.500000,72.000000,208.500000,161.500000,224.500000,234.000000
15.700000,-3.326530,-1.460712,1.043134,0.010849,0.028274,0.038251,0.998809,0.001778,0.010411,0.025915,-0.452404,0.564791,-0.528775,0.443552,517.500000,71.500000,204.000000,160.500000,224.000000,233.000000
15.800000,-3.307705,-1.458981,1.040969,0.006861,0.029026,0.038656,0.998807,0.001778,0.010411,0.025915,-0.452404,0.564791,-0.528775,0.443552,518.500000,70.500000,201.500000,159.500000,224.000000,232.500000
15.900000,-3.289211,-1.457033,1.038647,0.007993,0.030390,0.039229,0.998736,0.001778,0.010411,0.025915,-0.452404,0.564791,-0.528775,0.443552,520.000000,70.500000,199.500000,158.500000,223.500000,231.500000
16.000000,-3.270239,-1.454687,1.036481,0.010557,0.029708,0.039685,0.998715,0.001778,0.010411,0.025915,-0.452404,0.564791,-0.528775,0.443552,523.500000,71.000000,195.000000,157.500000,223.000000,231.500000
16.100000,-3.250721,-1.452712,1.034658,0.009597,0.030054,0.040157,0.998695,0.001778,0.010411,0.025915,-0.452404,0.564791,-0.528775,0.443552,523.500000,71.000000,194.500000,157.500000,223.000000,231.500000
16.200000,-3.230954,-1.450396,1.032993,0.009468,0.029657,0.039758,0.998724,0.001778,0.010411,0.025915,-0.452404,0.564791,-0.528775,0.443552,526.500000,70.000000,190.500000,155.000000,223.500000,230.000000
16.300000,-3.210791,-1.448519,1.031740,0.008707,0.029837,0.039638,0.998731,0.001778,0.010411,0.025915,-0.452404,0.564791,-0.528775,0.443552,530.000000,69.500000,187.000000,153.500000,222.000000,229.500000
16.400000,-3.190649,-1.446428,1.030750,0.008199,0.027802,0.039209,0.998811,0.001778,0.010411,0.025915,-0.452404,0.564791,-0.528775,0.443552,530.000000,70.500000,185.500000,153.500000,222.000000,229.500000
16.500000,-3.170497,-1.444449,1.029954,0.009237,0.026587,0.039991,0.998804,0.001778,0.010411,0.025915,-0.452404,0.564791,-0.528775,0.443552,533.000000,70.500000,181.500000,153.500000,221.500000,229.000000
16.600000,-3.153035,-1.442906,1.029155,0.010826,0.016465,0.040534,0.998984,0.001778,0.010411,0.025915,-0.452404,0.564791,-0.528775,0.443552,534.000000,70.000000,179.500000,152.500000,221.000000,229.500000
16.700000,-3.134511,-1.441206,1.027683,0.009763,0.006537,0.040213,0.999122,0.001778,0.010411,0.025915,-0.452404,0.564791,-0.528775,0.443552,537.000000,66.500000,173.500000,149.000000,218.000000,226.500000
16.800000,-3.121667,-1.440000,1.026423,0.009918,0.004902,0.040551,0.999116,0.001778,0.010411,0.025915,-0.452404,0.564791,-0.528775,0.443552,540.000000,65.500000,168.500000,148.500000,216.500000,226.500000
16.900000,-3.112720,-1.439086,1.024764,0.009357,0.005560,0.040533,0.999119,0.001778,0.010411,0.025915,-0.452404,0.564791,-0.528775,0.443552,541.000000,65.500000,166.500000,148.000000,215.500000,226.000000
17.000000,-3.107785,-1.438270,1.022796,0.007452,0.007031,0.039859,0.999153,0.001778,0.010411,0.025915,-0.452404,0.564791,-0.528775,0.443552,543.500000,65.000000,162.500000,148.500000,214.500000,226.000000
17.100000,-3.106087,-1.437423,1.020774,0.007312,0.007125,0.041175,0.999100,0.001778,0.010411,0.025915,-0.452404,0.564791,-0.528775,0.443552,546.000000,64.500000,158.000000,148.500000,214.500000,226.000000
17.200000,-3.107387,-1.436320,1.019185,0.008315,0.008408,0.041324,0.999076,0.001778,0.010411,0.025915,-0.452404,0.564791,-0.528775,0.443552,547.500000,63.500000,154.500000,148.500000,214.000000,225.500000
17.300000,-3.111627,-1.435229,1.018157,0.008758,0.008397,0.041191,0.999078,0.001778,0.010411,0.025915,-0.452404,0.564791,-0.528775,0.443552,549.500000,64.000000,151.500000,149.500000,214.500000,226.000000
17.400000,-3.118270,-1.434006,1.017766,0.008217,0.009832,0.041761,0.999045,0.001778,0.010411,0.025915,-0.452404,0.564791,-0.528775,0.443552,551.000000,64.000000,149.500000,150.000000,215.000000,226.000000
17.500000,-3.127112,-1.432405,1.017765,0.007937,0.009484,0.041126,0.999077,0.001778,0.010411,0.025915,-0.452404,0.564791,-0.528775,0.443552,553.000000,64.000000,145.000000,150.500000,215.000000,225.000000
17.600000,-3.137821,-1.430694,1.018340,0.009231,0.010079,0.042460,0.999005,0.001778,0.010411,0.025915,-0.452404,0.564791,-0.528775,0.443552,553.500000,64.500000,144.000000,152.000000,215.000000,225.500000
17.700000,-3.150618,-1.428828,1.019682,0.009657,0.008275,0.041791,0.999045,0.001778,0.010411,0.025915,-0.452404,0.564791,-0.528775,0.443552,556.500000,67.000000,139.500000,153.500000,216.000000,226.500000
17.800000,-3.165324,-1.427173,1.020654,0.011902,0.010077,0.042405,0.998979,0.001778,0.010411,0.025915,-0.452404,0.564791,-0.528775,0.443552,557.000000,67.000000,138.500000,153.500000,217.000000,226.500000
17.900000,-3.181713,-1.425875,1.022043,0.011800,0.011353,0.042406,0.998966,0.001778,0.010411,0.025915,-0.452404,0.564791,-0.528775,0.443552,559.500000,67.500000,134.500000,153.500000,217.500000,226.000000
18.000000,-3.199554,-1.425278,1.022775,0.011651,0.010432,0.042202,0.998987,0.001778,0.010411,0.025915,-0.452404,0.564791,-0.528775,0.443552,561.500000,68.500000,132.500000,154.500000,217.500000,226.000000
18.100000,-3.216731,-1.425146,1.023246,0.012391,0.011271,0.043266,0.998923,0.001778,0.010411,0.025915,-0.452404,0.564791,-0.528775,0.443552,562.500000,69.000000,130.500000,154.000000,218.000000,226.000000
18.200000,-3.238690,-1.425682,1.023919,0.010597,0.016126,0.043402,0.998871,0.001778,0.010411,0.025915,-0.452404,0.564791,-0.528775,0.443552,565.000000,71.000000,125.500000,156.000000,218.500000,225.500000
18.300000,-3.259372,-1.426536,1.024407,0.008954,0.016252,0.042525,0.998923,0.001778,0.010411,0.025915,-0.452404,0.564791,-0.528775,0.443552,565.000000,71.500000,125.000000,156.500000,219.000000,225.500000
18.400000,-3.280144,-1.427637,1.024670,0.009295,0.016761,0.042735,0.998903,0.001778,0.010411,0.025915,-0.452404,0.564791,-0.528775,0.443552,567.000000,72.000000,123.500000,157.500000,219.000000,225.500000
18.500000,-3.300914,-1.428634,1.024669,0.008514,0.016174,0.041655,0.998965,0.001778,0.010411,0.025915,-0.452404,0.564791,-0.528775,0.443552,569.000000,71.500000,121.500000,158.000000,219.500000,223.500000
18.600000,-3.321580,-1.430453,1.024518,0.008470,0.017101,0.041824,0.998943,0.001778,0.010411,0.025915,-0.452404,0.564791,-0.528775,0.443552,570.000000,71.500000,120.500000,158.500000,220.000000,222.000000
18.700000,-3.342073,-1.432201,1.024259,0.007616,0.016636,0.040371,0.999017,0.001778,0.010411,0.025915,-0.452404,0.564791,-0.528775,0.443552,571.500000,71.500000,119.500000,159.500000,220.500000,220.500000
18.800000,-3.362885,-1.434551,1.024155,0.007612,0.017541,0.040593,0.998993,0.001778,0.010411,0.025915,-0.452404,0.564791,-0.528775,0.443552,572.000000,71.000000,118.500000,160.000000,221.000000,220.500000
18.900000,-3.383402,-1.436977,1.023755,0.008139,0.018119,0.039516,0.999021,0.001778,0.010411,0.025915,-0.452404,0.564791,-0.528775,0.443552,573.500000,70.500000,117.500000,161.500000,221.500000,219.000000
19.000000,-3.403856,-1.439606,1.023563,0.007575,0.017770,0.039792,0.999021,0.001778,0.010411,0.025915,-0.452404,0.564791,-0.528775,0.443552,576.000000,71.500000,116.500000,163.500000,222.500000,219.000000
19.100000,-3.424127,-1.442574,1.023974,0.008292,0.019340,0.040561,0.998955,0.001778,0.010411,0.025915,-0.452404,0.564791,-0.528775,0.443552,577.000000,72.000000,115.500000,164.000000,222.500000,219.000000
19.200000,-3.444204,-1.445819,1.025172,0.005586,0.019270,0.039994,0.998998,0.001778,0.010411,0.025915,-0.452404,0.564791,-0.528775,0.443552,578.000000,73.000000,115.000000,165.500000,223.500000,219.000000
19.300000,-3.463986,-1.449260,1.026394,0.006468,0.017596,0.040522,0.999003,0.001778,0.010411,0.025915,-0.452404,0.564791,-0.528775,0.443552,579.000000,74.000000,113.500000,166.000000,223.500000,219.000000
19.400000,-3.483209,-1.452934,1.027867,0.007124,0.023723,0.040509,0.998872,0.001778,0.010411,0.025915,-0.452404,0.564791,-0.528775,0.443552,580.500000,74.500000,113.500000,167.000000,224.000000,219.500000
19.500000,-3.500767,-1.456675,1.029451,0.003962,0.035548,0.039666,0.998573,0.001778,0.010411,0.025915,-0.452404,0.564791,-0.528775,0.443552,582.500000,76.000000,112.000000,167.500000,223.000000,219.000000
19.600000,-3.515581,-1.460374,1.031422,0.000184,0.041693,0.038531,0.998387,0.001778,0.010411,0.025915,-0.452404,0.564791,-0.528775,0.443552,583.000000,76.000000,111.000000,167.000000,223.000000,218.500000
19.700000,-3.526335,-1.463346,1.033501,-0.000336,0.042067,0.038808,0.998361,0.001778,0.010411,0.025915,-0.452404,0.564791,-0.528775,0.443552,585.000000,77.500000,109.500000,167.000000,223.500000,218.000000
19.800000,-3.533246,-1.465250,1.036077,0.000074,0.041801,0.037892,0.998407,0.001778,0.010411,0.025915,-0.452404,0.564791,-0.528775,0.443552,586.000000,77.500000,108.500000,166.500000,223.000000,217.500000
19.900000,-3.535232,-1.466524,1.038096,0.004145,0.042662,0.039603,0.998296,0.001778,0.010411,0.025915,-0.452404,0.564791,-0.528775,0.443552,588.000000,78.000000,107.000000,165.000000,222.500000,217.000000
20.000000,-3.534268,-1.467220,1.041437,-0.000391,0.039129,0.037891,0.998515,0.001778,0.010411,0.025915,-0.452404,0.564791,-0.528775,0.443552,590.000000,79.000000,106.000000,165.000000,222.500000,217.500000
20.100000,-3.528693,-1.466937,1.044264,0.002680,0.041092,0.040030,0.998350,0.001778,0.010411,0.025915,-0.452404,0.564791,-0.528775,0.443552,591.000000,79.000000,104.500000,164.500000,222.000000,217.500000
20.200000,-3.521435,-1.466082,1.047456,0.003102,0.040556,0.039867,0.998377,0.001778,0.010411,0.025915,-0.452404,0.564791,-0.528775,0.443552,593.000000,80.000000,102.000000,163.500000,222.000000,217.000000
20.300000,-3.509923,-1.464311,1.051490,0.004416,0.037998,0.039868,0.998472,0.001778,0.010411,0.025915,-0.452404,0.564791,-0.528775,0.443552,595.000000,80.000000,100.500000,163.000000,221.500000,218.000000
20.400000,-3.496898,-1.462000,1.054238,0.005150,0.036905,0.040469,0.998486,0.001778,0.010411,0.025915,-0.452404,0.564791,-0.528775,0.443552,596.000000,80.500000,99.500000,162.500000,221.500000,218.500000
20.500000,-3.482307,-1.458990,1.056435,0.005150,0.035592,0.039818,0.998560,0.001778,0.010411,0.025915,-0.452404,0.564791,-0.528775,0.443552,597.000000,80.000000,97.000000,161.500000,220.500000,220.000000
20.600000,-3.467215,-1.455526,1.058405,0.004348,0.034135,0.037438,0.998706,0.001778,0.010411,0.025915,-0.452404,0.564791,-0.528775,0.443552,598.000000,80.500000,96.500000,161.500000,220.000000,221.000000
20.700000,-3.451563,-1.452266,1.058724,0.009094,0.034782,0.039434,0.998575,0.001778,0.010411,0.025915,-0.452404,0.564791,-0.528775,0.443552,598.500000,81.000000,95.500000,161.500000,220.000000,222.000000
20.800000,-3.432397,-1.448165,1.059129,0.006780,0.033645,0.037797,0.998696,0.001778,0.010411,0.025915,-0.452404,0.564791,-0.528775,0.443552,599.000000,81.000000,94.500000,160.500000,220.500000,222.000000
20.900000,-3.413634,-1.444600,1.058040,0.008583,0.032885,0.038823,0.998668,0.001778,0.010411,0.025915,-0.452404,0.564791,-0.528775,0.443552,599.500000,81.000000,93.500000,159.500000,220.500000,222.000000
21.000000,-3.394678,-1.440863,1.056471,0.009057,0.032437,0.039192,0.998664,0.001778,0.010411,0.025915,-0.452404,0.564791,-0.528775,0.443552,600.500000,81.000000,91.500000,156.500000,220.500000,220.500000
21.100000,-3.375671,-1.437113,1.054832,0.008501,0.031488,0.039256,0.998697,0.001778,0.010411,0.025915,-0.452404,0.564791,-0.528775,0.443552,600.500000,82.000000,90.500000,156.000000,220.500000,220.500000
21.200000,-3.355926,-1.433613,1.052601,0.009434,0.032540,0.039567,0.998642,0.001778,0.010411,0.025915,-0.452404,0.564791,-0.528775,0.443552,600.500000,84.500000,88.500000,155.000000,220.500000,219.500000
21.300000,-3.337990,-1.430620,1.050490,0.007181,0.034462,0.039919,0.998583,0.001778,0.010411,0.025915,-0.452404,0.564791,-0.528775,0.443552,601.000000,87.000000,87.500000,155.000000,220.500000,219.500000
21.400000,-3.315440,-1.426701,1.047402,0.006610,0.033076,0.040265,0.998620,0.001778,0.010411,0.025915,-0.452404,0.564791,-0.528775,0.443552,600.500000,92.500000,85.500000,152.500000,221.000000,217.500000
21.500000,-3.294406,-1.423367,1.044774,0.006742,0.033958,0.041119,0.998554,0.001778,0.010411,0.025915,-0.452404,0.564791,-0.528775,0.443552,601.000000,102.500000,82.500000,152.000000,220.000000,216.000000
21.600000,-3.272342,-1.420079,1.042134,0.006540,0.034752,0.040239,0.998564,0.001778,0.010411,0.025915,-0.452404,0.564791,-0.528775,0.443552,600.500000,107.500000,81.500000,152.000000,219.500000,215.000000
21.700000,-3.249480,-1.416458,1.039494,0.004431,0.035108,0.040085,0.998569,0.001778,0.010411,0.025915,-0.452404,0.564791,-0.528775,0.443552,600.500000,118.000000,79.500000,152.000000,218.500000,214.000000
21.800000,-3.228291,-1.413003,1.037088,0.005146,0.030254,0.040008,0.998728,0.001778,0.010411,0.025915,-0.452404,0.564791,-0.528775,0.443552,600.500000,134.000000,76.500000,153.500000,217.500000,214.000000
21.900000,-3.202188,-1.408758,1.034427,0.007356,0.029502,0.039486,0.998757,0.001778,0.010411,0.025915,-0.452404,0.564791,-0.528775,0.443552,600.500000,141.500000,75.000000,154.000000,217.500000,214.000000
22.000000,-3.178436,-1.404904,1.031927,0.006670,0.029463,0.039219,0.998774,0.001778,0.010411,0.025915,-0.452404,0.564791,-0.528775,0.443552,601.000000,153.000000,74.000000,154.500000,216.500000,213.000000
22.100000,-3.155307,-1.401145,1.029289,0.005340,0.024777,0.039238,0.998908,0.001778,0.010411,0.025915,-0.452404,0.564791,-0.528775,0.443552,600.500000,159.500000,73.000000,155.500000,215.500000,213.000000
22.200000,-3.133475,-1.397409,1.026316,0.008934,0.012970,0.040387,0.999060,0.001778,0.010411,0.025915,-0.452404,0.564791,-0.528775,0.443552,600.500000,172.500000,68.500000,156.000000,215.000000,211.500000
22.300000,-3.116221,-1.394258,1.023369,0.009818,0.007263,0.040663,0.999098,0.001778,0.010411,0.025915,-0.452404,0.564791,-0.528775,0.443552,601.000000,183.000000,67.000000,156.500000,213.000000,211.000000
22.400000,-3.099575,-1.391123,1.020204,0.010767,0.002791,0.041197,0.999089,0.001778,0.010411,0.025915,-0.452404,0.564791,-0.528775,0.443552,600.500000,190.000000,66.500000,157.000000,213.000000,212.000000
22.500000,-3.089172,-1.389026,1.017848,0.010258,0.005257,0.041398,0.999076,0.001778,0.010411,0.025915,-0.452404,0.564791,-0.528775,0.443552,601.000000,198.000000,67.000000,158.000000,212.500000,213.000000
22.600000,-3.083172,-1.387524,1.015429,0.009747,0.007750,0.041029,0.999080,0.001778,0.010411,0.025915,-0.452404,0.564791,-0.528775,0.443552,601.000000,205.000000,66.500000,157.500000,212.500000,213.000000
22.700000,-3.080869,-1.386387,1.013374,0.009874,0.004567,0.040645,0.999114,0.001778,0.010411,0.025915,-0.452404,0.564791,-0.528775,0.443552,601.500000,213.000000,66.000000,159.000000,212.000000,215.000000
22.800000,-3.081830,-1.385487,1.011697,0.010855,0.005700,0.041265,0.999073,0.001778,0.010411,0.025915,-0.452404,0.564791,-0.528775,0.443552,601.500000,218.500000,66.000000,160.000000,212.000000,215.000000
22.900000,-3.086365,-1.385063,1.010226,0.009902,0.007263,0.040989,0.999084,0.001778,0.010411,0.025915,-0.452404,0.564791,-0.528775,0.443552,601.500000,225.500000,67.000000,160.000000,212.000000,215.000000
23.000000,-3.093857,-1.384972,1.009343,0.009747,0.009012,0.041024,0.999070,0.001778,0.010411,0.025915,-0.452404,0.564791,-0.528775,0.443552,601.500000,234.000000,67.000000,162.000000,212.000000,217.000000
23.100000,-3.103766,-1.384955,1.008781,0.010908,0.011333,0.041762,0.999004,0.001778,0.010411,0.025915,-0.452404,0.564791,-0.528775,0.443552,601.500000,242.500000,68.000000,162.000000,212.500000,217.000000
23.200000,-3.115522,-1.385120,1.008464,0.009320,0.012451,0.041226,0.999029,0.001778,0.010411,0.025915,-0.452404,0.564791,-0.528775,0.443552,601.000000,250.000000,69.500000,161.500000,213.000000,218.500000
23.300000,-3.128769,-1.385071,1.008582,0.008449,0.014549,0.041998,0.998976,0.001778,0.010411,0.025915,-0.452404,0.564791,-0.528775,0.443552,601.000000,252.000000,69.500000,161.500000,213.000000,218.500000
23.400000,-3.143326,-1.384690,1.008959,0.010051,0.016910,0.041351,0.998951,0.001778,0.010411,0.025915,-0.452404,0.564791,-0.528775,0.443552,601.000000,260.000000,70.500000,162.500000,213.500000,220.000000
23.500000,-3.158318,-1.384270,1.009320,0.010279,0.017259,0.041168,0.998950,0.001778,0.010411,0.025915,-0.452404,0.564791,-0.528775,0.443552,601.000000,266.500000,73.500000,162.500000,215.000000,220.500000
23.600000,-3.172235,-1.383705,1.009825,0.009306,0.017603,0.041138,0.998955,0.001778,0.010411,0.025915,-0.452404,0.564791,-0.528775,0.443552,600.500000,268.500000,73.500000,162.500000,215.000000,221.000000
23.700000,-3.189414,-1.383210,1.010724,0.011621,0.019020,0.042373,0.998853,0.001778,0.010411,0.025915,-0.452404,0.564791,-0.528775,0.443552,600.500000,272.000000,78.000000,162.000000,216.000000,223.000000
23.800000,-3.205081,-1.383037,1.011905,0.012287,0.019592,0.042476,0.998830,0.001778,0.010411,0.025915,-0.452404,0.564791,-0.528775,0.443552,600.500000,272.000000,81.000000,162.000000,217.500000,223.500000
23.900000,-3.220636,-1.382967,1.013040,0.010630,0.018800,0.042330,0.998870,0.001778,0.010411,0.025915,-0.452404,0.564791,-0.528775,0.443552,600.000000,272.500000,82.000000,162.000000,218.000000,223.500000
24.000000,-3.236370,-1.383172,1.014032,0.009800,0.019280,0.042506,0.998862,0.001778,0.010411,0.025915,-0.452404,0.564791,-0.528775,0.443552,599.500000,272.500000,84.500000,161.500000,219.500000,223.500000
24.100000,-3.251851,-1.383526,1.014728,0.010397,0.018639,0.041633,0.998905,0.001778,0.010411,0.025915,-0.452404,0.564791,-0.528775,0.443552,599.500000,272.500000,86.500000,161.500000,220.500000,222.500000
24.200000,-3.267629,-1.384196,1.015387,0.010872,0.017266,0.042162,0.998902,0.001778,0.010411,0.025915,-0.452404,0.564791,-0.528775,0.443552,599.500000,272.500000,88.000000,161.500000,222.500000,221.500000
24.300000,-3.283615,-1.385174,1.015720,0.008671,0.018217,0.041492,0.998935,0.001778,0.010411,0.025915,-0.452404,0.564791,-0.528775,0.443552,599.500000,273.000000,90.000000,161.500000,222.500000,221.500000
24.400000,-3.299423,-1.386504,1.015313,0.008997,0.017515,0.041918,0.998927,0.001778,0.010411,0.025915,-0.452404,0.564791,-0.528775,0.443552,599.500000,272.500000,92.000000,160.500000,223.500000,220.000000
24.500000,-3.315341,-1.387763,1.015001,0.008586,0.018109,0.042065,0.998914,0.001778,0.010411,0.025915,-0.452404,0.564791,-0.528775,0.443552,599.000000,271.500000,94.000000,160.500000,224.000000,219.000000
24.600000,-3.330931,-1.389262,1.014102,0.008442,0.018280,0.042679,0.998886,0.001778,0.010411,0.025915,-0.452404,0.564791,-0.528775,0.443552,598.500000,271.500000,95.500000,160.500000,225.000000,218.500000
24.700000,-3.346635,-1.390523,1.013255,0.007816,0.017945,0.042090,0.998922,0.001778,0.010411,0.025915,-0.452404,0.564791,-0.528775,0.443552,598.500000,271.000000,97.000000,159.500000,225.500000,217.500000
24.800000,-3.360534,-1.391602,1.012748,0.008015,0.018174,0.041490,0.998941,0.001778,0.010411,0.025915,-0.452404,0.564791,-0.528775,0.443552,598.500000,270.500000,99.500000,159.500000,227.000000,216.000000
24.900000,-3.377030,-1.392987,1.011547,0.008603,0.017103,0.040577,0.998993,0.001778,0.010411,0.025915,-0.452404,0.564791,-0.528775,0.443552,598.500000,270.500000,100.500000,159.500000,227.000000,215.500000
25.000000,-3.392730,-1.394508,1.010958,0.010502,0.018042,0.041451,0.998922,0.001778,0.010411,0.025915,-0.452404,0.564791,-0.528775,0.443552,598.000000,270.500000,102.000000,160.500000,227.000000,214.500000
25.100000,-3.408296,-1.396294,1.010010,0.010430,0.018329,0.041612,0.998911,0.001778,0.010411,0.025915,-0.452404,0.564791,-0.528775,0.443552,598.000000,270.000000,103.500000,160.500000,228.000000,213.500000
25.200000,-3.422342,-1.397919,1.009433,0.012282,0.018321,0.041683,0.998887,0.001778,0.010411,0.025915,-0.452404,0.564791,-0.528775,0.443552,597.500000,269.000000,104.000000,160.500000,228.000000,212.000000
25.300000,-3.437853,-1.400373,1.009023,0.011952,0.017246,0.041502,0.998918,0.001778,0.010411,0.025915,-0.452404,0.564791,-0.528775,0.443552,597.000000,269.000000,105.000000,160.500000,228.500000,211.000000
25.400000,-3.455240,-1.403561,1.009463,0.011187,0.016711,0.040783,0.998966,0.001778,0.010411,0.025915,-0.452404,0.564791,-0.528775,0.443552,597.000000,270.000000,107.000000,162.500000,228.500000,211.000000
25.500000,-3.471355,-1.407019,1.010110,0.011843,0.016045,0.041194,0.998952,0.001778,0.010411,0.025915,-0.452404,0.564791,-0.528775,0.443552,596.500000,269.000000,108.000000,163.000000,228.500000,210.000000
25.600000,-3.487702,-1.411021,1.011627,0.011188,0.017119,0.040532,0.998969,0.001778,0.010411,0.025915,-0.452404,0.564791,-0.528775,0.443552,596.500000,269.000000,108.000000,163.500000,228.500000,210.000000
25.700000,-3.503584,-1.415543,1.013344,0.011975,0.019257,0.042499,0.998839,0.001778,0.010411,0.025915,-0.452404,0.564791,-0.528775,0.443552,595.500000,270.000000,110.500000,165.500000,228.500000,210.000000
25.800000,-3.517952,-1.419972,1.015026,0.010068,0.024266,0.042292,0.998760,0.001778,0.010411,0.025915,-0.452404,0.564791,-0.528775,0.443552,595.500000,270.000000,110.500000,165.500000,228.500000,210.000000
25.900000,-3.532329,-1.424935,1.017077,0.005436,0.031903,0.041849,0.998600,0.001778,0.010411,0.025915,-0.452404,0.564791,-0.528775,0.443552,594.000000,270.000000,111.500000,166.500000,227.500000,210.000000
26.000000,-3.544803,-1.429455,1.018989,0.006021,0.032481,0.041502,0.998592,0.001778,0.010411,0.025915,-0.452404,0.564791,-0.528775,0.443552,593.500000,271.000000,112.000000,167.500000,227.500000,211.000000
26.100000,-3.555330,-1.434006,1.020645,0.007467,0.034890,0.042529,0.998458,0.001778,0.010411,0.025915,-0.452404,0.564791,-0.528775,0.443552,592.500000,271.000000,113.000000,168.500000,227.000000,212.000000
26.200000,-3.562775,-1.437430,1.022524,0.004923,0.034315,0.041054,0.998555,0.001778,0.010411,0.025915,-0.452404,0.564791,-0.528775,0.443552,592.000000,271.000000,114.000000,169.500000,226.500000,212.000000
26.300000,-3.566901,-1.440459,1.023677,0.008071,0.036751,0.041933,0.998412,0.001778,0.010411,0.025915,-0.452404,0.564791,-0.528775,0.443552,592.000000,271.000000,114.000000,169.500000,226.500000,212.000000
26.400000,-3.568837,-1.443174,1.025587,0.004327,0.033352,0.039509,0.998653,0.001778,0.010411,0.025915,-0.452404,0.564791,-0.528775,0.443552,591.500000,271.000000,115.000000,170.000000,225.500000,213.000000
26.500000,-3.567533,-1.445963,1.026300,0.008580,0.033373,0.041554,0.998542,0.001778,0.010411,0.025915,-0.452404,0.564791,-0.528775,0.443552,591.500000,270.000000,115.500000,170.000000,225.500000,212.500000
26.600000,-3.564343,-1.448167,1.026590,0.006548,0.032679,0.040906,0.998607,0.001778,0.010411,0.025915,-0.452404,0.564791,-0.528775,0.443552,591.000000,270.000000,116.000000,170.500000,224.500000,213.000000
26.700000,-3.560555,-1.449885,1.027674,0.003377,0.031915,0.038817,0.998731,0.001778,0.010411,0.025915,-0.452404,0.564791,-0.528775,0.443552,590.500000,269.000000,116.000000,170.500000,223.500000,213.000000
26.800000,-3.555412,-1.451062,1.028232,0.005229,0.031964,0.038943,0.998716,0.001778,0.010411,0.025915,-0.452404,0.564791,-0.528775,0.443552,590.500000,270.000000,117.000000,172.000000,222.500000,214.000000
26.900000,-3.548579,-1.451868,1.028533,0.007470,0.030834,0.039593,0.998712,0.001778,0.010411,0.025915,-0.452404,0.564791,-0.528775,0.443552,591.000000,271.000000,117.000000,173.000000,221.500000,215.000000
27.000000,-3.540171,-1.452387,1.029296,0.007649,0.030463,0.039447,0.998728,0.001778,0.010411,0.025915,-0.452404,0.564791,-0.528775,0.443552,590.500000,271.000000,118.500000,174.000000,220.000000,215.000000
27.100000,-3.532660,-1.452661,1.029858,0.006397,0.028494,0.040057,0.998771,0.001778,0.010411,0.025915,-0.452404,0.564791,-0.528775,0.443552,591.000000,271.000000,119.000000,174.500000,219.000000,215.500000
27.200000,-3.524552,-1.452762,1.030450,0.004625,0.028328,0.039559,0.998805,0.001778,0.010411,0.025915,-0.452404,0.564791,-0.528775,0.443552,590.000000,271.000000,120.500000,175.500000,217.500000,215.500000
27.300000,-3.518016,-1.452790,1.030794,0.003610,0.027457,0.038801,0.998863,0.001778,0.010411,0.025915,-0.452404,0.564791,-0.528775,0.443552,590.000000,271.500000,120.500000,176.500000,216.000000,216.500000
27.400000,-3.504552,-1.452116,1.030900,0.004489,0.029404,0.040338,0.998743,0.001778,0.010411,0.025915,-0.452404,0.564791,-0.528775,0.443552,590.000000,271.500000,121.500000,176.500000,214.500000,216.500000
27.500000,-3.491742,-1.451259,1.031367,0.006320,0.026348,0.041069,0.998789,0.001778,0.010411,0.025915,-0.452404,0.564791,-0.528775,0.443552,590.000000,271.000000,123.000000,176.500000,213.500000,216.000000
27.600000,-3.480909,-1.450030,1.032121,0.004998,0.024680,0.039045,0.998920,0.001778,0.010411,0.025915,-0.452404,0.564791,-0.528775,0.443552,590.000000,271.000000,124.000000,176.000000,212.500000,215.500000
27.700000,-3.470296,-1.448963,1.032181,0.007783,0.027306,0.040263,0.998786,0.001778,0.010411,0.025915,-0.452404,0.564791,-0.528775,0.443552,590.000000,271.500000,125.000000,175.500000,211.500000,215.500000
27.800000,-3.457557,-1.447464,1.032111,0.004669,0.025916,0.038799,0.998900,0.001778,0.010411,0.025915,-0.452404,0.564791,-0.528775,0.443552,591.000000,270.500000,126.000000,174.000000,210.000000,214.500000
27.900000,-3.446286,-1.446168,1.031462,0.005799,0.027967,0.038997,0.998831,0.001778,0.010411,0.025915,-0.452404,0.564791,-0.528775,0.443552,591.000000,269.500000,128.000000,171.500000,208.500000,213.000000
28.000000,-3.432423,-1.444446,1.030456,0.005480,0.024947,0.038705,0.998924,0.001778,0.010411,0.025915,-0.452404,0.564791,-0.528775,0.443552,591.500000,269.000000,128.000000,171.000000,208.000000,213.000000
28.100000,-3.419462,-1.442981,1.029562,0.007752,0.023864,0.038788,0.998932,0.001778,0.010411,0.025915,-0.452404,0.564791,-0.528775,0.443552,591.500000,269.500000,129.500000,170.000000,206.000000,212.000000
28.200000,-3.407274,-1.441263,1.029596,0.007781,0.022453,0.039188,0.998949,0.001778,0.010411,0.025915,-0.452404,0.564791,-0.528775,0.443552,592.000000,269.000000,131.000000,169.000000,204.000000,211.000000
28.300000,-3.395430,-1.439965,1.029776,0.008638,0.026077,0.039880,0.998827,0.001778,0.010411,0.025915,-0.452404,0.564791,-0.528775,0.443552,592.500000,270.000000,133.000000,168.500000,203.000000,211.500000
28.400000,-3.385507,-1.438854,1.030234,0.007278,0.025504,0.039197,0.998879,0.001778,0.010411,0.025915,-0.452404,0.564791,-0.528775,0.443552,593.000000,269.500000,134.500000,168.000000,202.000000,210.500000
28.500000,-3.373666,-1.437656,1.031257,0.008579,0.024949,0.040022,0.998850,0.001778,0.010411,0.025915,-0.452404,0.564791,-0.528775,0.443552,593.000000,269.500000,135.500000,168.000000,201.000000,210.500000
28.600000,-3.363578,-1.436924,1.032564,0.009988,0.026341,0.039960,0.998804,0.001778,0.010411,0.025915,-0.452404,0.564791,-0.528775,0.443552,593.000000,270.000000,137.000000,169.000000,200.000000,210.500000
28.700000,-3.353873,-1.436565,1.034029,0.009160,0.027751,0.039220,0.998803,0.001778,0.010411,0.025915,-0.452404,0.564791,-0.528775,0.443552,593.000000,271.000000,140.000000,170.500000,198.000000,212.000000
28.800000,-3.344648,-1.436684,1.035584,0.007684,0.030210,0.039983,0.998714,0.001778,0.010411,0.025915,-0.452404,0.564791,-0.528775,0.443552,593.500000,271.000000,141.000000,171.500000,197.000000,212.500000
28.900000,-3.336444,-1.436960,1.036936,0.006724,0.031739,0.040645,0.998647,0.001778,0.010411,0.025915,-0.452404,0.564791,-0.528775,0.443552,593.500000,271.500000,142.500000,173.500000,196.000000,213.500000
29.000000,-3.326859,-1.437148,1.038081,0.004082,0.032661,0.039000,0.998697,0.001778,0.010411,0.025915,-0.452404,0.564791,-0.528775,0.443552,593.500000,271.500000,144.000000,174.500000,195.000000,214.500000
29.100000,-3.316164,-1.437460,1.039073,0.004705,0.033381,0.040462,0.998612,0.001778,0.010411,0.025915,-0.452404,0.564791,-0.528775,0.443552,593.000000,272.500000,145.500000,177.000000,193.000000,215.500000
29.200000,-3.306432,-1.438008,1.040059,0.003693,0.036387,0.042352,0.998433,0.001778,0.010411,0.025915,-0.452404,0.564791,-0.528775,0.443552,593.000000,273.000000,146.500000,178.500000,190.000000,215.500000
29.300000,-3.296709,-1.437901,1.040135,0.003107,0.033981,0.041853,0.998541,0.001778,0.010411,0.025915,-0.452404,0.564791,-0.528775,0.443552,593.000000,273.000000,147.500000,179.000000,189.000000,216.000000
29.400000,-3.284169,-1.437637,1.040019,0.004015,0.033712,0.042377,0.998525,0.001778,0.010411,0.025915,-0.452404,0.564791,-0.528775,0.443552,593.000000,273.000000,148.500000,179.000000,188.000000,216.500000
29.500000,-3.272360,-1.436711,1.039292,0.003017,0.031477,0.041745,0.998628,0.001778,0.010411,0.025915,-0.452404,0.564791,-0.528775,0.443552,593.000000,274.000000,148.500000,180.000000,187.000000,216.500000
29.600000,-3.260366,-1.436055,1.037744,0.006665,0.029212,0.041633,0.998684,0.001778,0.010411,0.025915,-0.452404,0.564791,-0.528775,0.443552,593.500000,274.000000,151.000000,179.500000,186.500000,217.000000
29.700000,-3.249778,-1.435742,1.035781,0.006075,0.030630,0.041841,0.998636,0.001778,0.010411,0.025915,-0.452404,0.564791,-0.528775,0.443552,594.000000,274.000000,152.000000,179.000000,186.000000,216.500000
29.800000,-3.238018,-1.435632,1.033032,0.006941,0.028408,0.041703,0.998702,0.001778,0.010411,0.025915,-0.452404,0.564791,-0.528775,0.443552,594.000000,274.500000,153.000000,178.000000,185.000000,217.000000
29.900000,-3.225557,-1.436093,1.030032,0.006055,0.027975,0.042191,0.998699,0.001778,0.010411,0.025915,-0.452404,0.564791,-0.528775,0.443552,594.000000,276.000000,154.500000,179.000000,183.500000,217.500000
30.000000,-3.215911,-1.436516,1.027973,0.005349,0.028563,0.042580,0.998670,0.001778,0.010411,0.025915,-0.452404,0.564791,-0.528775,0.443552,594.000000,276.000000,155.000000,177.500000,182.500000,217.000000
30.100000,-3.204702,-1.437110,1.025922,0.003803,0.027415,0.043321,0.998678,0.001778,0.010411,0.025915,-0.452404,0.564791,-0.528775,0.443552,594.000000,275.000000,156.000000,175.000000,181.500000,216.000000
30.200000,-3.194931,-1.437474,1.024720,0.006357,0.028805,0.044147,0.998589,0.001778,0.010411,0.025915,-0.452404,0.564791,-0.528775,0.443552,593.500000,276.500000,157.000000,174.500000,180.000000,217.000000
30.300000,-3.185610,-1.437872,1.024425,0.006122,0.028934,0.043923,0.998597,0.001778,0.010411,0.025915,-0.452404,0.564791,-0.528775,0.443552,594.000000,276.000000,159.000000,173.000000,179.500000,216.500000
30.400000,-3.177573,-1.438113,1.024222,0.005714,0.024391,0.044101,0.998713,0.001778,0.010411,0.025915,-0.452404,0.564791,-0.528775,0.443552,594.000000,276.000000,160.500000,172.000000,178.000000,216.500000
30.500000,-3.169587,-1.438416,1.024260,0.007130,0.015269,0.044464,0.998869,0.001778,0.010411,0.025915,-0.452404,0.564791,-0.528775,0.443552,594.000000,276.000000,161.000000,172.000000,178.000000,216.500000
30.600000,-3.163224,-1.439257,1.024928,0.007336,0.011571,0.044344,0.998922,0.001778,0.010411,0.025915,-0.452404,0.564791,-0.528775,0.443552,594.000000,276.000000,163.500000,172.000000,177.000000,216.000000
30.700000,-3.160405,-1.440316,1.025638,0.006009,0.009622,0.044332,0.998952,0.001778,0.010411,0.025915,-0.452404,0.564791,-0.528775,0.443552,594.000000,276.000000,165.500000,172.000000,176.500000,215.500000
30.800000,-3.160524,-1.441757,1.026203,0.006706,0.010238,0.043758,0.998967,0.001778,0.010411,0.025915,-0.452404,0.564791,-0.528775,0.443552,593.500000,276.000000,167.000000,172.000000,176.500000,215.500000
30.900000,-3.163347,-1.442997,1.026524,0.007699,0.011206,0.043888,0.998944,0.001778,0.010411,0.025915,-0.452404,0.564791,-0.528775,0.443552,594.000000,276.000000,169.500000,173.000000,176.000000,215.500000
31.000000,-3.169053,-1.444523,1.026504,0.005753,0.011890,0.043368,0.998972,0.001778,0.010411,0.025915,-0.452404,0.564791,-0.528775,0.443552,593.500000,277.000000,173.000000,175.000000,176.000000,215.500000
31.100000,-3.176663,-1.446396,1.026136,0.004276,0.011526,0.042782,0.999009,0.001778,0.010411,0.025915,-0.452404,0.564791,-0.528775,0.443552,593.500000,276.500000,175.000000,175.500000,176.000000,215.500000
31.200000,-3.186233,-1.447897,1.025932,0.005452,0.010300,0.044315,0.998950,0.001778,0.010411,0.025915,-0.452404,0.564791,-0.528775,0.443552,593.000000,277.000000,179.000000,177.000000,176.500000,215.500000
31.300000,-3.198070,-1.449385,1.026666,0.008066,0.013543,0.044330,0.998893,0.001778,0.010411,0.025915,-0.452404,0.564791,-0.528775,0.443552,592.500000,276.500000,182.000000,177.000000,176.000000,215.500000
31.400000,-3.211282,-1.450626,1.027879,0.007919,0.015109,0.044306,0.998872,0.001778,0.010411,0.025915,-0.452404,0.564791,-0.528775,0.443552,593.000000,276.000000,187.000000,178.000000,177.500000,215.000000
31.500000,-3.225740,-1.451838,1.029540,0.006531,0.017917,0.044506,0.998827,0.001778,0.010411,0.025915,-0.452404,0.564791,-0.528775,0.443552,593.000000,276.000000,188.000000,178.000000,177.500000,215.000000
31.600000,-3.240958,-1.452990,1.031397,0.005519,0.020828,0.043882,0.998804,0.001778,0.010411,0.025915,-0.452404,0.564791,-0.528775,0.443552,592.500000,277.000000,193.000000,179.000000,178.000000,216.000000
31.700000,-3.256339,-1.453825,1.033169,0.005013,0.022135,0.043777,0.998783,0.001778,0.010411,0.025915,-0.452404,0.564791,-0.528775,0.443552,592.000000,277.000000,197.000000,179.500000,179.500000,217.000000
31.800000,-3.271756,-1.454220,1.034987,0.004628,0.024097,0.043491,0.998752,0.001778,0.010411,0.025915,-0.452404,0.564791,-0.528775,0.443552,592.000000,277.000000,199.000000,180.000000,179.500000,217.500000
31.900000,-3.286680,-1.453861,1.036529,0.004630,0.022853,0.043395,0.998786,0.001778,0.010411,0.025915,-0.452404,0.564791,-0.528775,0.443552,592.000000,277.000000,204.000000,179.000000,181.500000,217.500000
32.000000,-3.301154,-1.452894,1.038113,0.007936,0.019614,0.042214,0.998885,0.001778,0.010411,0.025915,-0.452404,0.564791,-0.528775,0.443552,591.500000,277.000000,207.000000,179.000000,182.500000,218.000000
32.100000,-3.315897,-1.452227,1.040258,0.010620,0.017632,0.043632,0.998836,0.001778,0.010411,0.025915,-0.452404,0.564791,-0.528775,0.443552,592.000000,277.000000,210.000000,179.000000,184.000000,218.000000
32.200000,-3.331149,-1.451869,1.042987,0.009934,0.018408,0.043717,0.998825,0.001778,0.010411,0.025915,-0.452404,0.564791,-0.528775,0.443552,592.000000,277.000000,213.000000,178.500000,185.500000,217.500000
32.300000,-3.346587,-1.451475,1.045847,0.008703,0.018677,0.044187,0.998811,0.001778,0.010411,0.025915,-0.452404,0.564791,-0.528775,0.443552,591.500000,277.000000,216.500000,178.000000,186.500000,217.500000
32.400000,-3.360683,-1.451147,1.048573,0.009171,0.019686,0.044838,0.998758,0.001778,0.010411,0.025915,-0.452404,0.564791,-0.528775,0.443552,591.500000,276.500000,219.500000,177.500000,187.500000,217.500000
32.500000,-3.376450,-1.450903,1.051255,0.008296,0.020216,0.044902,0.998752,0.001778,0.010411,0.025915,-0.452404,0.564791,-0.528775,0.443552,591.500000,276.500000,222.500000,178.500000,188.500000,217.500000
32.600000,-3.393639,-1.450765,1.053620,0.010291,0.020588,0.045006,0.998722,0.001778,0.010411,0.025915,-0.452404,0.564791,-0.528775,0.443552,591.500000,277.000000,227.500000,180.000000,190.500000,218.000000
32.700000,-3.409227,-1.450680,1.054917,0.010718,0.019109,0.044517,0.998768,0.001778,0.010411,0.025915,-0.452404,0.564791,-0.528775,0.443552,591.500000,277.500000,232.500000,181.500000,192.000000,217.500000
32.800000,-3.424843,-1.450809,1.055859,0.009512,0.018845,0.043110,0.998847,0.001778,0.010411,0.025915,-0.452404,0.564791,-0.528775,0.443552,591.500000,277.000000,234.000000,182.000000,193.000000,217.500000
32.900000,-3.440271,-1.451702,1.055626,0.013062,0.020198,0.043430,0.998767,0.001778,0.010411,0.025915,-0.452404,0.564791,-0.528775,0.443552,592.000000,276.000000,238.500000,182.500000,194.000000,215.500000
33.000000,-3.455774,-1.453001,1.054841,0.011457,0.018439,0.043304,0.998826,0.001778,0.010411,0.025915,-0.452404,0.564791,-0.528775,0.443552,592.000000,276.000000,240.500000,183.000000,195.000000,215.000000
33.100000,-3.471012,-1.455015,1.053486,0.009213,0.023351,0.043240,0.998749,0.001778,0.010411,0.025915,-0.452404,0.564791,-0.528775,0.443552,591.500000,275.500000,244.500000,183.500000,196.000000,214.500000
33.200000,-3.483672,-1.456957,1.052331,0.008282,0.032798,0.042796,0.998511,0.001778,0.010411,0.025915,-0.452404,0.564791,-0.528775,0.443552,591.500000,275.000000,247.500000,184.500000,196.500000,213.500000
33.300000,-3.495899,-1.459534,1.050616,0.009121,0.035528,0.042107,0.998440,0.001778,0.010411,0.025915,-0.452404,0.564791,-0.528775,0.443552,591.000000,275.000000,249.500000,184.500000,197.000000,213.000000
33.400000,-3.505859,-1.462485,1.048321,0.007769,0.035016,0.042354,0.998459,0.001778,0.010411,0.025915,-0.452404,0.564791,-0.528775,0.443552,590.000000,276.000000,253.000000,187.000000,197.000000,214.500000
33.500000,-3.512543,-1.464993,1.046686,0.006863,0.035811,0.041303,0.998481,0.001778,0.010411,0.025915,-0.452404,0.564791,-0.528775,0.443552,590.000000,275.000000,255.000000,187.000000,197.000000,214.000000
33.600000,-3.516004,-1.467249,1.045315,0.006119,0.036968,0.040928,0.998459,0.001778,0.010411,0.025915,-0.452404,0.564791,-0.528775,0.443552,590.000000,273.000000,258.500000,185.500000,197.000000,211.500000
33.700000,-3.517416,-1.469606,1.043498,0.003669,0.034204,0.040468,0.998589,0.001778,0.010411,0.025915,-0.452404,0.564791,-0.528775,0.443552,589.500000,272.000000,261.500000,184.500000,197.500000,210.500000
33.800000,-3.516349,-1.471321,1.042507,0.002657,0.034498,0.040447,0.998582,0.001778,0.010411,0.025915,-0.452404,0.564791,-0.528775,0.443552,589.000000,272.000000,262.500000,184.500000,197.500000,210.500000
33.900000,-3.512560,-1.472675,1.041545,0.004973,0.036603,0.041682,0.998448,0.001778,0.010411,0.025915,-0.452404,0.564791,-0.528775,0.443552,589.000000,272.000000,265.500000,184.000000,196.500000,210.000000
34.000000,-3.507189,-1.473554,1.041207,0.005192,0.034034,0.041464,0.998547,0.001778,0.010411,0.025915,-0.452404,0.564791,-0.528775,0.443552,589.000000,272.000000,269.500000,184.500000,196.500000,210.000000
34.100000,-3.500023,-1.473864,1.040892,0.002091,0.030929,0.040164,0.998712,0.001778,0.010411,0.025915,-0.452404,0.564791,-0.528775,0.443552,589.500000,272.000000,271.000000,183.500000,195.000000,210.500000
34.200000,-3.490952,-1.474071,1.040075,0.003729,0.031143,0.040650,0.998681,0.001778,0.010411,0.025915,-0.452404,0.564791,-0.528775,0.443552,588.500000,272.000000,274.500000,183.500000,194.500000,210.000000
34.300000,-3.481012,-1.474061,1.039588,0.005046,0.031360,0.041447,0.998636,0.001778,0.010411,0.025915,-0.452404,0.564791,-0.528775,0.443552,589.000000,272.000000,276.500000,182.500000,194.000000,210.000000
34.400000,-3.470500,-1.474141,1.039002,0.004290,0.029088,0.040608,0.998742,0.001778,0.010411,0.025915,-0.452404,0.564791,-0.528775,0.443552,589.000000,272.000000,279.000000,182.500000,194.000000,210.000000
34.500000,-3.460382,-1.474253,1.038602,0.006185,0.026682,0.041088,0.998780,0.001778,0.010411,0.025915,-0.452404,0.564791,-0.528775,0.443552,589.000000,272.000000,282.000000,182.500000,193.500000,209.500000
34.600000,-3.447615,-1.474819,1.038664,0.006085,0.025549,0.040527,0.998833,0.001778,0.010411,0.025915,-0.452404,0.564791,-0.528775,0.443552,589.500000,271.000000,285.500000,181.500000,192.500000,209.500000
34.700000,-3.435760,-1.475651,1.038627,0.004643,0.028795,0.040499,0.998754,0.001778,0.010411,0.025915,-0.452404,0.564791,-0.528775,0.443552,589.500000,270.000000,288.000000,179.500000,192.500000,207.500000
34.800000,-3.423139,-1.476884,1.038612,0.003773,0.028038,0.041606,0.998733,0.001778,0.010411,0.025915,-0.452404,0.564791,-0.528775,0.443552,589.500000,270.000000,289.500000,179.000000,191.500000,207.500000
34.900000,-3.410302,-1.478141,1.038649,-0.000117,0.028426,0.041539,0.998732,0.001778,0.010411,0.025915,-0.452404,0.564791,-0.528775,0.443552,589.500000,270.500000,292.000000,178.000000,190.500000,207.000000
35.000000,-3.396856,-1.479064,1.038471,0.000524,0.028186,0.042237,0.998710,0.001778,0.010411,0.025915,-0.452404,0.564791,-0.528775,0.443552,589.000000,270.500000,292.500000,177.000000,190.500000,206.500000
35.100000,-3.383008,-1.479629,1.038538,0.000298,0.028915,0.043051,0.998654,0.001778,0.010411,0.025915,-0.452404,0.564791,-0.528775,0.443552,589.000000,270.000000,295.500000,176.000000,188.500000,206.500000
35.200000,-3.370646,-1.479596,1.039443,-0.001093,0.028541,0.042868,0.998672,0.001778,0.010411,0.025915,-0.452404,0.564791,-0.528775,0.443552,589.000000,270.000000,297.500000,176.000000,188.000000,205.500000
35.300000,-3.355110,-1.478594,1.040984,0.000951,0.028761,0.043592,0.998635,0.001778,0.010411,0.025915,-0.452404,0.564791,-0.528775,0.443552,588.500000,271.500000,301.000000,177.000000,186.500000,206.500000
35.400000,-3.341141,-1.477122,1.042717,0.004329,0.026433,0.043360,0.998700,0.001778,0.010411,0.025915,-0.452404,0.564791,-0.528775,0.443552,589.500000,270.500000,305.000000,178.000000,186.000000,205.000000
35.500000,-3.328845,-1.475718,1.044700,0.004021,0.026616,0.043835,0.998676,0.001778,0.010411,0.025915,-0.452404,0.564791,-0.528775,0.443552,589.500000,271.500000,307.000000,178.500000,186.000000,205.500000
35.600000,-3.315673,-1.473653,1.046546,0.003528,0.027963,0.044114,0.998629,0.001778,0.010411,0.025915,-0.452404,0.564791,-0.528775,0.443552,589.500000,271.500000,311.000000,180.000000,185.000000,205.500000
35.700000,-3.301434,-1.471203,1.047941,0.004171,0.029073,0.043952,0.998602,0.001778,0.010411,0.025915,-0.452404,0.564791,-0.528775,0.443552,590.000000,272.500000,313.500000,181.500000,184.500000,206.000000
35.800000,-3.288640,-1.469147,1.048665,0.004053,0.029210,0.042984,0.998640,0.001778,0.010411,0.025915,-0.452404,0.564791,-0.528775,0.443552,590.500000,272.500000,319.000000,183.000000,183.500000,206.500000
35.900000,-3.277185,-1.467507,1.049221,0.005387,0.029669,0.045109,0.998527,0.001778,0.010411,0.025915,-0.452404,0.564791,-0.528775,0.443552,591.000000,273.000000,322.500000,184.000000,182.500000,206.500000
36.000000,-3.264554,-1.465530,1.049358,0.003486,0.029459,0.045268,0.998534,0.001778,0.010411,0.025915,-0.452404,0.564791,-0.528775,0.443552,591.500000,273.500000,324.500000,184.500000,182.000000,206.500000
36.100000,-3.252160,-1.463245,1.049468,0.005438,0.030488,0.046187,0.998453,0.001778,0.010411,0.025915,-0.452404,0.564791,-0.528775,0.443552,591.500000,273.500000,330.500000,184.000000,181.000000,206.000000
36.200000,-3.239514,-1.460520,1.049724,0.003394,0.031409,0.045494,0.998465,0.001778,0.010411,0.025915,-0.452404,0.564791,-0.528775,0.443552,592.500000,273.500000,332.500000,183.000000,180.500000,206.000000
36.300000,-3.225064,-1.457548,1.050327,0.005540,0.031973,0.046962,0.998370,0.001778,0.010411,0.025915,-0.452404,0.564791,-0.528775,0.443552,592.500000,273.000000,338.500000,182.000000,179.000000,205.500000
36.400000,-3.211757,-1.454126,1.050726,0.005525,0.030855,0.045957,0.998451,0.001778,0.010411,0.025915,-0.452404,0.564791,-0.528775,0.443552,593.000000,273.000000,344.000000,181.000000,178.500000,205.500000
36.500000,-3.197999,-1.450792,1.051307,0.007071,0.033295,0.045924,0.998365,0.001778,0.010411,0.025915,-0.452404,0.564791,-0.528775,0.443552,593.000000,273.000000,344.500000,180.000000,178.000000,205.000000
36.600000,-3.183825,-1.446759,1.051732,0.007338,0.032338,0.045578,0.998410,0.001778,0.010411,0.025915,-0.452404,0.564791,-0.528775,0.443552,594.000000,273.000000,351.500000,180.000000,177.000000,206.000000
36.700000,-3.170490,-1.443228,1.051706,0.008366,0.026975,0.045245,0.998577,0.001778,0.010411,0.025915,-0.452404,0.564791,-0.528775,0.443552,594.500000,273.000000,353.000000,179.500000,176.500000,206.000000
36.800000,-3.155305,-1.439039,1.050683,0.008517,0.016762,0.043820,0.998863,0.001778,0.010411,0.025915,-0.452404,0.564791,-0.528775,0.443552,595.500000,273.500000,358.000000,179.500000,175.500000,207.000000
36.900000,-3.143612,-1.435512,1.049169,0.011332,0.011995,0.043656,0.998910,0.001778,0.010411,0.025915,-0.452404,0.564791,-0.528775,0.443552,596.000000,273.000000,362.500000,178.000000,174.500000,206.500000
37.000000,-3.134459,-1.432721,1.047197,0.010297,0.012544,0.043570,0.998919,0.001778,0.010411,0.025915,-0.452404,0.564791,-0.528775,0.443552,596.500000,272.500000,367.500000,178.000000,174.000000,206.500000
37.100000,-3.128789,-1.430614,1.045037,0.011415,0.011098,0.044537,0.998881,0.001778,0.010411,0.025915,-0.452404,0.564791,-0.528775,0.443552,596.500000,272.500000,373.500000,178.000000,173.000000,206.500000
37.200000,-3.125344,-1.429224,1.042500,0.012381,0.010482,0.043963,0.998901,0.001778,0.010411,0.025915,-0.452404,0.564791,-0.528775,0.443552,597.500000,272.500000,375.000000,177.500000,172.500000,206.500000
37.300000,-3.124818,-1.428721,1.039514,0.011671,0.010447,0.043712,0.998921,0.001778,0.010411,0.025915,-0.452404,0.564791,-0.528775,0.443552,598.000000,272.500000,381.500000,178.500000,172.000000,205.500000
37.400000,-3.126873,-1.429089,1.036748,0.008901,0.013300,0.043318,0.998933,0.001778,0.010411,0.025915,-0.452404,0.564791,-0.528775,0.443552,598.500000,272.500000,387.500000,179.500000,171.000000,206.500000
37.500000,-3.131020,-1.429970,1.034138,0.007775,0.014289,0.043623,0.998916,0.001778,0.010411,0.025915,-0.452404,0.564791,-0.528775,0.443552,598.000000,272.500000,390.000000,180.000000,171.000000,206.500000
37.600000,-3.136544,-1.430625,1.031962,0.006454,0.012804,0.043060,0.998970,0.001778,0.010411,0.025915,-0.452404,0.564791,-0.528775,0.443552,598.500000,272.000000,396.500000,181.500000,170.000000,206.500000
37.700000,-3.144989,-1.430882,1.029963,0.006550,0.015841,0.042843,0.998935,0.001778,0.010411,0.025915,-0.452404,0.564791,-0.528775,0.443552,598.000000,272.500000,397.500000,181.500000,170.000000,206.500000
37.800000,-3.153918,-1.430688,1.028073,0.005382,0.019475,0.042787,0.998880,0.001778,0.010411,0.025915,-0.452404,0.564791,-0.528775,0.443552,597.500000,272.500000,404.000000,185.000000,170.000000,207.500000
37.900000,-3.161453,-1.430261,1.026298,0.006057,0.017906,0.042654,0.998911,0.001778,0.010411,0.025915,-0.452404,0.564791,-0.528775,0.443552,597.500000,274.000000,408.500000,188.000000,170.000000,209.000000
38.000000,-3.172920,-1.429742,1.023314,0.010922,0.014317,0.043206,0.998904,0.001778,0.010411,0.025915,-0.452404,0.564791,-0.528775,0.443552,597.500000,273.500000,412.000000,189.500000,170.000000,209.000000
38.100000,-3.185698,-1.429409,1.020779,0.009312,0.015717,0.043038,0.998906,0.001778,0.010411,0.025915,-0.452404,0.564791,-0.528775,0.443552,598.000000,272.500000,418.500000,191.000000,171.000000,208.500000
38.200000,-3.198153,-1.429325,1.018844,0.009366,0.016844,0.042702,0.998902,0.001778,0.010411,0.025915,-0.452404,0.564791,-0.528775,0.443552,598.000000,272.500000,421.500000,192.000000,170.500000,208.500000
38.300000,-3.210839,-1.429572,1.017368,0.011997,0.014600,0.043661,0.998868,0.001778,0.010411,0.025915,-0.452404,0.564791,-0.528775,0.443552,598.500000,272.500000,426.000000,194.500000,170.500000,208.000000
38.400000,-3.223344,-1.430307,1.017383,0.008961,0.014682,0.043464,0.998907,0.001778,0.010411,0.025915,-0.452404,0.564791,-0.528775,0.443552,598.500000,272.500000,430.500000,195.500000,171.000000,208.500000
38.500000,-3.236086,-1.431251,1.017730,0.005562,0.019229,0.043722,0.998843,0.001778,0.010411,0.025915,-0.452404,0.564791,-0.528775,0.443552,598.500000,272.000000,432.000000,196.500000,171.500000,208.000000
38.600000,-3.253436,-1.432674,1.018939,0.005244,0.020361,0.044142,0.998804,0.001778,0.010411,0.025915,-0.452404,0.564791,-0.528775,0.443552,597.500000,272.000000,437.000000,197.500000,172.000000,208.000000
38.700000,-3.267606,-1.433518,1.020385,0.006758,0.020716,0.044292,0.998781,0.001778,0.010411,0.025915,-0.452404,0.564791,-0.528775,0.443552,597.500000,272.000000,438.000000,197.500000,172.000000,208.000000
38.800000,-3.281356,-1.434219,1.022261,0.007445,0.020545,0.044077,0.998789,0.001778,0.010411,0.025915,-0.452404,0.564791,-0.528775,0.443552,597.500000,271.500000,442.000000,198.000000,173.000000,207.500000
38.900000,-3.294689,-1.435074,1.024358,0.007709,0.019568,0.044087,0.998806,0.001778,0.010411,0.025915,-0.452404,0.564791,-0.528775,0.443552,597.500000,272.000000,444.500000,198.500000,173.500000,209.000000
39.000000,-3.307527,-1.436451,1.026641,0.006910,0.019358,0.043619,0.998837,0.001778,0.010411,0.025915,-0.452404,0.564791,-0.528775,0.443552,597.500000,272.000000,447.000000,198.500000,174.000000,209.000000
39.100000,-3.318820,-1.437703,1.028343,0.006271,0.015982,0.042597,0.998945,0.001778,0.010411,0.025915,-0.452404,0.564791,-0.528775,0.443552,597.000000,272.000000,450.000000,198.000000,175.500000,210.500000
39.200000,-3.333285,-1.439695,1.030254,0.004682,0.017105,0.042259,0.998949,0.001778,0.010411,0.025915,-0.452404,0.564791,-0.528775,0.443552,596.500000,272.000000,452.000000,198.000000,175.000000,212.500000
39.300000,-3.346694,-1.441905,1.031004,0.007546,0.018473,0.043228,0.998866,0.001778,0.010411,0.025915,-0.452404,0.564791,-0.528775,0.443552,596.500000,270.500000,455.500000,194.000000,176.500000,214.500000
39.400000,-3.360740,-1.444504,1.031160,0.005435,0.018519,0.042343,0.998917,0.001778,0.010411,0.025915,-0.452404,0.564791,-0.528775,0.443552,596.500000,271.000000,458.500000,193.000000,177.500000,218.500000
39.500000,-3.373013,-1.446911,1.030801,0.005806,0.018776,0.042393,0.998908,0.001778,0.010411,0.025915,-0.452404,0.564791,-0.528775,0.443552,596.500000,270.500000,460.000000,191.500000,179.000000,224.000000
39.600000,-3.388591,-1.450012,1.029825,0.004448,0.017346,0.042072,0.998954,0.001778,0.010411,0.025915,-0.452404,0.564791,-0.528775,0.443552,596.000000,270.500000,463.500000,188.500000,177.000000,233.500000
39.700000,-3.402951,-1.452675,1.029098,0.006572,0.018746,0.042843,0.998884,0.001778,0.010411,0.025915,-0.452404,0.564791,-0.528775,0.443552,596.000000,270.500000,464.000000,188.500000,177.500000,235.000000
39.800000,-3.417625,-1.455551,1.028272,0.005931,0.017812,0.042850,0.998905,0.001778,0.010411,0.025915,-0.452404,0.564791,-0.528775,0.443552,595.500000,270.000000,466.500000,186.500000,178.500000,242.500000
39.900000,-3.432587,-1.458650,1.028386,0.005983,0.017727,0.042730,0.998911,0.001778,0.010411,0.025915,-0.452404,0.564791,-0.528775,0.443552,594.500000,270.000000,469.000000,185.500000,180.500000,251.000000
40.000000,-3.447293,-1.461786,1.028084,0.006361,0.017981,0.042643,0.998908,0.001778,0.010411,0.025915,-0.452404,0.564791,-0.528775,0.443552,594.500000,270.000000,469.500000,185.000000,180.500000,252.500000
40.100000,-3.461511,-1.465052,1.028595,0.005034,0.022651,0.043312,0.998792,0.001778,0.010411,0.025915,-0.452404,0.564791,-0.528775,0.443552,594.000000,270.000000,472.000000,185.000000,181.000000,260.500000
40.200000,-3.473461,-1.467859,1.029214,0.004312,0.029046,0.041900,0.998690,0.001778,0.010411,0.025915,-0.452404,0.564791,-0.528775,0.443552,593.000000,271.000000,474.000000,185.500000,182.500000,265.500000
40.300000,-3.485146,-1.471137,1.030094,0.005009,0.032139,0.042732,0.998557,0.001778,0.010411,0.025915,-0.452404,0.564791,-0.528775,0.443552,593.000000,271.000000,475.000000,186.000000,182.000000,264.500000
40.400000,-3.493467,-1.473819,1.031583,0.001845,0.030342,0.041062,0.998694,0.001778,0.010411,0.025915,-0.452404,0.564791,-0.528775,0.443552,592.500000,270.500000,477.500000,186.000000,182.500000,265.000000
40.500000,-3.499511,-1.477250,1.032135,0.005736,0.034162,0.042818,0.998482,0.001778,0.010411,0.025915,-0.452404,0.564791,-0.528775,0.443552,592.500000,270.500000,478.500000,186.500000,183.500000,265.000000
40.600000,-3.502685,-1.480608,1.032351,0.006696,0.033328,0.042454,0.998520,0.001778,0.010411,0.025915,-0.452404,0.564791,-0.528775,0.443552,592.000000,270.000000,480.500000,187.000000,183.500000,265.000000
40.700000,-3.503574,-1.483843,1.033543,-0.000363,0.032746,0.041114,0.998618,0.001778,0.010411,0.025915,-0.452404,0.564791,-0.528775,0.443552,592.000000,270.000000,481.000000,187.500000,183.000000,265.000000
40.800000,-3.501224,-1.487130,1.034461,0.001466,0.034003,0.042189,0.998530,0.001778,0.010411,0.025915,-0.452404,0.564791,-0.528775,0.443552,591.000000,270.000000,482.500000,188.000000,182.500000,265.000000
40.900000,-3.497117,-1.490304,1.036675,0.000268,0.029892,0.041763,0.998680,0.001778,0.010411,0.025915,-0.452404,0.564791,-0.528775,0.443552,591.000000,270.000000,483.000000,188.500000,182.000000,265.000000
41.000000,-3.490368,-1.493502,1.038554,-0.000700,0.028307,0.042721,0.998686,0.001778,0.010411,0.025915,-0.452404,0.564791,-0.528775,0.443552,590.500000,270.000000,483.500000,188.500000,181.500000,264.500000
41.100000,-3.483561,-1.496079,1.040892,0.000815,0.026818,0.043392,0.998698,0.001778,0.010411,0.025915,-0.452404,0.564791,-0.528775,0.443552,590.000000,271.000000,484.000000,189.000000,180.500000,265.500000
41.200000,-3.474568,-1.499806,1.044158,0.000303,0.027504,0.042429,0.998721,0.001778,0.010411,0.025915,-0.452404,0.564791,-0.528775,0.443552,590.000000,272.000000,484.500000,190.000000,180.500000,266.500000
41.300000,-3.464904,-1.503511,1.046129,-0.000763,0.027667,0.043822,0.998656,0.001778,0.010411,0.025915,-0.452404,0.564791,-0.528775,0.443552,589.000000,273.000000,485.000000,190.500000,180.000000,267.000000
41.400000,-3.455011,-1.507190,1.048434,-0.000809,0.025456,0.044619,0.998679,0.001778,0.010411,0.025915,-0.452404,0.564791,-0.528775,0.443552,588.500000,273.000000,485.000000,190.500000,178.500000,268.000000
41.500000,-3.446244,-1.510283,1.050788,-0.004794,0.026718,0.042797,0.998715,0.001778,0.010411,0.025915,-0.452404,0.564791,-0.528775,0.443552,588.000000,273.000000,485.000000,190.500000,178.000000,268.000000
41.600000,-3.433818,-1.513559,1.051796,-0.006609,0.029283,0.043898,0.998585,0.001778,0.010411,0.025915,-0.452404,0.564791,-0.528775,0.443552,588.500000,274.000000,484.500000,191.000000,176.500000,269.000000
41.700000,-3.421619,-1.515753,1.051203,-0.003897,0.025376,0.044905,0.998661,0.001778,0.010411,0.025915,-0.452404,0.564791,-0.528775,0.443552,587.500000,274.000000,484.500000,190.500000,176.000000,269.000000
41.800000,-3.409201,-1.516622,1.050276,-0.002897,0.024947,0.043585,0.998734,0.001778,0.010411,0.025915,-0.452404,0.564791,-0.528775,0.443552,587.500000,275.000000,485.000000,190.000000,175.000000,269.500000
41.900000,-3.397906,-1.516489,1.048349,-0.001549,0.022445,0.043094,0.998818,0.001778,0.010411,0.025915,-0.452404,0.564791,-0.528775,0.443552,587.500000,274.000000,485.000000,187.500000,174.000000,268.500000
42.000000,-3.383918,-1.515631,1.044399,0.001651,0.021748,0.042307,0.998867,0.001778,0.010411,0.025915,-0.452404,0.564791,-0.528775,0.443552,587.500000,274.000000,485.500000,186.500000,174.000000,268.500000
42.100000,-3.371566,-1.514749,1.039849,0.002650,0.023481,0.043077,0.998792,0.001778,0.010411,0.025915,-0.452404,0.564791,-0.528775,0.443552,588.000000,274.000000,486.500000,184.000000,173.500000,268.500000
42.200000,-3.359542,-1.513923,1.034581,0.002104,0.023573,0.043311,0.998781,0.001778,0.010411,0.025915,-0.452404,0.564791,-0.528775,0.443552,588.000000,274.000000,487.000000,182.500000,173.000000,268.000000
42.300000,-3.347713,-1.513009,1.029478,0.000085,0.025403,0.042374,0.998779,0.001778,0.010411,0.025915,-0.452404,0.564791,-0.528775,0.443552,588.000000,273.000000,488.000000,179.000000,172.000000,267.500000
42.400000,-3.335346,-1.511754,1.024508,-0.000327,0.028815,0.043409,0.998642,0.001778,0.010411,0.025915,-0.452404,0.564791,-0.528775,0.443552,588.000000,273.000000,489.000000,177.000000,171.500000,267.000000
42.500000,-3.322510,-1.509709,1.020260,0.001510,0.026313,0.042465,0.998750,0.001778,0.010411,0.025915,-0.452404,0.564791,-0.528775,0.443552,588.500000,272.000000,490.000000,174.000000,171.500000,266.000000
42.600000,-3.309325,-1.507145,1.016519,0.004832,0.026280,0.042017,0.998760,0.001778,0.010411,0.025915,-0.452404,0.564791,-0.528775,0.443552,589.500000,271.000000,491.500000,171.000000,170.500000,265.000000
42.700000,-3.297030,-1.505055,1.013621,0.005316,0.026100,0.041961,0.998764,0.001778,0.010411,0.025915,-0.452404,0.564791,-0.528775,0.443552,589.500000,270.500000,493.000000,169.000000,170.500000,265.000000
42.800000,-3.283270,-1.502772,1.010013,0.007591,0.025227,0.042904,0.998732,0.001778,0.010411,0.025915,-0.452404,0.564791,-0.528775,0.443552,590.500000,270.500000,494.000000,168.500000,170.000000,265.000000
42.900000,-3.269686,-1.500736,1.006005,0.004811,0.021706,0.044285,0.998771,0.001778,0.010411,0.025915,-0.452404,0.564791,-0.528775,0.443552,590.500000,270.500000,495.000000,168.000000,169.500000,265.000000
43.000000,-3.256206,-1.498871,1.002694,0.003697,0.023023,0.046869,0.998629,0.001778,0.010411,0.025915,-0.452404,0.564791,-0.528775,0.443552,590.500000,269.500000,497.000000,167.000000,168.500000,264.000000
43.100000,-3.244687,-1.496616,1.001784,0.005077,0.027642,0.047170,0.998491,0.001778,0.010411,0.025915,-0.452404,0.564791,-0.528775,0.443552,591.000000,270.000000,498.500000,167.000000,168.500000,264.500000
43.200000,-3.233654,-1.494086,1.002981,0.005366,0.027139,0.047319,0.998497,0.001778,0.010411,0.025915,-0.452404,0.564791,-0.528775,0.443552,591.000000,270.500000,499.500000,168.000000,168.500000,265.000000
43.300000,-3.223212,-1.491233,1.005861,0.008277,0.027895,0.047349,0.998455,0.001778,0.010411,0.025915,-0.452404,0.564791,-0.528775,0.443552,591.500000,271.000000,503.500000,169.000000,168.000000,265.000000
43.400000,-3.212959,-1.488348,1.009614,0.007157,0.029366,0.047082,0.998434,0.001778,0.010411,0.025915,-0.452404,0.564791,-0.528775,0.443552,592.000000,271.500000,506.000000,170.500000,168.000000,265.000000
43.500000,-3.203400,-1.485355,1.014385,0.005815,0.028526,0.047362,0.998453,0.001778,0.010411,0.025915,-0.452404,0.564791,-0.528775,0.443552,592.500000,271.500000,507.500000,171.000000,168.000000,265.000000
43.600000,-3.193892,-1.482182,1.018664,0.008538,0.031362,0.046347,0.998396,0.001778,0.010411,0.025915,-0.452404,0.564791,-0.528775,0.443552,592.500000,272.500000,510.500000,173.000000,168.000000,266.000000
43.700000,-3.184721,-1.479255,1.022924,0.004891,0.028919,0.045974,0.998512,0.001778,0.010411,0.025915,-0.452404,0.564791,-0.528775,0.443552,593.500000,272.500000,511.000000,173.000000,168.000000,266.000000
43.800000,-3.176432,-1.476070,1.026436,0.004373,0.025415,0.046485,0.998586,0.001778,0.010411,0.025915,-0.452404,0.564791,-0.528775,0.443552,594.000000,273.500000,514.000000,175.000000,168.000000,267.000000
43.900000,-3.169426,-1.472676,1.029079,0.005897,0.020144,0.046527,0.998697,0.001778,0.010411,0.025915,-0.452404,0.564791,-0.528775,0.443552,594.500000,273.000000,517.000000,175.000000,167.500000,267.000000
44.000000,-3.164210,-1.469129,1.031352,0.007920,0.014504,0.047284,0.998745,0.001778,0.010411,0.025915,-0.452404,0.564791,-0.528775,0.443552,595.500000,273.000000,518.500000,175.000000,167.500000,267.000000
44.100000,-3.162216,-1.465881,1.033013,0.010668,0.016089,0.047461,0.998687,0.001778,0.010411,0.025915,-0.452404,0.564791,-0.528775,0.443552,595.500000,273.000000,521.500000,174.000000,167.500000,267.000000
44.200000,-3.162239,-1.463651,1.033632,0.009817,0.016347,0.047138,0.998706,0.001778,0.010411,0.025915,-0.452404,0.564791,-0.528775,0.443552,596.000000,273.500000,523.500000,173.500000,168.000000,267.000000
44.300000,-3.163866,-1.462085,1.033396,0.008950,0.017672,0.047507,0.998674,0.001778,0.010411,0.025915,-0.452404,0.564791,-0.528775,0.443552,596.500000,272.500000,525.500000,171.000000,168.500000,266.000000
44.400000,-3.167788,-1.460980,1.032516,0.007064,0.016161,0.048639,0.998661,0.001778,0.010411,0.025915,-0.452404,0.564791,-0.528775,0.443552,596.500000,273.500000,528.500000,169.000000,169.000000,267.000000
44.500000,-3.172834,-1.460223,1.031686,0.008738,0.015453,0.048282,0.998676,0.001778,0.010411,0.025915,-0.452404,0.564791,-0.528775,0.443552,597.000000,272.500000,529.500000,167.500000,169.000000,266.000000
44.600000,-3.181112,-1.459423,1.031109,0.008018,0.015981,0.048590,0.998659,0.001778,0.010411,0.025915,-0.452404,0.564791,-0.528775,0.443552,597.000000,272.500000,531.500000,165.500000,169.500000,266.000000
44.700000,-3.190299,-1.458750,1.031007,0.007722,0.019911,0.047836,0.998627,0.001778,0.010411,0.025915,-0.452404,0.564791,-0.528775,0.443552,597.000000,273.000000,532.500000,165.500000,170.000000,266.000000
44.800000,-3.200752,-1.458356,1.031553,0.008274,0.020816,0.047547,0.998618,0.001778,0.010411,0.025915,-0.452404,0.564791,-0.528775,0.443552,597.000000,273.000000,535.000000,167.500000,170.500000,266.500000
44.900000,-3.211793,-1.458086,1.032170,0.008200,0.018906,0.047978,0.998636,0.001778,0.010411,0.025915,-0.452404,0.564791,-0.528775,0.443552,597.000000,273.000000,536.500000,169.000000,171.500000,266.500000
45.000000,-3.223553,-1.458004,1.033199,0.008074,0.020197,0.048316,0.998595,0.001778,0.010411,0.025915,-0.452404,0.564791,-0.528775,0.443552,597.000000,273.000000,537.500000,170.500000,171.500000,267.000000
45.100000,-3.235762,-1.457952,1.034193,0.006480,0.020188,0.048731,0.998587,0.001778,0.010411,0.025915,-0.452404,0.564791,-0.528775,0.443552,597.000000,273.500000,539.000000,172.500000,172.000000,267.500000
45.200000,-3.248272,-1.457822,1.035080,0.006839,0.019578,0.048023,0.998631,0.001778,0.010411,0.025915,-0.452404,0.564791,-0.528775,0.443552,597.000000,273.000000,540.000000,173.500000,172.500000,266.500000
45.300000,-3.259769,-1.457634,1.036077,0.007089,0.019692,0.048159,0.998620,0.001778,0.010411,0.025915,-0.452404,0.564791,-0.528775,0.443552,597.000000,273.500000,543.500000,177.500000,174.000000,267.000000
45.400000,-3.273849,-1.457372,1.036935,0.007024,0.017939,0.047573,0.998682,0.001778,0.010411,0.025915,-0.452404,0.564791,-0.528775,0.443552,597.000000,273.500000,545.000000,180.500000,174.500000,267.500000
45.500000,-3.285965,-1.457316,1.038003,0.007927,0.018054,0.046397,0.998728,0.001778,0.010411,0.025915,-0.452404,0.564791,-0.528775,0.443552,596.500000,273.500000,546.000000,182.000000,175.500000,267.500000
45.600000,-3.301010,-1.457347,1.038478,0.005041,0.017732,0.044771,0.998827,0.001778,0.010411,0.025915,-0.452404,0.564791,-0.528775,0.443552,597.000000,274.500000,548.500000,185.000000,176.500000,268.500000
45.700000,-3.315717,-1.457908,1.038769,0.007271,0.017254,0.046695,0.998734,0.001778,0.010411,0.025915,-0.452404,0.564791,-0.528775,0.443552,597.000000,275.000000,549.000000,187.000000,177.000000,269.000000
45.800000,-3.331095,-1.458557,1.039600,0.006478,0.016773,0.045543,0.998801,0.001778,0.010411,0.025915,-0.452404,0.564791,-0.528775,0.443552,597.000000,274.500000,551.500000,188.500000,178.000000,268.500000
45.900000,-3.347095,-1.459026,1.040446,0.006771,0.016487,0.044821,0.998836,0.001778,0.010411,0.025915,-0.452404,0.564791,-0.528775,0.443552,597.000000,274.500000,553.500000,190.000000,178.500000,268.500000
46.000000,-3.363582,-1.459522,1.041283,0.008321,0.016978,0.044955,0.998810,0.001778,0.010411,0.025915,-0.452404,0.564791,-0.528775,0.443552,597.000000,275.000000,554.500000,191.500000,179.000000,269.500000
46.100000,-3.380551,-1.459851,1.042679,0.007592,0.019360,0.044552,0.998791,0.001778,0.010411,0.025915,-0.452404,0.564791,-0.528775,0.443552,597.000000,275.000000,556.000000,192.000000,180.000000,269.500000
46.200000,-3.395955,-1.459765,1.044185,0.006119,0.020987,0.044282,0.998780,0.001778,0.010411,0.025915,-0.452404,0.564791,-0.528775,0.443552,596.500000,275.000000,557.000000,192.500000,181.000000,269.500000
46.300000,-3.414290,-1.459371,1.045683,0.008824,0.020431,0.044591,0.998757,0.001778,0.010411,0.025915,-0.452404,0.564791,-0.528775,0.443552,596.000000,275.000000,559.500000,192.500000,182.000000,268.500000
46.400000,-3.430844,-1.458632,1.047460,0.007189,0.020142,0.043811,0.998811,0.001778,0.010411,0.025915,-0.452404,0.564791,-0.528775,0.443552,596.500000,274.000000,561.000000,191.500000,183.000000,268.000000
46.500000,-3.444966,-1.458015,1.048406,0.010409,0.019993,0.045274,0.998720,0.001778,0.010411,0.025915,-0.452404,0.564791,-0.528775,0.443552,596.500000,275.500000,562.000000,193.500000,183.500000,269.000000
46.600000,-3.462419,-1.457540,1.050019,0.010590,0.024528,0.044895,0.998634,0.001778,0.010411,0.025915,-0.452404,0.564791,-0.528775,0.443552,596.500000,275.000000,563.500000,192.500000,185.500000,269.000000
46.700000,-3.477336,-1.457059,1.051301,0.008965,0.030925,0.044130,0.998507,0.001778,0.010411,0.025915,-0.452404,0.564791,-0.528775,0.443552,596.000000,275.500000,564.500000,192.500000,186.000000,269.500000
46.800000,-3.489453,-1.457004,1.051751,0.007439,0.035795,0.044484,0.998341,0.001778,0.010411,0.025915,-0.452404,0.564791,-0.528775,0.443552,596.500000,275.000000,565.500000,192.000000,187.000000,269.000000
46.900000,-3.499329,-1.457058,1.052069,0.007332,0.034486,0.045074,0.998361,0.001778,0.010411,0.025915,-0.452404,0.564791,-0.528775,0.443552,596.500000,275.000000,566.000000,192.000000,187.000000,269.000000
47.000000,-3.505034,-1.456890,1.052225,0.006436,0.034051,0.045486,0.998364,0.001778,0.010411,0.025915,-0.452404,0.564791,-0.528775,0.443552,596.500000,276.000000,567.000000,192.000000,187.500000,269.500000
47.100000,-3.509694,-1.456658,1.052569,0.004747,0.034732,0.045034,0.998370,0.001778,0.010411,0.025915,-0.452404,0.564791,-0.528775,0.443552,596.000000,275.000000,567.500000,191.000000,188.000000,269.000000
47.200000,-3.511342,-1.455960,1.052230,0.005731,0.034714,0.046583,0.998295,0.001778,0.010411,0.025915,-0.452404,0.564791,-0.528775,0.443552,596.500000,275.000000,567.500000,191.000000,188.000000,269.000000
47.300000,-3.510969,-1.454423,1.052496,0.004828,0.032419,0.045512,0.998426,0.001778,0.010411,0.025915,-0.452404,0.564791,-0.528775,0.443552,596.500000,274.000000,569.500000,190.500000,188.000000,268.500000
47.400000,-3.507131,-1.452936,1.051563,0.011430,0.032096,0.047979,0.998267,0.001778,0.010411,0.025915,-0.452404,0.564791,-0.528775,0.443552,597.000000,275.000000,570.000000,191.000000,188.500000,269.000000
47.500000,-3.502155,-1.451315,1.051137,0.007253,0.030064,0.046883,0.998422,0.001778,0.010411,0.025915,-0.452404,0.564791,-0.528775,0.443552,596.500000,275.000000,571.000000,191.500000,189.000000,269.500000
47.600000,-3.495925,-1.449336,1.050228,0.005824,0.029826,0.045354,0.998509,0.001778,0.010411,0.025915,-0.452404,0.564791,-0.528775,0.443552,597.000000,277.000000,572.000000,192.500000,188.500000,270.500000
47.700000,-3.488383,-1.447263,1.048216,0.007912,0.029853,0.046647,0.998434,0.001778,0.010411,0.025915,-0.452404,0.564791,-0.528775,0.443552,597.500000,276.000000,572.000000,192.500000,188.500000,270.000000
47.800000,-3.481260,-1.445064,1.046192,0.008434,0.026912,0.045871,0.998549,0.001778,0.010411,0.025915,-0.452404,0.564791,-0.528775,0.443552,597.500000,277.000000,573.000000,192.500000,188.500000,270.500000
47.900000,-3.472326,-1.442055,1.043846,0.006307,0.027374,0.044664,0.998607,0.001778,0.010411,0.025915,-0.452404,0.564791,-0.528775,0.443552,598.000000,276.000000,573.500000,192.000000,188.000000,269.500000
48.000000,-3.463402,-1.439303,1.041137,0.008853,0.027606,0.044550,0.998586,0.001778,0.010411,0.025915,-0.452404,0.564791,-0.528775,0.443552,599.000000,275.000000,573.000000,190.000000,188.000000,269.000000
48.100000,-3.454257,-1.436283,1.039016,0.008570,0.026993,0.043638,0.998646,0.001778,0.010411,0.025915,-0.452404,0.564791,-0.528775,0.443552,599.000000,275.000000,574.000000,189.000000,188.000000,268.500000
48.200000,-3.444699,-1.433684,1.037016,0.008729,0.025510,0.043403,0.998694,0.001778,0.010411,0.025915,-0.452404,0.564791,-0.528775,0.443552,599.000000,274.500000,573.500000,189.000000,188.000000,268.500000
48.300000,-3.434712,-1.431115,1.035541,0.011294,0.027192,0.044204,0.998589,0.001778,0.010411,0.025915,-0.452404,0.564791,-0.528775,0.443552,600.500000,275.000000,573.500000,188.000000,187.500000,268.500000
48.400000,-3.424463,-1.428936,1.034620,0.009762,0.025360,0.042742,0.998717,0.001778,0.010411,0.025915,-0.452404,0.564791,-0.528775,0.443552,600.500000,275.000000,574.000000,186.500000,187.000000,268.000000
48.500000,-3.413695,-1.426953,1.033705,0.007884,0.025708,0.042672,0.998727,0.001778,0.010411,0.025915,-0.452404,0.564791,-0.528775,0.443552,600.500000,275.000000,574.000000,186.000000,187.000000,268.000000
48.600000,-3.402755,-1.424901,1.033360,0.006834,0.024824,0.042780,0.998753,0.001778,0.010411,0.025915,-0.452404,0.564791,-0.528775,0.443552,601.500000,274.500000,573.500000,184.000000,187.000000,268.000000
48.700000,-3.391402,-1.422935,1.033235,0.007786,0.026421,0.043275,0.998683,0.001778,0.010411,0.025915,-0.452404,0.564791,-0.528775,0.443552,601.500000,273.000000,573.000000,181.500000,186.500000,266.500000
48.800000,-3.379527,-1.421120,1.032897,0.007379,0.025054,0.043777,0.998700,0.001778,0.010411,0.025915,-0.452404,0.564791,-0.528775,0.443552,602.000000,273.000000,573.000000,180.000000,186.500000,266.500000
48.900000,-3.368507,-1.419686,1.032264,0.008101,0.026914,0.044840,0.998599,0.001778,0.010411,0.025915,-0.452404,0.564791,-0.528775,0.443552,602.000000,273.000000,573.000000,179.500000,186.500000,266.500000
49.000000,-3.355613,-1.418247,1.030619,0.007955,0.023951,0.044171,0.998705,0.001778,0.010411,0.025915,-0.452404,0.564791,-0.528775,0.443552,603.000000,271.000000,573.500000,175.500000,185.500000,264.500000
49.100000,-3.341521,-1.416863,1.028398,0.006203,0.022568,0.043833,0.998765,0.001778,0.010411,0.025915,-0.452404,0.564791,-0.528775,0.443552,603.000000,270.000000,573.500000,174.500000,185.500000,263.500000
49.200000,-3.330536,-1.416072,1.026408,0.005541,0.022915,0.043974,0.998755,0.001778,0.010411,0.025915,-0.452404,0.564791,-0.528775,0.443552,603.000000,270.000000,572.500000,173.500000,185.000000,264.000000
