0.100000,-3.062275,1.754928,1.026274,-0.009824,0.006656,-0.125000,0.992086,0.023530,-0.042648,-0.021364,-0.441287,0.533880,-0.556447,0.458917,524.000000,30.000000,558.500000,184.000000,885.500000,301.000000
0.200000,-3.067780,1.757605,1.026303,-0.011736,0.007179,-0.124345,0.992144,0.023530,-0.042648,-0.021364,-0.441287,0.533880,-0.556447,0.458917,525.500000,31.500000,555.500000,184.000000,876.500000,301.000000
0.300000,-3.074231,1.761396,1.026965,-0.011456,0.006851,-0.123871,0.992209,0.023530,-0.042648,-0.021364,-0.441287,0.533880,-0.556447,0.458917,526.500000,33.000000,554.000000,183.500000,870.500000,301.000000
0.400000,-3.081266,1.765626,1.028193,-0.012481,0.006868,-0.125244,0.992024,0.023530,-0.042648,-0.021364,-0.441287,0.533880,-0.556447,0.458917,528.000000,35.000000,552.000000,183.500000,862.500000,300.500000
0.500000,-3.089892,1.770826,1.029642,-0.010958,0.006058,-0.124475,0.992144,0.023530,-0.042648,-0.021364,-0.441287,0.533880,-0.556447,0.458917,530.000000,37.500000,549.500000,183.500000,857.000000,300.000000
0.600000,-3.097255,1.775341,1.030512,-0.012653,0.006803,-0.124361,0.992133,0.023530,-0.042648,-0.021364,-0.441287,0.533880,-0.556447,0.458917,529.500000,39.500000,548.000000,183.500000,852.500000,300.000000
0.700000,-3.106457,1.780668,1.031769,-0.011643,0.007927,-0.124833,0.992078,0.023530,-0.042648,-0.021364,-0.441287,0.533880,-0.556447,0.458917,531.500000,42.500000,545.500000,183.500000,844.500000,301.000000
0.800000,-3.116808,1.787321,1.033542,-0.009151,0.005718,-0.126768,0.991874,0.023530,-0.042648,-0.021364,-0.441287,0.533880,-0.556447,0.458917,532.000000,44.000000,544.500000,183.500000,840.500000,302.500000
0.900000,-3.127199,1.792840,1.035145,-0.010186,0.006369,-0.125702,0.991995,0.023530,-0.042648,-0.021364,-0.441287,0.533880,-0.556447,0.458917,533.500000,46.000000,541.500000,182.500000,832.500000,303.000000
1.000000,-3.136601,1.797970,1.036407,-0.008517,0.006892,-0.125754,0.992001,0.023530,-0.042648,-0.021364,-0.441287,0.533880,-0.556447,0.458917,534.500000,49.000000,539.500000,182.500000,826.500000,303.000000
1.100000,-3.147660,1.803122,1.037427,-0.010168,0.008059,-0.126047,0.991939,0.023530,-0.042648,-0.021364,-0.441287,0.533880,-0.556447,0.458917,535.500000,50.000000,537.500000,181.500000,821.000000,303.000000
1.200000,-3.158628,1.808102,1.037675,-0.012804,0.010528,-0.126558,0.991821,0.023530,-0.042648,-0.021364,-0.441287,0.533880,-0.556447,0.458917,535.500000,52.500000,534.000000,181.500000,813.000000,302.000000
1.300000,-3.170443,1.813495,1.038034,-0.011594,0.010855,-0.127580,0.991701,0.023530,-0.042648,-0.021364,-0.441287,0.533880,-0.556447,0.458917,535.500000,53.500000,532.000000,181.500000,807.000000,301.000000
1.400000,-3.179773,1.818175,1.038303,-0.012720,0.009345,-0.128265,0.991614,0.023530,-0.042648,-0.021364,-0.441287,0.533880,-0.556447,0.458917,535.500000,55.000000,528.500000,180.500000,800.000000,298.000000
1.500000,-3.189858,1.823426,1.039053,-0.014255,0.008566,-0.128671,0.991548,0.023530,-0.042648,-0.021364,-0.441287,0.533880,-0.556447,0.458917,535.500000,56.500000,527.000000,180.500000,794.500000,294.000000
1.600000,-3.200156,1.829107,1.040146,-0.011862,0.009084,-0.129058,0.991524,0.023530,-0.042648,-0.021364,-0.441287,0.533880,-0.556447,0.458917,535.500000,58.000000,526.000000,180.500000,790.000000,293.000000
1.700000,-3.210427,1.835071,1.041601,-0.011394,0.009917,-0.129750,0.991432,0.023530,-0.042648,-0.021364,-0.441287,0.533880,-0.556447,0.458917,535.500000,59.500000,522.500000,179.500000,783.500000,290.000000
1.800000,-3.220990,1.841131,1.043677,-0.012454,0.008217,-0.129670,0.991445,0.023530,-0.042648,-0.021364,-0.441287,0.533880,-0.556447,0.458917,534.500000,61.000000,521.500000,180.500000,781.000000,289.000000
1.900000,-3.232538,1.848217,1.045741,-0.012225,0.009601,-0.129656,0.991437,0.023530,-0.042648,-0.021364,-0.441287,0.533880,-0.556447,0.458917,535.000000,62.500000,518.000000,180.500000,774.500000,286.500000
2.000000,-3.243275,1.854934,1.047425,-0.010807,0.011107,-0.129274,0.991488,0.023530,-0.042648,-0.021364,-0.441287,0.533880,-0.556447,0.458917,534.500000,64.000000,516.000000,181.000000,770.000000,285.500000
2.100000,-3.253098,1.861123,1.048785,-0.010130,0.011619,-0.128386,0.991604,0.023530,-0.042648,-0.021364,-0.441287,0.533880,-0.556447,0.458917,534.000000,64.000000,515.000000,181.500000,767.000000,284.500000
2.200000,-3.263686,1.867941,1.049587,-0.009207,0.011825,-0.129044,0.991526,0.023530,-0.042648,-0.021364,-0.441287,0.533880,-0.556447,0.458917,534.000000,64.000000,512.500000,181.500000,764.500000,282.000000
2.300000,-3.274594,1.874666,1.049987,-0.007158,0.011374,-0.127788,0.991710,0.023530,-0.042648,-0.021364,-0.441287,0.533880,-0.556447,0.458917,534.000000,63.500000,511.000000,182.000000,763.000000,281.000000
2.400000,-3.285984,1.881288,1.049292,-0.010287,0.011612,-0.131087,0.991250,0.023530,-0.042648,-0.021364,-0.441287,0.533880,-0.556447,0.458917,533.500000,62.500000,508.500000,182.000000,760.500000,279.000000
2.500000,-3.293522,1.885409,1.048412,-0.013773,0.010345,-0.130573,0.991289,0.023530,-0.042648,-0.021364,-0.441287,0.533880,-0.556447,0.458917,534.000000,60.500000,507.000000,180.500000,760.500000,276.500000
2.600000,-3.306626,1.892410,1.046827,-0.013089,0.010866,-0.129666,0.991412,0.023530,-0.042648,-0.021364,-0.441287,0.533880,-0.556447,0.458917,533.000000,60.000000,506.000000,181.000000,757.500000,276.000000
2.700000,-3.318547,1.898803,1.044778,-0.011416,0.010992,-0.129809,0.991412,0.023530,-0.042648,-0.021364,-0.441287,0.533880,-0.556447,0.458917,532.500000,60.000000,503.000000,180.500000,757.000000,275.500000
2.800000,-3.328426,1.903819,1.042909,-0.011023,0.007369,-0.128993,0.991557,0.023530,-0.042648,-0.021364,-0.441287,0.533880,-0.556447,0.458917,532.500000,60.000000,501.500000,181.000000,755.500000,274.500000
2.900000,-3.340451,1.909334,1.040352,-0.009993,0.008567,-0.129002,0.991557,0.023530,-0.042648,-0.021364,-0.441287,0.533880,-0.556447,0.458917,531.500000,59.000000,498.000000,180.000000,752.500000,273.000000
3.000000,-3.350255,1.913986,1.038297,-0.008576,0.007478,-0.129533,0.991510,0.023530,-0.042648,-0.021364,-0.441287,0.533880,-0.556447,0.458917,531.500000,60.000000,495.500000,179.000000,751.000000,271.500000
3.100000,-3.362580,1.918959,1.035733,-0.007890,0.007321,-0.128587,0.991640,0.023530,-0.042648,-0.021364,-0.441287,0.533880,-0.556447,0.458917,531.500000,60.000000,494.500000,178.500000,750.000000,271.000000
3.200000,-3.372675,1.922710,1.033963,-0.008238,0.008484,-0.128809,0.991599,0.023530,-0.042648,-0.021364,-0.441287,0.533880,-0.556447,0.458917,530.500000,60.500000,491.000000,178.000000,748.500000,270.000000
3.300000,-3.384904,1.926659,1.032095,-0.008227,0.009142,-0.128776,0.991597,0.023530,-0.042648,-0.021364,-0.441287,0.533880,-0.556447,0.458917,530.000000,61.000000,489.000000,177.500000,748.000000,269.000000
3.400000,-3.394943,1.929213,1.031543,-0.008877,0.007646,-0.129826,0.991468,0.023530,-0.042648,-0.021364,-0.441287,0.533880,-0.556447,0.458917,529.000000,62.500000,486.000000,177.000000,745.500000,268.500000
3.500000,-3.407644,1.931594,1.031112,-0.008870,0.007621,-0.129489,0.991512,0.023530,-0.042648,-0.021364,-0.441287,0.533880,-0.556447,0.458917,527.500000,64.500000,483.000000,177.000000,744.500000,268.500000
3.600000,-3.417917,1.933002,1.030770,-0.009854,0.007189,-0.129003,0.991569,0.023530,-0.042648,-0.021364,-0.441287,0.533880,-0.556447,0.458917,526.500000,65.000000,481.000000,177.500000,742.000000,268.500000
3.700000,-3.430840,1.934382,1.030450,-0.013592,0.007168,-0.130500,0.991329,0.023530,-0.042648,-0.021364,-0.441287,0.533880,-0.556447,0.458917,525.000000,66.500000,477.500000,178.000000,734.000000,269.000000
3.800000,-3.441472,1.935418,1.029957,-0.013560,0.007616,-0.129950,0.991399,0.023530,-0.042648,-0.021364,-0.441287,0.533880,-0.556447,0.458917,524.000000,68.000000,476.500000,178.000000,731.000000,270.000000
3.900000,-3.455012,1.936810,1.029987,-0.011475,0.006367,-0.128527,0.991619,0.023530,-0.042648,-0.021364,-0.441287,0.533880,-0.556447,0.458917,522.500000,69.000000,473.000000,178.000000,725.000000,271.000000
4.000000,-3.466144,1.938091,1.029948,-0.010977,0.007052,-0.128861,0.991577,0.023530,-0.042648,-0.021364,-0.441287,0.533880,-0.556447,0.458917,521.500000,71.000000,470.000000,179.000000,721.500000,272.000000
4.100000,-3.480147,1.939492,1.030297,-0.010571,0.006789,-0.129654,0.991480,0.023530,-0.042648,-0.021364,-0.441287,0.533880,-0.556447,0.458917,521.000000,71.500000,468.000000,178.500000,718.500000,272.500000
4.200000,-3.490892,1.940443,1.030689,-0.010116,0.005778,-0.129327,0.991534,0.023530,-0.042648,-0.021364,-0.441287,0.533880,-0.556447,0.458917,520.000000,73.000000,464.500000,179.000000,714.000000,272.500000
4.300000,-3.506468,1.941510,1.031344,-0.010251,0.007584,-0.128762,0.991593,0.023530,-0.042648,-0.021364,-0.441287,0.533880,-0.556447,0.458917,519.500000,73.000000,461.000000,179.500000,710.000000,272.500000
4.400000,-3.522828,1.942147,1.032042,-0.008216,0.008677,-0.128509,0.991636,0.023530,-0.042648,-0.021364,-0.441287,0.533880,-0.556447,0.458917,519.000000,74.500000,457.500000,179.500000,704.500000,271.000000
4.500000,-3.536653,1.942257,1.032250,-0.011092,0.008798,-0.127840,0.991694,0.023530,-0.042648,-0.021364,-0.441287,0.533880,-0.556447,0.458917,518.000000,76.000000,454.500000,180.000000,699.500000,268.000000
4.600000,-3.553974,1.942397,1.032808,-0.008941,0.011147,-0.127872,0.991688,0.023530,-0.042648,-0.021364,-0.441287,0.533880,-0.556447,0.458917,517.000000,76.000000,453.000000,180.000000,696.000000,266.000000
4.700000,-3.569827,1.942044,1.033808,-0.011601,0.010027,-0.127873,0.991672,0.023530,-0.042648,-0.021364,-0.441287,0.533880,-0.556447,0.458917,516.000000,77.000000,448.500000,180.500000,690.500000,263.500000
4.800000,-3.584066,1.941413,1.034956,-0.011923,0.010244,-0.127804,0.991675,0.023530,-0.042648,-0.021364,-0.441287,0.533880,-0.556447,0.458917,515.500000,77.000000,446.500000,180.000000,686.500000,262.500000
4.900000,-3.601384,1.940855,1.036057,-0.012688,0.011150,-0.128084,0.991619,0.023530,-0.042648,-0.021364,-0.441287,0.533880,-0.556447,0.458917,514.500000,78.500000,443.500000,179.500000,681.500000,261.000000
5.000000,-3.615450,1.940315,1.036879,-0.010934,0.013739,-0.127936,0.991627,0.023530,-0.042648,-0.021364,-0.441287,0.533880,-0.556447,0.458917,514.500000,79.500000,440.000000,179.500000,678.000000,258.500000
5.100000,-3.631524,1.939530,1.037828,-0.010071,0.018284,-0.128074,0.991545,0.023530,-0.042648,-0.021364,-0.441287,0.533880,-0.556447,0.458917,514.000000,79.500000,438.000000,179.500000,674.500000,258.000000
5.200000,-3.643253,1.938534,1.038340,-0.008466,0.020297,-0.127859,0.991548,0.023530,-0.042648,-0.021364,-0.441287,0.533880,-0.556447,0.458917,513.000000,81.500000,433.000000,179.500000,669.000000,256.500000
5.300000,-3.654622,1.936848,1.039226,-0.008563,0.021957,-0.128273,0.991459,0.023530,-0.042648,-0.021364,-0.441287,0.533880,-0.556447,0.458917,513.000000,81.500000,430.000000,179.500000,666.500000,256.000000
5.400000,-3.663898,1.934765,1.039723,-0.007108,0.022742,-0.128508,0.991422,0.023530,-0.042648,-0.021364,-0.441287,0.533880,-0.556447,0.458917,512.500000,81.500000,428.000000,179.000000,662.000000,254.500000
5.500000,-3.669564,1.932710,1.040228,-0.004958,0.026298,-0.129205,0.991257,0.023530,-0.042648,-0.021364,-0.441287,0.533880,-0.556447,0.458917,512.000000,81.500000,426.000000,179.000000,659.500000,254.000000
5.600000,-3.675318,1.928041,1.040731,-0.003535,0.025149,-0.128852,0.991339,0.023530,-0.042648,-0.021364,-0.441287,0.533880,-0.556447,0.458917,512.000000,82.500000,422.500000,179.000000,652.000000,251.500000
5.700000,-3.677195,1.923339,1.040951,-0.005145,0.026270,-0.129084,0.991272,0.023530,-0.042648,-0.021364,-0.441287,0.533880,-0.556447,0.458917,511.500000,82.500000,419.000000,178.000000,649.000000,250.500000
5.800000,-3.677114,1.918208,1.040706,-0.004010,0.025039,-0.129169,0.991298,0.023530,-0.042648,-0.021364,-0.441287,0.533880,-0.556447,0.458917,511.500000,82.500000,417.500000,178.500000,647.500000,250.500000
5.900000,-3.674827,1.910552,1.039782,-0.006997,0.025614,-0.128526,0.991351,0.023530,-0.042648,-0.021364,-0.441287,0.533880,-0.556447,0.458917,510.500000,82.500000,413.000000,178.000000,644.500000,251.500000
6.000000,-3.671322,1.903808,1.038693,-0.005936,0.023550,-0.128753,0.991379,0.023530,-0.042648,-0.021364,-0.441287,0.533880,-0.556447,0.458917,510.500000,82.500000,410.000000,176.500000,641.500000,251.500000
6.100000,-3.665584,1.895285,1.037590,-0.005787,0.024030,-0.128666,0.991380,0.023530,-0.042648,-0.021364,-0.441287,0.533880,-0.556447,0.458917,510.000000,82.500000,408.500000,176.500000,639.500000,251.500000
6.200000,-3.657443,1.884996,1.036093,-0.006196,0.022656,-0.128677,0.991408,0.023530,-0.042648,-0.021364,-0.441287,0.533880,-0.556447,0.458917,509.500000,81.500000,404.500000,175.500000,633.500000,251.500000
6.300000,-3.648720,1.874599,1.034951,-0.006886,0.022827,-0.129095,0.991346,0.023530,-0.042648,-0.021364,-0.441287,0.533880,-0.556447,0.458917,509.500000,81.500000,402.500000,175.000000,631.500000,252.500000
6.400000,-3.639789,1.864785,1.033564,-0.007847,0.022284,-0.128351,0.991447,0.023530,-0.042648,-0.021364,-0.441287,0.533880,-0.556447,0.458917,509.500000,81.500000,398.500000,174.000000,626.500000,252.500000
6.500000,-3.628928,1.853653,1.032385,-0.006017,0.022949,-0.127374,0.991571,0.023530,-0.042648,-0.021364,-0.441287,0.533880,-0.556447,0.458917,509.000000,81.000000,395.500000,173.000000,622.500000,252.500000
6.600000,-3.615151,1.841410,1.030837,-0.009403,0.021609,-0.127407,0.991571,0.023530,-0.042648,-0.021364,-0.441287,0.533880,-0.556447,0.458917,509.000000,80.500000,393.500000,172.500000,621.000000,253.000000
6.700000,-3.598403,1.828733,1.029263,-0.007809,0.021965,-0.125871,0.991773,0.023530,-0.042648,-0.021364,-0.441287,0.533880,-0.556447,0.458917,509.000000,80.500000,389.000000,171.500000,617.000000,252.000000
6.800000,-3.588014,1.821619,1.028080,-0.008277,0.019659,-0.126817,0.991697,0.023530,-0.042648,-0.021364,-0.441287,0.533880,-0.556447,0.458917,510.000000,80.500000,387.500000,171.000000,616.000000,252.000000
6.900000,-3.572147,1.811883,1.026035,-0.005979,0.018973,-0.126738,0.991737,0.023530,-0.042648,-0.021364,-0.441287,0.533880,-0.556447,0.458917,511.000000,79.500000,383.000000,170.500000,614.000000,250.500000
7.000000,-3.555908,1.802239,1.023159,-0.008829,0.017205,-0.127524,0.991647,0.023530,-0.042648,-0.021364,-0.441287,0.533880,-0.556447,0.458917,512.000000,79.500000,380.000000,170.500000,613.000000,250.000000
7.100000,-3.540415,1.792213,1.020733,-0.008294,0.015608,-0.128408,0.991564,0.023530,-0.042648,-0.021364,-0.441287,0.533880,-0.556447,0.458917,512.500000,79.000000,378.000000,169.500000,612.500000,249.500000
7.200000,-3.521564,1.782950,1.017839,-0.004316,0.018826,-0.128504,0.991521,0.023530,-0.042648,-0.021364,-0.441287,0.533880,-0.556447,0.458917,514.000000,78.000000,374.500000,168.500000,610.500000,248.500000
7.300000,-3.503973,1.774874,1.015954,-0.004886,0.019394,-0.127317,0.991660,0.023530,-0.042648,-0.021364,-0.441287,0.533880,-0.556447,0.458917,515.500000,77.000000,373.000000,168.500000,608.500000,249.000000
7.400000,-3.486990,1.768086,1.014864,-0.003422,0.020470,-0.127688,0.991597,0.023530,-0.042648,-0.021364,-0.441287,0.533880,-0.556447,0.458917,517.000000,76.500000,369.000000,168.500000,603.000000,249.500000
7.500000,-3.470533,1.760463,1.015201,-0.004926,0.022784,-0.129266,0.991336,0.023530,-0.042648,-0.021364,-0.441287,0.533880,-0.556447,0.458917,519.000000,75.500000,365.500000,168.000000,600.000000,251.000000
7.600000,-3.449704,1.750474,1.016378,-0.009042,0.020025,-0.126955,0.991665,0.023530,-0.042648,-0.021364,-0.441287,0.533880,-0.556447,0.458917,520.000000,75.000000,364.000000,168.500000,598.500000,251.500000
7.700000,-3.430911,1.742298,1.018445,-0.009410,0.020310,-0.125588,0.991830,0.023530,-0.042648,-0.021364,-0.441287,0.533880,-0.556447,0.458917,522.000000,74.500000,360.000000,169.000000,596.000000,252.000000
7.800000,-3.409842,1.734179,1.020970,-0.008994,0.019551,-0.125645,0.991842,0.023530,-0.042648,-0.021364,-0.441287,0.533880,-0.556447,0.458917,523.500000,74.000000,358.000000,169.000000,594.500000,252.000000
7.900000,-3.392723,1.728509,1.022870,-0.008648,0.018940,-0.125295,0.991901,0.023530,-0.042648,-0.021364,-0.441287,0.533880,-0.556447,0.458917,526.000000,74.500000,354.500000,170.500000,592.000000,254.000000
8.000000,-3.375454,1.723639,1.024979,-0.005901,0.018679,-0.126860,0.991727,0.023530,-0.042648,-0.021364,-0.441287,0.533880,-0.556447,0.458917,529.000000,73.500000,352.000000,171.000000,591.000000,254.500000
8.100000,-3.354913,1.717653,1.027405,-0.005751,0.017880,-0.125333,0.991937,0.023530,-0.042648,-0.021364,-0.441287,0.533880,-0.556447,0.458917,531.000000,73.500000,350.500000,172.000000,590.000000,255.500000
8.200000,-3.335936,1.712997,1.029000,-0.006927,0.019367,-0.126653,0.991734,0.023530,-0.042648,-0.021364,-0.441287,0.533880,-0.556447,0.458917,534.500000,73.500000,347.000000,174.000000,587.500000,257.500000
8.300000,-3.316989,1.708480,1.030394,-0.006303,0.018683,-0.126150,0.991815,0.023530,-0.042648,-0.021364,-0.441287,0.533880,-0.556447,0.458917,536.500000,73.000000,345.000000,174.000000,586.500000,258.500000
8.400000,-3.296070,1.704005,1.031737,-0.006615,0.017717,-0.126972,0.991726,0.023530,-0.042648,-0.021364,-0.441287,0.533880,-0.556447,0.458917,539.500000,72.500000,341.500000,175.500000,584.500000,261.000000
8.500000,-3.278641,1.700424,1.032688,-0.007938,0.017575,-0.128077,0.991577,0.023530,-0.042648,-0.021364,-0.441287,0.533880,-0.556447,0.458917,542.500000,72.000000,339.000000,176.000000,582.500000,262.500000
8.600000,-3.257192,1.696136,1.033931,-0.006341,0.019036,-0.128184,0.991547,0.023530,-0.042648,-0.021364,-0.441287,0.533880,-0.556447,0.458917,543.500000,72.000000,337.000000,177.000000,581.000000,264.000000
8.700000,-3.237303,1.692449,1.035465,-0.008523,0.018194,-0.128646,0.991487,0.023530,-0.042648,-0.021364,-0.441287,0.533880,-0.556447,0.458917,547.500000,73.000000,334.000000,178.000000,579.500000,266.000000
8.800000,-3.219709,1.689360,1.037195,-0.008505,0.016163,-0.127875,0.991622,0.023530,-0.042648,-0.021364,-0.441287,0.533880,-0.556447,0.458917,549.500000,73.000000,332.500000,178.500000,578.000000,267.000000
8.900000,-3.200013,1.686705,1.039707,-0.007379,0.014454,-0.129638,0.991429,0.023530,-0.042648,-0.021364,-0.441287,0.533880,-0.556447,0.458917,552.500000,73.000000,329.500000,180.000000,575.500000,270.000000
9.000000,-3.180799,1.684239,1.042337,-0.004461,0.014325,-0.129480,0.991469,0.023530,-0.042648,-0.021364,-0.441287,0.533880,-0.556447,0.458917,554.000000,73.000000,327.500000,180.500000,574.000000,271.500000
9.100000,-3.162396,1.681565,1.044478,-0.002238,0.018189,-0.129620,0.991394,0.023530,-0.042648,-0.021364,-0.441287,0.533880,-0.556447,0.458917,558.000000,73.500000,325.000000,181.000000,572.000000,273.500000
9.200000,-3.144014,1.678159,1.046341,-0.002285,0.014764,-0.129290,0.991494,0.023530,-0.042648,-0.021364,-0.441287,0.533880,-0.556447,0.458917,560.000000,74.000000,323.500000,182.500000,571.000000,275.500000
9.300000,-3.126790,1.674421,1.047662,-0.005547,0.006005,-0.128920,0.991621,0.023530,-0.042648,-0.021364,-0.441287,0.533880,-0.556447,0.458917,562.000000,74.500000,321.500000,183.000000,570.500000,276.500000
9.400000,-3.111487,1.670859,1.047840,-0.005033,0.001916,-0.128588,0.991683,0.023530,-0.042648,-0.021364,-0.441287,0.533880,-0.556447,0.458917,566.000000,74.500000,318.000000,183.500000,567.000000,278.500000
9.500000,-3.097781,1.667386,1.046433,-0.008108,-0.001477,-0.128422,0.991685,0.023530,-0.042648,-0.021364,-0.441287,0.533880,-0.556447,0.458917,567.000000,73.500000,317.500000,183.500000,565.500000,278.500000
9.600000,-3.088756,1.665018,1.043244,-0.008098,-0.002183,-0.127125,0.991851,0.023530,-0.042648,-0.021364,-0.441287,0.533880,-0.556447,0.458917,569.000000,73.500000,314.000000,184.000000,561.500000,279.000000
9.700000,-3.082784,1.663645,1.037990,-0.005869,0.000925,-0.127128,0.991869,0.023530,-0.042648,-0.021364,-0.441287,0.533880,-0.556447,0.458917,570.500000,73.000000,312.000000,184.000000,558.500000,278.500000
9.800000,-3.079591,1.662814,1.032058,-0.005079,0.003100,-0.128314,0.991716,0.023530,-0.042648,-0.021364,-0.441287,0.533880,-0.556447,0.458917,571.500000,73.000000,310.000000,184.000000,556.500000,278.000000
9.900000,-3.078365,1.662351,1.024953,-0.008559,0.001098,-0.127869,0.991754,0.023530,-0.042648,-0.021364,-0.441287,0.533880,-0.556447,0.458917,572.500000,71.500000,307.000000,183.500000,552.500000,276.500000
10.000000,-3.079265,1.662556,1.018035,-0.008623,0.000600,-0.127966,0.991741,0.023530,-0.042648,-0.021364,-0.441287,0.533880,-0.556447,0.458917,572.500000,71.500000,305.500000,183.000000,550.500000,275.000000
10.100000,-3.082699,1.663873,1.011551,-0.008383,0.004199,-0.127089,0.991847,0.023530,-0.042648,-0.021364,-0.441287,0.533880,-0.556447,0.458917,574.000000,70.000000,304.000000,182.000000,546.500000,273.000000
10.200000,-3.087400,1.665678,1.007243,-0.008825,0.003646,-0.127553,0.991786,0.023530,-0.042648,-0.021364,-0.441287,0.533880,-0.556447,0.458917,575.000000,69.500000,301.500000,181.500000,543.000000,270.500000
10.300000,-3.093312,1.667855,1.005090,-0.008617,0.003853,-0.126896,0.991871,0.023530,-0.042648,-0.021364,-0.441287,0.533880,-0.556447,0.458917,576.500000,69.500000,300.500000,181.500000,541.000000,269.500000
10.400000,-3.099896,1.670379,1.004266,-0.008139,0.005954,-0.126901,0.991864,0.023530,-0.042648,-0.021364,-0.441287,0.533880,-0.556447,0.458917,577.000000,69.500000,298.000000,182.000000,537.000000,268.500000
10.500000,-3.109035,1.673743,1.004813,-0.010808,0.004633,-0.127179,0.991810,0.023530,-0.042648,-0.021364,-0.441287,0.533880,-0.556447,0.458917,577.000000,70.000000,297.500000,182.000000,535.500000,268.000000
10.600000,-3.119149,1.677842,1.006902,-0.010452,0.005525,-0.128109,0.991690,0.023530,-0.042648,-0.021364,-0.441287,0.533880,-0.556447,0.458917,577.500000,70.500000,295.000000,182.500000,533.500000,267.500000
10.700000,-3.129290,1.681854,1.009441,-0.009304,0.007621,-0.127135,0.991813,0.023530,-0.042648,-0.021364,-0.441287,0.533880,-0.556447,0.458917,577.500000,71.000000,294.000000,183.500000,530.500000,267.000000
10.800000,-3.137502,1.685288,1.011993,-0.009239,0.006792,-0.127480,0.991775,0.023530,-0.042648,-0.021364,-0.441287,0.533880,-0.556447,0.458917,577.500000,72.000000,293.000000,184.500000,528.500000,267.500000
10.900000,-3.149626,1.689888,1.015747,-0.012517,0.006789,-0.128268,0.991637,0.023530,-0.042648,-0.021364,-0.441287,0.533880,-0.556447,0.458917,577.000000,73.500000,291.500000,185.000000,525.000000,268.000000
11.000000,-3.162404,1.695222,1.020306,-0.013049,0.005843,-0.127973,0.991675,0.023530,-0.042648,-0.021364,-0.441287,0.533880,-0.556447,0.458917,576.500000,74.500000,290.500000,185.500000,522.500000,268.000000
11.100000,-3.174863,1.700673,1.025011,-0.013870,0.004979,-0.127407,0.991741,0.023530,-0.042648,-0.021364,-0.441287,0.533880,-0.556447,0.458917,576.000000,75.500000,289.000000,186.500000,519.000000,268.000000
11.200000,-3.185266,1.705297,1.029108,-0.013095,0.006671,-0.127666,0.991708,0.023530,-0.042648,-0.021364,-0.441287,0.533880,-0.556447,0.458917,575.500000,78.000000,288.000000,187.000000,515.500000,269.000000
11.300000,-3.200136,1.711866,1.034725,-0.012188,0.008923,-0.127450,0.991730,0.023530,-0.042648,-0.021364,-0.441287,0.533880,-0.556447,0.458917,575.500000,80.500000,287.000000,187.500000,514.000000,270.000000
11.400000,-3.212687,1.717179,1.039203,-0.009852,0.011099,-0.126888,0.991806,0.023530,-0.042648,-0.021364,-0.441287,0.533880,-0.556447,0.458917,574.500000,83.000000,285.000000,188.500000,508.000000,271.000000
11.500000,-3.229686,1.723987,1.044047,-0.011409,0.009403,-0.127096,0.991780,0.023530,-0.042648,-0.021364,-0.441287,0.533880,-0.556447,0.458917,574.500000,84.500000,284.500000,188.000000,507.000000,271.500000
11.600000,-3.242514,1.728735,1.047229,-0.012905,0.008986,-0.126902,0.991791,0.023530,-0.042648,-0.021364,-0.441287,0.533880,-0.556447,0.458917,574.000000,86.500000,282.500000,188.000000,504.500000,272.000000
11.700000,-3.256877,1.734338,1.050220,-0.013246,0.010202,-0.127985,0.991635,0.023530,-0.042648,-0.021364,-0.441287,0.533880,-0.556447,0.458917,573.500000,87.500000,281.500000,188.000000,500.500000,272.500000
11.800000,-3.271400,1.740185,1.052868,-0.013914,0.011201,-0.127768,0.991643,0.023530,-0.042648,-0.021364,-0.441287,0.533880,-0.556447,0.458917,573.000000,89.000000,281.000000,188.000000,499.500000,272.500000
11.900000,-3.285833,1.746118,1.054879,-0.011689,0.011846,-0.127089,0.991752,0.023530,-0.042648,-0.021364,-0.441287,0.533880,-0.556447,0.458917,572.000000,90.000000,279.500000,187.000000,495.500000,271.500000
12.000000,-3.301448,1.752574,1.056284,-0.010336,0.012584,-0.127664,0.991684,0.023530,-0.042648,-0.021364,-0.441287,0.533880,-0.556447,0.458917,572.000000,90.500000,279.500000,186.500000,494.000000,271.500000
12.100000,-3.314158,1.757663,1.056939,-0.010718,0.012428,-0.128518,0.991571,0.023530,-0.042648,-0.021364,-0.441287,0.533880,-0.556447,0.458917,571.500000,91.500000,278.000000,185.500000,491.000000,271.000000
12.200000,-3.327861,1.762810,1.057272,-0.009230,0.012604,-0.127118,0.991765,0.023530,-0.042648,-0.021364,-0.441287,0.533880,-0.556447,0.458917,571.000000,91.500000,277.500000,185.500000,488.500000,270.500000
12.300000,-3.341497,1.767781,1.057545,-0.009472,0.013491,-0.127314,0.991726,0.023530,-0.042648,-0.021364,-0.441287,0.533880,-0.556447,0.458917,570.500000,92.500000,277.000000,185.000000,487.500000,270.000000
12.400000,-3.356477,1.773276,1.058842,-0.011379,0.011481,-0.127323,0.991730,0.023530,-0.042648,-0.021364,-0.441287,0.533880,-0.556447,0.458917,569.500000,93.500000,275.500000,184.500000,484.500000,269.500000
12.500000,-3.368487,1.777849,1.060414,-0.012794,0.011041,-0.128656,0.991545,0.023530,-0.042648,-0.021364,-0.441287,0.533880,-0.556447,0.458917,569.000000,94.000000,275.000000,184.000000,483.500000,269.500000
12.600000,-3.383406,1.783912,1.062966,-0.013003,0.013038,-0.128661,0.991518,0.023530,-0.042648,-0.021364,-0.441287,0.533880,-0.556447,0.458917,568.000000,94.500000,274.000000,184.500000,481.500000,269.500000
12.700000,-3.396722,1.789746,1.065513,-0.012486,0.011864,-0.129683,0.991406,0.023530,-0.042648,-0.021364,-0.441287,0.533880,-0.556447,0.458917,567.500000,95.000000,273.500000,185.000000,480.000000,269.500000
12.800000,-3.409000,1.794964,1.067667,-0.010277,0.012286,-0.129635,0.991432,0.023530,-0.042648,-0.021364,-0.441287,0.533880,-0.556447,0.458917,567.500000,95.000000,273.500000,185.000000,479.500000,269.500000
12.900000,-3.422260,1.800404,1.069748,-0.008547,0.012334,-0.129447,0.991473,0.023530,-0.042648,-0.021364,-0.441287,0.533880,-0.556447,0.458917,566.500000,96.000000,273.000000,185.500000,477.500000,269.500000
13.000000,-3.435580,1.805197,1.070949,-0.006336,0.008988,-0.127823,0.991736,0.023530,-0.042648,-0.021364,-0.441287,0.533880,-0.556447,0.458917,566.500000,96.000000,272.000000,186.000000,476.500000,269.500000
13.100000,-3.450659,1.809826,1.071771,-0.008452,0.011208,-0.127980,0.991677,0.023530,-0.042648,-0.021364,-0.441287,0.533880,-0.556447,0.458917,566.000000,97.000000,271.500000,187.000000,474.500000,269.500000
13.200000,-3.462470,1.813210,1.071696,-0.006526,0.018117,-0.128538,0.991518,0.023530,-0.042648,-0.021364,-0.441287,0.533880,-0.556447,0.458917,565.000000,97.500000,271.000000,187.500000,473.000000,269.000000
13.300000,-3.474493,1.816620,1.070897,-0.007498,0.023816,-0.126817,0.991612,0.023530,-0.042648,-0.021364,-0.441287,0.533880,-0.556447,0.458917,564.500000,98.000000,270.000000,188.000000,471.500000,268.500000
13.400000,-3.484095,1.818987,1.069682,-0.004407,0.026204,-0.125151,0.991782,0.023530,-0.042648,-0.021364,-0.441287,0.533880,-0.556447,0.458917,563.500000,98.500000,269.000000,189.000000,467.500000,267.000000
13.500000,-3.490551,1.820399,1.067108,-0.005677,0.027275,-0.126128,0.991623,0.023530,-0.042648,-0.021364,-0.441287,0.533880,-0.556447,0.458917,563.000000,98.500000,268.000000,188.500000,466.000000,266.000000
13.600000,-3.495179,1.820803,1.064119,-0.004028,0.027924,-0.127091,0.991490,0.023530,-0.042648,-0.021364,-0.441287,0.533880,-0.556447,0.458917,562.500000,98.000000,267.000000,188.000000,464.500000,264.500000
13.700000,-3.496652,1.819975,1.060333,-0.005782,0.027368,-0.125658,0.991679,0.023530,-0.042648,-0.021364,-0.441287,0.533880,-0.556447,0.458917,561.000000,97.500000,266.000000,188.000000,463.000000,262.500000
13.800000,-3.495541,1.818609,1.056540,-0.004169,0.028669,-0.125804,0.991632,0.023530,-0.042648,-0.021364,-0.441287,0.533880,-0.556447,0.458917,561.000000,97.500000,265.500000,188.000000,461.500000,261.500000
13.900000,-3.492177,1.816167,1.052020,-0.004390,0.027099,-0.125693,0.991689,0.023530,-0.042648,-0.021364,-0.441287,0.533880,-0.556447,0.458917,560.000000,96.500000,264.000000,187.000000,459.000000,259.500000
14.000000,-3.486076,1.812416,1.046951,-0.004801,0.025494,-0.127211,0.991536,0.023530,-0.042648,-0.021364,-0.441287,0.533880,-0.556447,0.458917,560.000000,96.500000,263.000000,186.000000,457.500000,258.000000
14.100000,-3.478760,1.808710,1.041837,-0.004303,0.023672,-0.127164,0.991590,0.023530,-0.042648,-0.021364,-0.441287,0.533880,-0.556447,0.458917,559.000000,95.500000,262.000000,184.000000,454.500000,256.000000
14.200000,-3.470157,1.804168,1.036870,-0.003251,0.024028,-0.127374,0.991558,0.023530,-0.042648,-0.021364,-0.441287,0.533880,-0.556447,0.458917,558.500000,94.500000,260.000000,182.500000,453.500000,253.500000
14.300000,-3.460868,1.799780,1.032279,-0.003282,0.022950,-0.126893,0.991645,0.023530,-0.042648,-0.021364,-0.441287,0.533880,-0.556447,0.458917,558.500000,94.500000,259.000000,181.500000,452.500000,252.500000
14.400000,-3.449011,1.793763,1.027387,-0.005248,0.022812,-0.128141,0.991480,0.023530,-0.042648,-0.021364,-0.441287,0.533880,-0.556447,0.458917,558.000000,93.500000,257.000000,179.500000,449.000000,250.000000
14.500000,-3.438809,1.788398,1.023689,-0.008208,0.025154,-0.128211,0.991394,0.023530,-0.042648,-0.021364,-0.441287,0.533880,-0.556447,0.458917,557.000000,93.500000,256.500000,178.500000,449.000000,249.000000
14.600000,-3.425195,1.781810,1.019628,-0.008697,0.023923,-0.127678,0.991489,0.023530,-0.042648,-0.021364,-0.441287,0.533880,-0.556447,0.458917,556.500000,92.500000,255.000000,177.000000,446.000000,248.000000
14.700000,-3.411949,1.775961,1.017063,-0.007754,0.023700,-0.127874,0.991477,0.023530,-0.042648,-0.021364,-0.441287,0.533880,-0.556447,0.458917,556.500000,92.500000,253.000000,175.500000,443.500000,247.500000
14.800000,-3.399673,1.770709,1.015507,-0.005790,0.022761,-0.127149,0.991606,0.023530,-0.042648,-0.021364,-0.441287,0.533880,-0.556447,0.458917,556.000000,91.500000,252.000000,174.500000,442.000000,246.500000
14.900000,-3.385174,1.764696,1.014263,-0.005823,0.022779,-0.127140,0.991606,0.023530,-0.042648,-0.021364,-0.441287,0.533880,-0.556447,0.458917,556.000000,90.500000,250.500000,174.000000,440.500000,246.500000
15.000000,-3.368766,1.758194,1.014071,-0.006918,0.021351,-0.126677,0.991690,0.023530,-0.042648,-0.021364,-0.441287,0.533880,-0.556447,0.458917,556.000000,90.500000,249.500000,174.000000,439.000000,246.500000
15.100000,-3.353035,1.752144,1.014738,-0.006086,0.021380,-0.128210,0.991498,0.023530,-0.042648,-0.021364,-0.441287,0.533880,-0.556447,0.458917,556.000000,90.500000,248.000000,174.000000,436.500000,247.500000
15.200000,-3.337364,1.746248,1.015737,-0.006351,0.021584,-0.126294,0.991738,0.023530,-0.042648,-0.021364,-0.441287,0.533880,-0.556447,0.458917,556.500000,90.500000,246.500000,175.000000,434.500000,247.500000
15.300000,-3.321160,1.740183,1.017347,-0.006376,0.020110,-0.127947,0.991557,0.023530,-0.042648,-0.021364,-0.441287,0.533880,-0.556447,0.458917,556.500000,90.500000,245.500000,175.000000,433.500000,247.500000
15.400000,-3.306576,1.734572,1.019293,-0.006350,0.020668,-0.128384,0.991489,0.023530,-0.042648,-0.021364,-0.441287,0.533880,-0.556447,0.458917,556.500000,90.500000,242.500000,176.500000,430.500000,248.500000
15.500000,-3.290068,1.728213,1.021401,-0.007144,0.020084,-0.127654,0.991590,0.023530,-0.042648,-0.021364,-0.441287,0.533880,-0.556447,0.458917,557.500000,91.500000,240.500000,177.500000,428.500000,249.500000
15.600000,-3.273099,1.721872,1.023796,-0.004678,0.020307,-0.128781,0.991454,0.023530,-0.042648,-0.021364,-0.441287,0.533880,-0.556447,0.458917,557.500000,91.500000,238.500000,177.500000,427.500000,249.500000
15.700000,-3.254756,1.714257,1.025523,-0.005755,0.019920,-0.127518,0.991619,0.023530,-0.042648,-0.021364,-0.441287,0.533880,-0.556447,0.458917,557.500000,91.500000,236.500000,178.500000,426.000000,251.000000
15.800000,-3.237891,1.707212,1.026746,-0.006669,0.018945,-0.127561,0.991627,0.023530,-0.042648,-0.021364,-0.441287,0.533880,-0.556447,0.458917,557.500000,91.500000,235.500000,178.500000,425.000000,251.000000
15.900000,-3.220857,1.700184,1.027561,-0.005853,0.020469,-0.128402,0.991494,0.023530,-0.042648,-0.021364,-0.441287,0.533880,-0.556447,0.458917,557.500000,92.500000,233.000000,178.500000,422.500000,252.000000
16.000000,-3.205875,1.693701,1.027440,-0.006537,0.019611,-0.128833,0.991451,0.023530,-0.042648,-0.021364,-0.441287,0.533880,-0.556447,0.458917,557.500000,92.500000,231.500000,178.500000,421.000000,252.000000
16.100000,-3.187700,1.685773,1.027001,-0.006693,0.018469,-0.127561,0.991636,0.023530,-0.042648,-0.021364,-0.441287,0.533880,-0.556447,0.458917,557.500000,92.500000,229.000000,177.500000,419.000000,252.000000
16.200000,-3.170997,1.678625,1.026196,-0.006698,0.018864,-0.127612,0.991622,0.023530,-0.042648,-0.021364,-0.441287,0.533880,-0.556447,0.458917,558.000000,92.500000,227.000000,176.500000,417.000000,251.000000
16.300000,-3.156029,1.672261,1.025166,-0.007827,0.016618,-0.127707,0.991642,0.023530,-0.042648,-0.021364,-0.441287,0.533880,-0.556447,0.458917,558.500000,92.500000,226.000000,176.500000,416.000000,252.000000
16.400000,-3.138375,1.664788,1.023998,-0.009291,0.008328,-0.127481,0.991763,0.023530,-0.042648,-0.021364,-0.441287,0.533880,-0.556447,0.458917,558.500000,93.000000,222.000000,175.000000,413.500000,251.000000
16.500000,-3.123982,1.658749,1.023076,-0.008423,0.001943,-0.128223,0.991708,0.023530,-0.042648,-0.021364,-0.441287,0.533880,-0.556447,0.458917,559.000000,92.500000,221.000000,174.500000,413.000000,250.000000
16.600000,-3.112382,1.653900,1.021838,-0.009487,0.001582,-0.127350,0.991811,0.023530,-0.042648,-0.021364,-0.441287,0.533880,-0.556447,0.458917,559.500000,92.000000,218.500000,173.000000,410.000000,249.500000
16.700000,-3.103421,1.649902,1.020532,-0.009448,0.001531,-0.127263,0.991823,0.023530,-0.042648,-0.021364,-0.441287,0.533880,-0.556447,0.458917,560.000000,92.000000,217.000000,172.500000,409.000000,249.500000
16.800000,-3.097528,1.647126,1.019513,-0.008906,0.000849,-0.128625,0.991653,0.023530,-0.042648,-0.021364,-0.441287,0.533880,-0.556447,0.458917,560.500000,92.000000,215.000000,172.500000,407.000000,250.000000
16.900000,-3.093585,1.644687,1.018149,-0.010962,0.000884,-0.126663,0.991885,0.023530,-0.042648,-0.021364,-0.441287,0.533880,-0.556447,0.458917,560.500000,93.500000,213.000000,173.000000,405.000000,251.000000
17.000000,-3.092416,1.643532,1.017226,-0.009467,0.001999,-0.126508,0.991918,0.023530,-0.042648,-0.021364,-0.441287,0.533880,-0.556447,0.458917,561.000000,93.500000,211.500000,173.500000,403.500000,251.500000
17.100000,-3.093540,1.643581,1.016724,-0.007068,0.002431,-0.128198,0.991720,0.023530,-0.042648,-0.021364,-0.441287,0.533880,-0.556447,0.458917,561.000000,94.000000,208.000000,174.000000,400.500000,252.000000
17.200000,-3.097385,1.644093,1.016668,-0.010286,0.002131,-0.125729,0.992009,0.023530,-0.042648,-0.021364,-0.441287,0.533880,-0.556447,0.458917,561.000000,94.500000,205.500000,175.000000,398.500000,253.000000
17.300000,-3.102365,1.645100,1.017524,-0.008881,0.005144,-0.125982,0.991979,0.023530,-0.042648,-0.021364,-0.441287,0.533880,-0.556447,0.458917,561.000000,94.500000,203.000000,175.000000,397.000000,253.000000
17.400000,-3.109257,1.646486,1.018454,-0.008091,0.008136,-0.125766,0.991994,0.023530,-0.042648,-0.021364,-0.441287,0.533880,-0.556447,0.458917,561.000000,96.000000,198.000000,177.000000,394.500000,254.500000
17.500000,-3.118169,1.648235,1.019217,-0.008745,0.006304,-0.126785,0.991872,0.023530,-0.042648,-0.021364,-0.441287,0.533880,-0.556447,0.458917,561.000000,96.000000,197.000000,177.000000,394.000000,254.500000
17.600000,-3.127635,1.649794,1.018951,-0.008888,0.007035,-0.126041,0.991960,0.023530,-0.042648,-0.021364,-0.441287,0.533880,-0.556447,0.458917,561.000000,96.500000,192.500000,178.000000,391.500000,254.500000
17.700000,-3.137099,1.651590,1.018540,-0.006358,0.009261,-0.126154,0.991947,0.023530,-0.042648,-0.021364,-0.441287,0.533880,-0.556447,0.458917,561.000000,97.000000,190.500000,178.500000,390.000000,255.000000
17.800000,-3.149609,1.654124,1.017041,-0.008921,0.009638,-0.126530,0.991876,0.023530,-0.042648,-0.021364,-0.441287,0.533880,-0.556447,0.458917,561.000000,98.500000,185.500000,180.500000,388.000000,254.500000
17.900000,-3.161998,1.656156,1.015532,-0.009792,0.009795,-0.125548,0.991991,0.023530,-0.042648,-0.021364,-0.441287,0.533880,-0.556447,0.458917,560.500000,99.000000,182.500000,180.500000,386.000000,254.500000
18.000000,-3.174904,1.658711,1.014137,-0.012940,0.008852,-0.126176,0.991884,0.023530,-0.042648,-0.021364,-0.441287,0.533880,-0.556447,0.458917,560.000000,99.000000,180.500000,181.000000,384.500000,253.500000
18.100000,-3.188469,1.661867,1.013095,-0.013960,0.008318,-0.126834,0.991791,0.023530,-0.042648,-0.021364,-0.441287,0.533880,-0.556447,0.458917,560.000000,99.000000,176.000000,180.500000,381.000000,252.000000
18.200000,-3.201476,1.665596,1.012717,-0.015976,0.008954,-0.126082,0.991851,0.023530,-0.042648,-0.021364,-0.441287,0.533880,-0.556447,0.458917,560.000000,99.000000,174.000000,180.500000,380.000000,251.000000
18.300000,-3.217921,1.671452,1.012988,-0.014458,0.010457,-0.126437,0.991814,0.023530,-0.042648,-0.021364,-0.441287,0.533880,-0.556447,0.458917,559.500000,100.000000,171.000000,180.500000,377.000000,251.000000
18.400000,-3.231491,1.677153,1.013809,-0.012925,0.011586,-0.127296,0.991713,0.023530,-0.042648,-0.021364,-0.441287,0.533880,-0.556447,0.458917,559.500000,100.000000,168.500000,181.500000,374.500000,251.000000
18.500000,-3.248961,1.684824,1.015517,-0.011067,0.011223,-0.126741,0.991811,0.023530,-0.042648,-0.021364,-0.441287,0.533880,-0.556447,0.458917,559.500000,100.000000,168.000000,181.500000,373.500000,249.500000
18.600000,-3.262913,1.691488,1.017385,-0.008297,0.014298,-0.127144,0.991747,0.023530,-0.042648,-0.021364,-0.441287,0.533880,-0.556447,0.458917,559.500000,100.000000,166.500000,182.500000,371.500000,249.500000
18.700000,-3.279761,1.699576,1.020388,-0.004537,0.016395,-0.127172,0.991735,0.023530,-0.042648,-0.021364,-0.441287,0.533880,-0.556447,0.458917,559.500000,101.000000,165.500000,183.000000,371.500000,249.500000
18.800000,-3.293952,1.706300,1.023953,-0.004246,0.016501,-0.127546,0.991686,0.023530,-0.042648,-0.021364,-0.441287,0.533880,-0.556447,0.458917,560.500000,101.000000,165.000000,185.000000,370.500000,249.000000
18.900000,-3.306242,1.711795,1.028120,-0.004275,0.016046,-0.126125,0.991875,0.023530,-0.042648,-0.021364,-0.441287,0.533880,-0.556447,0.458917,561.000000,102.000000,164.000000,187.000000,370.000000,249.000000
19.000000,-3.320582,1.718229,1.033446,-0.003536,0.013828,-0.125980,0.991930,0.023530,-0.042648,-0.021364,-0.441287,0.533880,-0.556447,0.458917,561.000000,102.000000,164.000000,189.000000,369.500000,248.500000
19.100000,-3.333907,1.723621,1.038733,-0.006344,0.012739,-0.126764,0.991831,0.023530,-0.042648,-0.021364,-0.441287,0.533880,-0.556447,0.458917,561.500000,104.000000,163.500000,192.000000,369.500000,249.000000
19.200000,-3.347303,1.728954,1.043555,-0.007377,0.013599,-0.126617,0.991831,0.023530,-0.042648,-0.021364,-0.441287,0.533880,-0.556447,0.458917,562.000000,104.500000,163.500000,194.000000,369.500000,250.000000
19.300000,-3.361125,1.734780,1.048290,-0.006165,0.013929,-0.126889,0.991800,0.023530,-0.042648,-0.021364,-0.441287,0.533880,-0.556447,0.458917,562.000000,105.000000,163.500000,196.000000,368.500000,250.000000
19.400000,-3.373681,1.740421,1.052486,-0.006216,0.014259,-0.127026,0.991777,0.023530,-0.042648,-0.021364,-0.441287,0.533880,-0.556447,0.458917,563.000000,106.000000,163.500000,198.000000,367.500000,250.500000
19.500000,-3.389433,1.747025,1.056735,-0.005282,0.016322,-0.126137,0.991864,0.023530,-0.042648,-0.021364,-0.441287,0.533880,-0.556447,0.458917,563.000000,106.000000,162.500000,198.500000,368.000000,251.000000
19.600000,-3.402017,1.752627,1.059386,-0.003328,0.015472,-0.127284,0.991740,0.023530,-0.042648,-0.021364,-0.441287,0.533880,-0.556447,0.458917,563.500000,106.500000,163.500000,199.500000,366.000000,250.500000
19.700000,-3.417227,1.759008,1.061018,-0.005771,0.014905,-0.129050,0.991509,0.023530,-0.042648,-0.021364,-0.441287,0.533880,-0.556447,0.458917,563.500000,107.000000,162.500000,199.500000,365.500000,250.000000
19.800000,-3.431007,1.764263,1.061410,-0.006237,0.019226,-0.127899,0.991581,0.023530,-0.042648,-0.021364,-0.441287,0.533880,-0.556447,0.458917,564.500000,107.500000,162.000000,199.500000,364.000000,249.500000
19.900000,-3.444217,1.769372,1.061025,-0.006064,0.026265,-0.127933,0.991416,0.023530,-0.042648,-0.021364,-0.441287,0.533880,-0.556447,0.458917,565.500000,108.500000,162.000000,199.500000,364.000000,249.000000
20.000000,-3.454687,1.773965,1.059820,-0.002928,0.031060,-0.128071,0.991274,0.023530,-0.042648,-0.021364,-0.441287,0.533880,-0.556447,0.458917,565.500000,109.500000,161.500000,199.500000,362.000000,249.000000
20.100000,-3.461857,1.777273,1.058341,-0.001545,0.030391,-0.126123,0.991548,0.023530,-0.042648,-0.021364,-0.441287,0.533880,-0.556447,0.458917,566.500000,110.000000,161.000000,198.000000,360.000000,248.000000
20.200000,-3.467147,1.780367,1.056615,-0.001677,0.028353,-0.125604,0.991674,0.023530,-0.042648,-0.021364,-0.441287,0.533880,-0.556447,0.458917,567.500000,110.000000,161.000000,197.500000,359.000000,247.500000
20.300000,-3.469260,1.782152,1.055099,-0.002035,0.029348,-0.126684,0.991507,0.023530,-0.042648,-0.021364,-0.441287,0.533880,-0.556447,0.458917,569.000000,110.000000,161.000000,195.500000,357.000000,246.500000
20.400000,-3.468569,1.783117,1.053747,-0.000920,0.028821,-0.126831,0.991505,0.023530,-0.042648,-0.021364,-0.441287,0.533880,-0.556447,0.458917,570.500000,110.000000,160.500000,194.000000,355.500000,246.000000
20.500000,-3.466187,1.783336,1.052738,-0.000890,0.027464,-0.126833,0.991543,0.023530,-0.042648,-0.021364,-0.441287,0.533880,-0.556447,0.458917,570.500000,109.500000,160.000000,193.500000,354.500000,245.000000
20.600000,-3.461190,1.782746,1.051002,0.000057,0.026186,-0.126998,0.991557,0.023530,-0.042648,-0.021364,-0.441287,0.533880,-0.556447,0.458917,572.500000,109.500000,160.500000,192.000000,352.500000,245.000000
20.700000,-3.455182,1.781172,1.049629,-0.000572,0.028848,-0.127648,0.991400,0.023530,-0.042648,-0.021364,-0.441287,0.533880,-0.556447,0.458917,572.500000,109.500000,160.500000,191.000000,353.500000,244.500000
20.800000,-3.447249,1.778776,1.048338,-0.001120,0.031319,-0.130678,0.990929,0.023530,-0.042648,-0.021364,-0.441287,0.533880,-0.556447,0.458917,573.000000,108.500000,160.500000,189.000000,352.500000,244.500000
20.900000,-3.436815,1.775271,1.046933,-0.001663,0.029131,-0.131088,0.990941,0.023530,-0.042648,-0.021364,-0.441287,0.533880,-0.556447,0.458917,574.000000,108.500000,161.000000,188.500000,351.000000,245.000000
21.000000,-3.427389,1.771881,1.045761,-0.003834,0.030078,-0.129521,0.991113,0.023530,-0.042648,-0.021364,-0.441287,0.533880,-0.556447,0.458917,574.000000,108.000000,161.000000,188.000000,350.000000,245.000000
21.100000,-3.415988,1.767574,1.044384,-0.006552,0.029687,-0.129363,0.991131,0.023530,-0.042648,-0.021364,-0.441287,0.533880,-0.556447,0.458917,574.500000,108.000000,161.500000,187.000000,349.000000,245.500000
21.200000,-3.402748,1.762922,1.043300,-0.005304,0.027508,-0.128286,0.991341,0.023530,-0.042648,-0.021364,-0.441287,0.533880,-0.556447,0.458917,574.500000,108.500000,162.000000,187.000000,349.000000,246.000000
21.300000,-3.391104,1.758725,1.042133,-0.005105,0.027518,-0.128265,0.991345,0.023530,-0.042648,-0.021364,-0.441287,0.533880,-0.556447,0.458917,574.500000,110.500000,162.500000,186.500000,349.000000,246.500000
21.400000,-3.377664,1.754231,1.040283,-0.005007,0.028451,-0.127574,0.991408,0.023530,-0.042648,-0.021364,-0.441287,0.533880,-0.556447,0.458917,575.000000,114.500000,162.500000,186.000000,346.000000,246.500000
21.500000,-3.361999,1.749003,1.037689,-0.004517,0.026789,-0.127698,0.991441,0.023530,-0.042648,-0.021364,-0.441287,0.533880,-0.556447,0.458917,575.000000,115.500000,163.000000,185.500000,344.000000,246.500000
21.600000,-3.347274,1.744177,1.035095,-0.003866,0.022470,-0.127269,0.991606,0.023530,-0.042648,-0.021364,-0.441287,0.533880,-0.556447,0.458917,575.000000,121.500000,163.000000,184.500000,344.000000,245.000000
21.700000,-3.334041,1.739185,1.032628,-0.002905,0.022420,-0.128045,0.991511,0.023530,-0.042648,-0.021364,-0.441287,0.533880,-0.556447,0.458917,575.000000,125.000000,163.000000,184.500000,342.500000,244.000000
21.800000,-3.318120,1.732460,1.029010,-0.004512,0.019940,-0.127508,0.991627,0.023530,-0.042648,-0.021364,-0.441287,0.533880,-0.556447,0.458917,573.500000,133.500000,163.000000,183.500000,335.500000,243.000000
21.900000,-3.305874,1.726552,1.026208,-0.005871,0.020624,-0.128588,0.991466,0.023530,-0.042648,-0.021364,-0.441287,0.533880,-0.556447,0.458917,574.000000,142.000000,163.000000,183.500000,334.000000,243.000000
22.000000,-3.290701,1.718818,1.022791,-0.008311,0.022654,-0.127069,0.991600,0.023530,-0.042648,-0.021364,-0.441287,0.533880,-0.556447,0.458917,573.500000,147.500000,163.500000,183.500000,333.000000,242.000000
22.100000,-3.276548,1.711580,1.020093,-0.007603,0.021411,-0.128683,0.991425,0.023530,-0.042648,-0.021364,-0.441287,0.533880,-0.556447,0.458917,572.500000,161.500000,163.500000,184.500000,331.500000,241.500000
22.200000,-3.262609,1.703983,1.017400,-0.009271,0.020903,-0.128428,0.991455,0.023530,-0.042648,-0.021364,-0.441287,0.533880,-0.556447,0.458917,572.000000,168.500000,163.500000,184.500000,330.500000,241.000000
22.300000,-3.248703,1.696419,1.015669,-0.009514,0.019038,-0.128631,0.991464,0.023530,-0.042648,-0.021364,-0.441287,0.533880,-0.556447,0.458917,571.000000,181.500000,164.000000,186.500000,328.500000,241.000000
22.400000,-3.236845,1.689540,1.014827,-0.008743,0.018099,-0.127128,0.991683,0.023530,-0.042648,-0.021364,-0.441287,0.533880,-0.556447,0.458917,571.000000,193.000000,164.500000,187.000000,327.500000,239.500000
22.500000,-3.222460,1.681154,1.014338,-0.010403,0.020377,-0.126575,0.991693,0.023530,-0.042648,-0.021364,-0.441287,0.533880,-0.556447,0.458917,570.500000,195.500000,164.000000,187.000000,326.500000,239.500000
22.600000,-3.209743,1.673802,1.014674,-0.008553,0.022513,-0.127360,0.991564,0.023530,-0.042648,-0.021364,-0.441287,0.533880,-0.556447,0.458917,570.000000,205.500000,164.500000,188.000000,324.000000,240.000000
22.700000,-3.198082,1.667013,1.015325,-0.008182,0.021822,-0.127298,0.991591,0.023530,-0.042648,-0.021364,-0.441287,0.533880,-0.556447,0.458917,569.500000,210.500000,165.000000,188.000000,323.000000,240.500000
22.800000,-3.183827,1.658598,1.016841,-0.009408,0.020867,-0.126435,0.991711,0.023530,-0.042648,-0.021364,-0.441287,0.533880,-0.556447,0.458917,569.500000,219.500000,166.000000,189.000000,319.500000,241.000000
22.900000,-3.170667,1.650841,1.018204,-0.009197,0.020649,-0.125801,0.991798,0.023530,-0.042648,-0.021364,-0.441287,0.533880,-0.556447,0.458917,570.000000,225.500000,166.500000,189.000000,317.000000,241.500000
23.000000,-3.159230,1.644348,1.019839,-0.010767,0.011512,-0.124329,0.992116,0.023530,-0.042648,-0.021364,-0.441287,0.533880,-0.556447,0.458917,570.000000,230.000000,166.500000,190.000000,315.500000,242.000000
23.100000,-3.146646,1.637071,1.021674,-0.010986,0.006019,-0.124707,0.992115,0.023530,-0.042648,-0.021364,-0.441287,0.533880,-0.556447,0.458917,570.000000,237.500000,168.000000,190.000000,312.000000,242.000000
23.200000,-3.137976,1.632037,1.022986,-0.011783,0.004709,-0.124044,0.992196,0.023530,-0.042648,-0.021364,-0.441287,0.533880,-0.556447,0.458917,573.000000,240.500000,169.000000,190.000000,311.000000,242.000000
23.300000,-3.132575,1.628439,1.023858,-0.011634,0.004393,-0.124377,0.992157,0.023530,-0.042648,-0.021364,-0.441287,0.533880,-0.556447,0.458917,570.000000,249.500000,170.000000,190.000000,307.500000,243.000000
23.400000,-3.128610,1.625556,1.024404,-0.011777,0.005872,-0.123675,0.992236,0.023530,-0.042648,-0.021364,-0.441287,0.533880,-0.556447,0.458917,569.500000,258.000000,171.000000,190.500000,305.000000,244.000000
23.500000,-3.127331,1.624269,1.024178,-0.011402,0.005548,-0.123779,0.992229,0.023530,-0.042648,-0.021364,-0.441287,0.533880,-0.556447,0.458917,568.500000,260.000000,171.500000,190.500000,303.500000,244.000000
23.600000,-3.128228,1.624210,1.023569,-0.010957,0.004671,-0.124093,0.992199,0.023530,-0.042648,-0.021364,-0.441287,0.533880,-0.556447,0.458917,568.000000,266.500000,173.500000,191.000000,302.000000,244.500000
23.700000,-3.131332,1.625117,1.022726,-0.008702,0.005620,-0.123613,0.992276,0.023530,-0.042648,-0.021364,-0.441287,0.533880,-0.556447,0.458917,568.500000,270.000000,175.000000,191.000000,301.500000,244.500000
23.800000,-3.136354,1.626562,1.021596,-0.008595,0.006704,-0.123986,0.992224,0.023530,-0.042648,-0.021364,-0.441287,0.533880,-0.556447,0.458917,569.000000,276.000000,178.500000,191.000000,300.500000,245.000000
23.900000,-3.142250,1.628278,1.020346,-0.009565,0.006612,-0.123851,0.992233,0.023530,-0.042648,-0.021364,-0.441287,0.533880,-0.556447,0.458917,568.000000,279.500000,181.500000,190.000000,299.500000,245.000000
24.000000,-3.151005,1.630709,1.019019,-0.008397,0.008376,-0.124201,0.992186,0.023530,-0.042648,-0.021364,-0.441287,0.533880,-0.556447,0.458917,568.000000,278.500000,183.500000,190.000000,298.500000,245.000000
24.100000,-3.159152,1.632619,1.017673,-0.007323,0.009418,-0.125200,0.992060,0.023530,-0.042648,-0.021364,-0.441287,0.533880,-0.556447,0.458917,568.000000,279.000000,188.000000,189.000000,298.500000,246.000000
24.200000,-3.169195,1.635435,1.016601,-0.008223,0.008982,-0.125827,0.991978,0.023530,-0.042648,-0.021364,-0.441287,0.533880,-0.556447,0.458917,567.500000,279.500000,190.000000,189.000000,297.500000,246.000000
24.300000,-3.181028,1.638399,1.016140,-0.010123,0.008147,-0.124931,0.992080,0.023530,-0.042648,-0.021364,-0.441287,0.533880,-0.556447,0.458917,567.000000,279.500000,194.000000,188.500000,296.000000,246.000000
24.400000,-3.189614,1.640829,1.016438,-0.009685,0.009769,-0.126652,0.991852,0.023530,-0.042648,-0.021364,-0.441287,0.533880,-0.556447,0.458917,566.500000,279.500000,197.500000,188.000000,293.500000,245.500000
24.500000,-3.203754,1.644189,1.017767,-0.011299,0.008018,-0.125504,0.991996,0.023530,-0.042648,-0.021364,-0.441287,0.533880,-0.556447,0.458917,565.500000,280.000000,198.000000,188.000000,293.500000,245.500000
24.600000,-3.215684,1.647434,1.019496,-0.009829,0.007787,-0.126162,0.991930,0.023530,-0.042648,-0.021364,-0.441287,0.533880,-0.556447,0.458917,565.500000,279.000000,202.500000,187.000000,292.000000,244.500000
24.700000,-3.227364,1.650207,1.020928,-0.011552,0.007632,-0.125349,0.992016,0.023530,-0.042648,-0.021364,-0.441287,0.533880,-0.556447,0.458917,565.500000,279.000000,204.500000,187.000000,291.500000,245.000000
24.800000,-3.241898,1.653673,1.022722,-0.011086,0.008778,-0.125412,0.992004,0.023530,-0.042648,-0.021364,-0.441287,0.533880,-0.556447,0.458917,565.500000,279.500000,208.500000,187.000000,291.000000,245.000000
24.900000,-3.254233,1.656549,1.024141,-0.012249,0.009169,-0.125030,0.992035,0.023530,-0.042648,-0.021364,-0.441287,0.533880,-0.556447,0.458917,565.500000,279.500000,212.000000,188.000000,290.500000,244.500000
25.000000,-3.267808,1.659569,1.025069,-0.012928,0.010537,-0.125195,0.991992,0.023530,-0.042648,-0.021364,-0.441287,0.533880,-0.556447,0.458917,565.000000,279.500000,214.500000,188.000000,290.000000,244.000000
25.100000,-3.281589,1.663072,1.025559,-0.010143,0.011886,-0.125686,0.991947,0.023530,-0.042648,-0.021364,-0.441287,0.533880,-0.556447,0.458917,564.500000,280.000000,219.000000,188.000000,288.000000,242.500000
25.200000,-3.296824,1.666798,1.026443,-0.009017,0.012739,-0.125120,0.992019,0.023530,-0.042648,-0.021364,-0.441287,0.533880,-0.556447,0.458917,564.500000,280.000000,219.500000,188.000000,288.000000,242.000000
25.300000,-3.310504,1.670127,1.027876,-0.007851,0.014550,-0.125777,0.991921,0.023530,-0.042648,-0.021364,-0.441287,0.533880,-0.556447,0.458917,564.500000,279.500000,223.000000,188.500000,286.500000,240.500000
25.400000,-3.322729,1.672868,1.029287,-0.008477,0.014795,-0.124414,0.992084,0.023530,-0.042648,-0.021364,-0.441287,0.533880,-0.556447,0.458917,563.500000,280.000000,227.000000,190.000000,285.500000,239.500000
25.500000,-3.335614,1.675894,1.030491,-0.009398,0.014800,-0.125864,0.991893,0.023530,-0.042648,-0.021364,-0.441287,0.533880,-0.556447,0.458917,563.000000,280.000000,228.500000,190.000000,285.500000,239.500000
25.600000,-3.348675,1.678748,1.031173,-0.011546,0.012668,-0.124652,0.992052,0.023530,-0.042648,-0.021364,-0.441287,0.533880,-0.556447,0.458917,563.000000,280.000000,232.500000,191.000000,284.000000,238.000000
25.700000,-3.362967,1.682450,1.030999,-0.012009,0.009593,-0.124875,0.992053,0.023530,-0.042648,-0.021364,-0.441287,0.533880,-0.556447,0.458917,562.500000,280.000000,233.500000,191.000000,283.000000,238.000000
25.800000,-3.375364,1.686069,1.030089,-0.011996,0.009326,-0.124851,0.992059,0.023530,-0.042648,-0.021364,-0.441287,0.533880,-0.556447,0.458917,562.000000,280.000000,237.500000,192.000000,281.500000,237.000000
25.900000,-3.390596,1.691409,1.028591,-0.008567,0.013397,-0.127239,0.991745,0.023530,-0.042648,-0.021364,-0.441287,0.533880,-0.556447,0.458917,562.000000,279.000000,241.500000,192.500000,280.000000,236.000000
26.000000,-3.403817,1.696014,1.027440,-0.008951,0.011538,-0.125105,0.992036,0.023530,-0.042648,-0.021364,-0.441287,0.533880,-0.556447,0.458917,562.000000,279.000000,244.000000,192.500000,279.500000,235.500000
26.100000,-3.419820,1.701664,1.025813,-0.007896,0.013292,-0.126070,0.991901,0.023530,-0.042648,-0.021364,-0.441287,0.533880,-0.556447,0.458917,561.000000,279.000000,247.500000,193.000000,279.500000,235.500000
26.200000,-3.432358,1.706895,1.024496,-0.006797,0.021790,-0.125633,0.991814,0.023530,-0.042648,-0.021364,-0.441287,0.533880,-0.556447,0.458917,561.000000,279.000000,249.500000,192.000000,279.000000,235.000000
26.300000,-3.444545,1.712621,1.023169,-0.002609,0.026162,-0.126736,0.991588,0.023530,-0.042648,-0.021364,-0.441287,0.533880,-0.556447,0.458917,561.000000,279.000000,254.500000,193.000000,278.000000,235.500000
26.400000,-3.454708,1.717086,1.022225,-0.001318,0.027028,-0.125623,0.991709,0.023530,-0.042648,-0.021364,-0.441287,0.533880,-0.556447,0.458917,561.000000,279.000000,259.000000,193.000000,278.000000,235.500000
26.500000,-3.460975,1.721330,1.021199,-0.002188,0.026981,-0.125169,0.991766,0.023530,-0.042648,-0.021364,-0.441287,0.533880,-0.556447,0.458917,562.000000,278.000000,261.500000,193.500000,278.000000,235.500000
26.600000,-3.464519,1.724530,1.020204,0.001151,0.028097,-0.126871,0.991521,0.023530,-0.042648,-0.021364,-0.441287,0.533880,-0.556447,0.458917,562.000000,278.000000,264.500000,193.000000,277.000000,235.500000
26.700000,-3.466067,1.725065,1.020647,-0.000849,0.027655,-0.127060,0.991509,0.023530,-0.042648,-0.021364,-0.441287,0.533880,-0.556447,0.458917,562.000000,278.000000,266.500000,193.500000,276.000000,235.500000
26.800000,-3.465496,1.724699,1.021440,-0.003506,0.024742,-0.126416,0.991663,0.023530,-0.042648,-0.021364,-0.441287,0.533880,-0.556447,0.458917,562.500000,278.000000,271.000000,194.500000,274.000000,236.500000
26.900000,-3.462350,1.724370,1.021973,-0.006342,0.025842,-0.125279,0.991765,0.023530,-0.042648,-0.021364,-0.441287,0.533880,-0.556447,0.458917,562.000000,278.000000,273.000000,194.500000,273.500000,236.500000
27.000000,-3.457329,1.723920,1.022963,-0.001458,0.025396,-0.125888,0.991718,0.023530,-0.042648,-0.021364,-0.441287,0.533880,-0.556447,0.458917,562.500000,278.000000,276.500000,195.500000,272.000000,237.500000
27.100000,-3.452086,1.722237,1.023605,-0.001857,0.025528,-0.123892,0.991965,0.023530,-0.042648,-0.021364,-0.441287,0.533880,-0.556447,0.458917,562.500000,278.000000,279.000000,196.500000,271.000000,237.500000
27.200000,-3.442836,1.719964,1.024310,-0.001740,0.023287,-0.123906,0.992019,0.023530,-0.042648,-0.021364,-0.441287,0.533880,-0.556447,0.458917,563.000000,278.000000,281.000000,196.500000,270.000000,237.500000
27.300000,-3.432706,1.717113,1.024783,-0.005474,0.021852,-0.124040,0.992021,0.023530,-0.042648,-0.021364,-0.441287,0.533880,-0.556447,0.458917,563.000000,278.000000,285.000000,196.500000,267.500000,237.500000
27.400000,-3.421254,1.714805,1.025029,-0.004696,0.022341,-0.123055,0.992137,0.023530,-0.042648,-0.021364,-0.441287,0.533880,-0.556447,0.458917,563.000000,278.000000,289.000000,196.500000,265.000000,237.500000
27.500000,-3.411727,1.712166,1.025277,-0.003514,0.021654,-0.123247,0.992134,0.023530,-0.042648,-0.021364,-0.441287,0.533880,-0.556447,0.458917,563.000000,277.000000,291.000000,196.500000,264.000000,237.500000
27.600000,-3.396641,1.707885,1.025559,-0.002548,0.021458,-0.123624,0.992094,0.023530,-0.042648,-0.021364,-0.441287,0.533880,-0.556447,0.458917,563.500000,278.000000,294.000000,197.000000,262.000000,237.500000
27.700000,-3.381562,1.703579,1.026023,-0.002701,0.023456,-0.125725,0.991784,0.023530,-0.042648,-0.021364,-0.441287,0.533880,-0.556447,0.458917,564.000000,277.000000,296.000000,197.000000,261.000000,237.500000
27.800000,-3.368920,1.699278,1.026239,-0.003814,0.023011,-0.124382,0.991960,0.023530,-0.042648,-0.021364,-0.441287,0.533880,-0.556447,0.458917,564.000000,277.500000,300.500000,197.000000,258.500000,237.500000
27.900000,-3.355288,1.695119,1.026121,-0.002553,0.022162,-0.125049,0.991900,0.023530,-0.042648,-0.021364,-0.441287,0.533880,-0.556447,0.458917,564.000000,277.000000,302.500000,197.000000,257.000000,237.500000
28.000000,-3.338267,1.689485,1.025402,-0.006029,0.018798,-0.124326,0.992045,0.023530,-0.042648,-0.021364,-0.441287,0.533880,-0.556447,0.458917,564.500000,277.500000,306.500000,196.000000,254.500000,237.500000
28.100000,-3.324152,1.684857,1.024319,-0.005307,0.016356,-0.124525,0.992067,0.023530,-0.042648,-0.021364,-0.441287,0.533880,-0.556447,0.458917,565.000000,278.000000,309.000000,195.500000,252.000000,236.500000
28.200000,-3.305733,1.678790,1.021826,-0.005117,0.018861,-0.125958,0.991843,0.023530,-0.042648,-0.021364,-0.441287,0.533880,-0.556447,0.458917,565.500000,278.000000,311.000000,194.500000,250.500000,236.500000
28.300000,-3.293618,1.674614,1.019816,-0.003772,0.020622,-0.126117,0.991794,0.023530,-0.042648,-0.021364,-0.441287,0.533880,-0.556447,0.458917,565.500000,277.500000,314.500000,193.000000,248.000000,235.500000
28.400000,-3.278376,1.668893,1.017486,-0.004570,0.018261,-0.127344,0.991680,0.023530,-0.042648,-0.021364,-0.441287,0.533880,-0.556447,0.458917,566.000000,277.500000,318.500000,191.500000,244.500000,235.000000
28.500000,-3.260139,1.661768,1.015746,-0.005683,0.017514,-0.127187,0.991708,0.023530,-0.042648,-0.021364,-0.441287,0.533880,-0.556447,0.458917,566.500000,277.000000,321.000000,190.500000,243.000000,234.500000
28.600000,-3.245356,1.655608,1.015300,-0.005535,0.018259,-0.126771,0.991749,0.023530,-0.042648,-0.021364,-0.441287,0.533880,-0.556447,0.458917,566.000000,277.000000,324.000000,190.500000,241.000000,234.500000
28.700000,-3.231808,1.649880,1.015362,-0.007821,0.019011,-0.126382,0.991769,0.023530,-0.042648,-0.021364,-0.441287,0.533880,-0.556447,0.458917,566.500000,277.500000,325.500000,190.500000,239.000000,234.500000
28.800000,-3.216788,1.643718,1.016197,-0.007501,0.016514,-0.127158,0.991717,0.023530,-0.042648,-0.021364,-0.441287,0.533880,-0.556447,0.458917,566.500000,278.000000,330.500000,192.000000,236.000000,236.000000
28.900000,-3.201951,1.637357,1.016994,-0.007564,0.016611,-0.126011,0.991861,0.023530,-0.042648,-0.021364,-0.441287,0.533880,-0.556447,0.458917,566.500000,278.000000,332.500000,193.000000,234.500000,236.500000
29.000000,-3.185447,1.630914,1.018252,-0.005134,0.019359,-0.128163,0.991551,0.023530,-0.042648,-0.021364,-0.441287,0.533880,-0.556447,0.458917,566.500000,279.000000,337.500000,195.000000,231.500000,237.500000
29.100000,-3.172353,1.624622,1.019532,-0.003884,0.016551,-0.126747,0.991789,0.023530,-0.042648,-0.021364,-0.441287,0.533880,-0.556447,0.458917,566.500000,279.000000,341.000000,196.500000,229.000000,238.500000
29.200000,-3.158240,1.618050,1.021567,-0.007417,0.007165,-0.127213,0.991822,0.023530,-0.042648,-0.021364,-0.441287,0.533880,-0.556447,0.458917,567.000000,280.000000,343.000000,198.000000,227.500000,240.000000
29.300000,-3.146075,1.611588,1.024228,-0.008977,0.001201,-0.127172,0.991839,0.023530,-0.042648,-0.021364,-0.441287,0.533880,-0.556447,0.458917,567.000000,279.500000,347.000000,199.500000,225.000000,240.500000
29.400000,-3.137486,1.606546,1.026829,-0.009273,-0.000836,-0.126355,0.991941,0.023530,-0.042648,-0.021364,-0.441287,0.533880,-0.556447,0.458917,567.000000,281.000000,351.000000,202.500000,221.500000,242.500000
29.500000,-3.130213,1.600714,1.030510,-0.010839,0.001486,-0.126543,0.991901,0.023530,-0.042648,-0.021364,-0.441287,0.533880,-0.556447,0.458917,566.500000,281.500000,353.000000,203.500000,220.000000,243.500000
29.600000,-3.126895,1.596804,1.033692,-0.009335,0.001639,-0.126602,0.991908,0.023530,-0.042648,-0.021364,-0.441287,0.533880,-0.556447,0.458917,566.500000,281.000000,356.500000,203.500000,217.500000,244.500000
29.700000,-3.126497,1.593788,1.037008,-0.008494,-0.000703,-0.126260,0.991961,0.023530,-0.042648,-0.021364,-0.441287,0.533880,-0.556447,0.458917,566.500000,281.500000,358.000000,205.500000,216.500000,245.500000
29.800000,-3.128361,1.591691,1.039713,-0.008760,-0.000837,-0.126218,0.991964,0.023530,-0.042648,-0.021364,-0.441287,0.533880,-0.556447,0.458917,566.000000,282.000000,362.500000,206.000000,214.500000,245.500000
29.900000,-3.132851,1.590268,1.042376,-0.007702,-0.000193,-0.126183,0.991977,0.023530,-0.042648,-0.021364,-0.441287,0.533880,-0.556447,0.458917,565.500000,282.500000,364.000000,206.000000,214.000000,246.500000
30.000000,-3.138882,1.588965,1.044423,-0.009680,-0.000428,-0.126067,0.991974,0.023530,-0.042648,-0.021364,-0.441287,0.533880,-0.556447,0.458917,565.000000,282.500000,368.500000,205.500000,212.000000,246.500000
30.100000,-3.147429,1.588605,1.046168,-0.010163,0.001482,-0.126201,0.991951,0.023530,-0.042648,-0.021364,-0.441287,0.533880,-0.556447,0.458917,564.500000,283.500000,372.000000,205.500000,210.500000,247.000000
30.200000,-3.157778,1.588985,1.047544,-0.008756,0.000944,-0.126361,0.991945,0.023530,-0.042648,-0.021364,-0.441287,0.533880,-0.556447,0.458917,564.500000,283.500000,374.500000,204.500000,209.500000,246.500000
30.300000,-3.168307,1.589805,1.048372,-0.008551,0.003576,-0.125527,0.992047,0.023530,-0.042648,-0.021364,-0.441287,0.533880,-0.556447,0.458917,564.000000,284.500000,378.500000,204.500000,208.000000,247.000000
30.400000,-3.181928,1.591656,1.048965,-0.009937,0.006223,-0.125066,0.992079,0.023530,-0.042648,-0.021364,-0.441287,0.533880,-0.556447,0.458917,563.000000,284.500000,383.000000,202.500000,207.000000,246.500000
30.500000,-3.195906,1.594176,1.049415,-0.009016,0.005475,-0.124914,0.992112,0.023530,-0.042648,-0.021364,-0.441287,0.533880,-0.556447,0.458917,562.500000,284.000000,386.000000,202.500000,206.000000,246.000000
30.600000,-3.208572,1.597169,1.049626,-0.006750,0.005474,-0.124650,0.992163,0.023530,-0.042648,-0.021364,-0.441287,0.533880,-0.556447,0.458917,562.500000,284.500000,389.500000,201.500000,204.500000,245.500000
30.700000,-3.220168,1.599985,1.049754,-0.007821,0.004952,-0.124086,0.992228,0.023530,-0.042648,-0.021364,-0.441287,0.533880,-0.556447,0.458917,562.500000,284.000000,392.000000,200.500000,204.000000,246.000000
30.800000,-3.232780,1.603657,1.049173,-0.005995,0.006800,-0.123888,0.992255,0.023530,-0.042648,-0.021364,-0.441287,0.533880,-0.556447,0.458917,561.500000,284.000000,397.000000,200.500000,204.000000,245.000000
30.900000,-3.245558,1.607259,1.047892,-0.008325,0.006233,-0.123296,0.992315,0.023530,-0.042648,-0.021364,-0.441287,0.533880,-0.556447,0.458917,561.500000,284.000000,400.000000,200.500000,203.500000,245.000000
31.000000,-3.259860,1.611627,1.045176,-0.008040,0.004419,-0.122866,0.992381,0.023530,-0.042648,-0.021364,-0.441287,0.533880,-0.556447,0.458917,561.500000,283.000000,405.500000,200.500000,203.000000,244.000000
31.100000,-3.271556,1.615516,1.042210,-0.008009,0.006392,-0.122954,0.992359,0.023530,-0.042648,-0.021364,-0.441287,0.533880,-0.556447,0.458917,561.500000,282.500000,410.000000,200.000000,202.500000,242.000000
31.200000,-3.284570,1.619796,1.038390,-0.006184,0.008565,-0.122921,0.992360,0.023530,-0.042648,-0.021364,-0.441287,0.533880,-0.556447,0.458917,561.500000,282.000000,412.500000,199.500000,202.500000,241.000000
31.300000,-3.297240,1.623941,1.034161,-0.007756,0.005209,-0.123697,0.992276,0.023530,-0.042648,-0.021364,-0.441287,0.533880,-0.556447,0.458917,560.500000,281.500000,418.000000,200.500000,202.000000,240.500000
31.400000,-3.309941,1.628172,1.030475,-0.007290,0.004658,-0.124264,0.992212,0.023530,-0.042648,-0.021364,-0.441287,0.533880,-0.556447,0.458917,561.000000,281.000000,423.500000,200.500000,202.000000,239.000000
31.500000,-3.323188,1.632244,1.028037,-0.007919,0.006069,-0.122654,0.992399,0.023530,-0.042648,-0.021364,-0.441287,0.533880,-0.556447,0.458917,560.000000,280.000000,426.000000,200.500000,201.000000,238.000000
31.600000,-3.336801,1.636386,1.026937,-0.006110,0.003832,-0.122893,0.992394,0.023530,-0.042648,-0.021364,-0.441287,0.533880,-0.556447,0.458917,560.000000,279.000000,430.500000,199.500000,201.000000,237.500000
31.700000,-3.352118,1.640665,1.027918,-0.006332,0.003153,-0.123774,0.992285,0.023530,-0.042648,-0.021364,-0.441287,0.533880,-0.556447,0.458917,560.000000,279.500000,433.500000,200.000000,201.000000,237.000000
31.800000,-3.365198,1.644058,1.030566,-0.004076,0.005084,-0.123964,0.992265,0.023530,-0.042648,-0.021364,-0.441287,0.533880,-0.556447,0.458917,560.000000,279.500000,438.000000,200.500000,200.500000,237.000000
31.900000,-3.381698,1.647677,1.036125,-0.004987,0.002931,-0.124693,0.992178,0.023530,-0.042648,-0.021364,-0.441287,0.533880,-0.556447,0.458917,559.500000,280.000000,440.000000,200.500000,200.500000,237.500000
32.000000,-3.397296,1.650578,1.042222,-0.008109,0.004580,-0.124525,0.992173,0.023530,-0.042648,-0.021364,-0.441287,0.533880,-0.556447,0.458917,559.000000,280.000000,445.000000,201.500000,200.500000,238.500000
32.100000,-3.411458,1.653361,1.047494,-0.010069,0.008281,-0.124099,0.992184,0.023530,-0.042648,-0.021364,-0.441287,0.533880,-0.556447,0.458917,559.500000,281.000000,448.500000,202.000000,199.500000,239.500000
32.200000,-3.426748,1.656770,1.053042,-0.007090,0.012001,-0.124410,0.992133,0.023530,-0.042648,-0.021364,-0.441287,0.533880,-0.556447,0.458917,558.000000,282.000000,449.500000,203.000000,199.500000,240.500000
32.300000,-3.442191,1.660204,1.058451,-0.004812,0.016970,-0.125052,0.991993,0.023530,-0.042648,-0.021364,-0.441287,0.533880,-0.556447,0.458917,558.000000,282.000000,453.500000,203.500000,200.000000,241.500000
32.400000,-3.451641,1.662497,1.061404,-0.005970,0.023115,-0.124639,0.991915,0.023530,-0.042648,-0.021364,-0.441287,0.533880,-0.556447,0.458917,557.500000,283.000000,456.500000,204.000000,199.000000,242.500000
32.500000,-3.461829,1.664957,1.064295,-0.005322,0.024933,-0.124677,0.991870,0.023530,-0.042648,-0.021364,-0.441287,0.533880,-0.556447,0.458917,556.000000,283.000000,458.500000,205.000000,199.500000,243.000000
32.600000,-3.468643,1.666580,1.065867,-0.005630,0.022304,-0.125384,0.991842,0.023530,-0.042648,-0.021364,-0.441287,0.533880,-0.556447,0.458917,556.000000,284.000000,462.500000,205.500000,199.000000,243.500000
32.700000,-3.471399,1.667402,1.066041,-0.005807,0.022092,-0.125892,0.991781,0.023530,-0.042648,-0.021364,-0.441287,0.533880,-0.556447,0.458917,556.000000,284.000000,465.000000,205.500000,198.000000,243.500000
32.800000,-3.472062,1.668050,1.065347,-0.003122,0.021605,-0.127282,0.991626,0.023530,-0.042648,-0.021364,-0.441287,0.533880,-0.556447,0.458917,556.500000,284.000000,469.500000,205.500000,198.000000,243.500000
32.900000,-3.471108,1.667756,1.063594,-0.000668,0.020468,-0.124869,0.991962,0.023530,-0.042648,-0.021364,-0.441287,0.533880,-0.556447,0.458917,556.500000,284.000000,471.500000,206.500000,197.500000,242.500000
33.000000,-3.468029,1.666335,1.060772,-0.001552,0.021109,-0.123789,0.992083,0.023530,-0.042648,-0.021364,-0.441287,0.533880,-0.556447,0.458917,557.000000,283.000000,476.500000,205.500000,197.000000,241.500000
33.100000,-3.463243,1.664176,1.057409,-0.002719,0.022431,-0.125199,0.991874,0.023530,-0.042648,-0.021364,-0.441287,0.533880,-0.556447,0.458917,557.000000,283.000000,479.500000,206.000000,196.000000,240.500000
33.200000,-3.456152,1.659975,1.053962,-0.002791,0.021165,-0.125474,0.991867,0.023530,-0.042648,-0.021364,-0.441287,0.533880,-0.556447,0.458917,557.000000,282.000000,481.500000,206.500000,196.000000,240.000000
33.300000,-3.448388,1.656607,1.050691,-0.002639,0.019507,-0.123786,0.992114,0.023530,-0.042648,-0.021364,-0.441287,0.533880,-0.556447,0.458917,557.000000,282.000000,486.500000,206.500000,194.500000,238.500000
33.400000,-3.438470,1.652493,1.047692,-0.002846,0.018981,-0.124169,0.992075,0.023530,-0.042648,-0.021364,-0.441287,0.533880,-0.556447,0.458917,557.500000,281.000000,491.500000,206.500000,193.000000,237.500000
33.500000,-3.427474,1.647277,1.045192,-0.005134,0.020237,-0.123977,0.992065,0.023530,-0.042648,-0.021364,-0.441287,0.533880,-0.556447,0.458917,557.000000,280.500000,494.500000,208.000000,192.000000,237.500000
33.600000,-3.415239,1.642356,1.042618,-0.005758,0.018964,-0.124337,0.992042,0.023530,-0.042648,-0.021364,-0.441287,0.533880,-0.556447,0.458917,557.000000,280.000000,496.500000,208.000000,190.500000,237.500000
33.700000,-3.402462,1.637186,1.040345,-0.003873,0.016734,-0.124105,0.992120,0.023530,-0.042648,-0.021364,-0.441287,0.533880,-0.556447,0.458917,557.000000,280.500000,499.500000,208.000000,189.500000,236.500000
33.800000,-3.389375,1.631617,1.037456,-0.004626,0.019527,-0.122894,0.992217,0.023530,-0.042648,-0.021364,-0.441287,0.533880,-0.556447,0.458917,558.000000,280.000000,505.000000,207.500000,188.000000,236.000000
33.900000,-3.375574,1.625635,1.034355,-0.005090,0.021014,-0.122947,0.992178,0.023530,-0.042648,-0.021364,-0.441287,0.533880,-0.556447,0.458917,558.000000,280.000000,507.000000,207.500000,187.000000,236.500000
34.000000,-3.359378,1.618647,1.031405,-0.006260,0.019431,-0.123076,0.992187,0.023530,-0.042648,-0.021364,-0.441287,0.533880,-0.556447,0.458917,558.000000,280.000000,511.500000,207.000000,184.500000,236.000000
34.100000,-3.347127,1.613097,1.029663,-0.007036,0.018193,-0.121461,0.992405,0.023530,-0.042648,-0.021364,-0.441287,0.533880,-0.556447,0.458917,558.000000,280.000000,514.500000,207.000000,183.500000,236.000000
34.200000,-3.330090,1.605655,1.028357,-0.007398,0.015667,-0.122186,0.992356,0.023530,-0.042648,-0.021364,-0.441287,0.533880,-0.556447,0.458917,558.000000,280.000000,516.500000,206.000000,182.500000,235.500000
34.300000,-3.314153,1.599087,1.028241,-0.005710,0.015734,-0.122544,0.992322,0.023530,-0.042648,-0.021364,-0.441287,0.533880,-0.556447,0.458917,558.000000,279.500000,521.500000,205.000000,180.000000,235.000000
34.400000,-3.298347,1.591883,1.028979,-0.005962,0.016281,-0.121627,0.992424,0.023530,-0.042648,-0.021364,-0.441287,0.533880,-0.556447,0.458917,558.000000,279.500000,526.500000,204.500000,178.000000,235.500000
34.500000,-3.280945,1.584136,1.030775,-0.009125,0.012384,-0.120506,0.992593,0.023530,-0.042648,-0.021364,-0.441287,0.533880,-0.556447,0.458917,558.000000,279.000000,529.500000,204.500000,176.500000,235.500000
34.600000,-3.266847,1.578277,1.032742,-0.007768,0.011518,-0.122158,0.992413,0.023530,-0.042648,-0.021364,-0.441287,0.533880,-0.556447,0.458917,558.000000,280.000000,531.500000,205.000000,175.500000,236.000000
34.700000,-3.251913,1.572453,1.035046,-0.005401,0.014114,-0.122767,0.992320,0.023530,-0.042648,-0.021364,-0.441287,0.533880,-0.556447,0.458917,558.000000,280.000000,537.000000,205.000000,174.000000,236.500000
34.800000,-3.235858,1.565875,1.037330,-0.006174,0.015214,-0.121286,0.992482,0.023530,-0.042648,-0.021364,-0.441287,0.533880,-0.556447,0.458917,558.500000,281.000000,540.500000,206.000000,172.000000,237.000000
34.900000,-3.222445,1.560513,1.038624,-0.006370,0.014194,-0.121424,0.992479,0.023530,-0.042648,-0.021364,-0.441287,0.533880,-0.556447,0.458917,558.500000,281.000000,542.500000,206.000000,171.000000,237.500000
35.000000,-3.206181,1.553733,1.039708,-0.006646,0.013287,-0.121707,0.992455,0.023530,-0.042648,-0.021364,-0.441287,0.533880,-0.556447,0.458917,558.500000,282.000000,548.000000,206.000000,169.000000,238.000000
35.100000,-3.191480,1.547419,1.039926,-0.006502,0.012346,-0.123340,0.992266,0.023530,-0.042648,-0.021364,-0.441287,0.533880,-0.556447,0.458917,558.500000,282.500000,550.000000,205.000000,168.000000,238.000000
35.200000,-3.177168,1.541231,1.039544,-0.006191,0.012525,-0.123071,0.992300,0.023530,-0.042648,-0.021364,-0.441287,0.533880,-0.556447,0.458917,559.000000,283.000000,555.000000,205.000000,166.000000,238.000000
35.300000,-3.163257,1.535000,1.038833,-0.007216,0.007903,-0.123602,0.992274,0.023530,-0.042648,-0.021364,-0.441287,0.533880,-0.556447,0.458917,559.500000,283.500000,560.000000,204.000000,164.500000,238.000000
35.400000,-3.152848,1.530531,1.038065,-0.008118,0.000852,-0.124017,0.992247,0.023530,-0.042648,-0.021364,-0.441287,0.533880,-0.556447,0.458917,559.500000,283.500000,564.000000,204.000000,162.500000,237.000000
35.500000,-3.141401,1.524978,1.036284,-0.010165,-0.004072,-0.123372,0.992300,0.023530,-0.042648,-0.021364,-0.441287,0.533880,-0.556447,0.458917,559.500000,283.500000,568.500000,204.000000,161.000000,237.000000
35.600000,-3.134168,1.521233,1.034583,-0.009674,-0.004178,-0.124094,0.992215,0.023530,-0.042648,-0.021364,-0.441287,0.533880,-0.556447,0.458917,559.500000,283.500000,571.500000,204.000000,160.000000,237.000000
35.700000,-3.129967,1.518736,1.032968,-0.008031,-0.003818,-0.123062,0.992359,0.023530,-0.042648,-0.021364,-0.441287,0.533880,-0.556447,0.458917,559.500000,283.500000,576.500000,204.000000,158.000000,236.500000
35.800000,-3.128943,1.517080,1.031116,-0.009782,-0.002724,-0.123105,0.992342,0.023530,-0.042648,-0.021364,-0.441287,0.533880,-0.556447,0.458917,559.500000,283.500000,581.000000,204.500000,156.500000,235.500000
35.900000,-3.130119,1.516342,1.029408,-0.008463,-0.001799,-0.122406,0.992442,0.023530,-0.042648,-0.021364,-0.441287,0.533880,-0.556447,0.458917,559.500000,283.500000,583.500000,205.000000,156.000000,235.500000
36.000000,-3.134140,1.516479,1.028185,-0.008046,-0.002567,-0.121564,0.992548,0.023530,-0.042648,-0.021364,-0.441287,0.533880,-0.556447,0.458917,558.500000,283.500000,588.500000,205.500000,154.500000,235.500000
36.100000,-3.139816,1.517295,1.027319,-0.007914,-0.002630,-0.121608,0.992543,0.023530,-0.042648,-0.021364,-0.441287,0.533880,-0.556447,0.458917,558.500000,284.000000,591.500000,206.000000,153.500000,235.500000
36.200000,-3.147023,1.518527,1.026254,-0.009698,-0.003164,-0.122156,0.992459,0.023530,-0.042648,-0.021364,-0.441287,0.533880,-0.556447,0.458917,558.500000,284.000000,595.500000,206.000000,152.500000,235.000000
36.300000,-3.154845,1.520332,1.025082,-0.010547,-0.002619,-0.122521,0.992406,0.023530,-0.042648,-0.021364,-0.441287,0.533880,-0.556447,0.458917,558.500000,284.000000,597.500000,205.500000,152.500000,235.000000
36.400000,-3.167152,1.524008,1.022923,-0.009546,-0.000770,-0.122869,0.992377,0.023530,-0.042648,-0.021364,-0.441287,0.533880,-0.556447,0.458917,558.000000,284.000000,602.500000,204.500000,151.500000,235.000000
36.500000,-3.181400,1.528739,1.021220,-0.010234,0.002421,-0.122294,0.992438,0.023530,-0.042648,-0.021364,-0.441287,0.533880,-0.556447,0.458917,557.500000,284.000000,607.000000,203.000000,150.000000,236.000000
36.600000,-3.195365,1.534050,1.020803,-0.007255,0.003116,-0.122861,0.992393,0.023530,-0.042648,-0.021364,-0.441287,0.533880,-0.556447,0.458917,557.500000,284.000000,609.000000,203.000000,149.500000,236.000000
36.700000,-3.211860,1.540151,1.021264,-0.007658,0.003842,-0.121797,0.992518,0.023530,-0.042648,-0.021364,-0.441287,0.533880,-0.556447,0.458917,557.500000,284.000000,614.000000,202.000000,149.500000,236.000000
36.800000,-3.227483,1.545883,1.022790,-0.004709,0.006293,-0.121838,0.992519,0.023530,-0.042648,-0.021364,-0.441287,0.533880,-0.556447,0.458917,556.500000,284.000000,617.000000,201.500000,149.500000,237.000000
36.900000,-3.242195,1.550709,1.025059,-0.004037,0.007054,-0.121566,0.992550,0.023530,-0.042648,-0.021364,-0.441287,0.533880,-0.556447,0.458917,557.500000,284.500000,618.000000,201.500000,149.500000,237.000000
37.000000,-3.260443,1.556117,1.028431,-0.005761,0.005932,-0.121373,0.992573,0.023530,-0.042648,-0.021364,-0.441287,0.533880,-0.556447,0.458917,557.000000,285.000000,621.000000,202.000000,149.000000,237.000000
37.100000,-3.275950,1.560291,1.031428,-0.005827,0.007123,-0.121689,0.992526,0.023530,-0.042648,-0.021364,-0.441287,0.533880,-0.556447,0.458917,556.500000,284.500000,622.000000,201.500000,149.000000,238.000000
37.200000,-3.295155,1.565176,1.035502,-0.006386,0.008123,-0.122554,0.992408,0.023530,-0.042648,-0.021364,-0.441287,0.533880,-0.556447,0.458917,556.500000,285.000000,624.000000,202.000000,149.000000,238.000000
37.300000,-3.311151,1.569719,1.038298,-0.008041,0.008110,-0.123728,0.992250,0.023530,-0.042648,-0.021364,-0.441287,0.533880,-0.556447,0.458917,556.500000,285.000000,625.500000,203.000000,148.500000,239.000000
37.400000,-3.329247,1.574677,1.040516,-0.006987,0.010421,-0.123799,0.992228,0.023530,-0.042648,-0.021364,-0.441287,0.533880,-0.556447,0.458917,555.500000,285.500000,627.000000,204.000000,148.000000,239.500000
37.500000,-3.347378,1.579186,1.041838,-0.006640,0.011857,-0.122785,0.992340,0.023530,-0.042648,-0.021364,-0.441287,0.533880,-0.556447,0.458917,555.000000,285.000000,628.000000,205.000000,147.000000,239.500000
37.600000,-3.365200,1.583498,1.042790,-0.006331,0.013387,-0.122093,0.992408,0.023530,-0.042648,-0.021364,-0.441287,0.533880,-0.556447,0.458917,554.500000,285.000000,628.000000,205.500000,147.000000,239.500000
37.700000,-3.384273,1.587844,1.043806,-0.008635,0.011110,-0.122023,0.992428,0.023530,-0.042648,-0.021364,-0.441287,0.533880,-0.556447,0.458917,554.000000,285.500000,629.500000,207.500000,146.500000,240.500000
37.800000,-3.401375,1.591979,1.044483,-0.010512,0.008855,-0.121501,0.992496,0.023530,-0.042648,-0.021364,-0.441287,0.533880,-0.556447,0.458917,554.000000,285.000000,630.500000,209.000000,145.500000,240.500000
37.900000,-3.413489,1.595148,1.044568,-0.010956,0.008552,-0.121324,0.992516,0.023530,-0.042648,-0.021364,-0.441287,0.533880,-0.556447,0.458917,554.000000,285.000000,631.000000,210.000000,145.500000,240.500000
38.000000,-3.434798,1.600871,1.043834,-0.007057,0.009394,-0.121977,0.992463,0.023530,-0.042648,-0.021364,-0.441287,0.533880,-0.556447,0.458917,554.000000,285.000000,634.000000,211.500000,144.500000,240.500000
38.100000,-3.454424,1.605785,1.042499,-0.005305,0.010406,-0.121878,0.992476,0.023530,-0.042648,-0.021364,-0.441287,0.533880,-0.556447,0.458917,553.000000,284.000000,635.000000,213.000000,144.500000,240.000000
38.200000,-3.471892,1.609757,1.040949,-0.009732,0.011712,-0.122733,0.992323,0.023530,-0.042648,-0.021364,-0.441287,0.533880,-0.556447,0.458917,552.000000,284.000000,637.000000,214.500000,144.000000,239.500000
38.300000,-3.487722,1.612763,1.039773,-0.011938,0.017037,-0.124349,0.992020,0.023530,-0.042648,-0.021364,-0.441287,0.533880,-0.556447,0.458917,552.000000,283.000000,637.500000,215.500000,143.500000,238.500000
38.400000,-3.504156,1.617570,1.038090,-0.007519,0.023535,-0.126686,0.991635,0.023530,-0.042648,-0.021364,-0.441287,0.533880,-0.556447,0.458917,552.000000,282.000000,637.500000,215.000000,142.500000,238.500000
38.500000,-3.515497,1.621613,1.036834,-0.005977,0.027693,-0.125242,0.991722,0.023530,-0.042648,-0.021364,-0.441287,0.533880,-0.556447,0.458917,550.500000,282.000000,638.000000,216.000000,142.500000,237.500000
38.600000,-3.525640,1.625398,1.036131,-0.004076,0.029041,-0.125384,0.991675,0.023530,-0.042648,-0.021364,-0.441287,0.533880,-0.556447,0.458917,550.500000,282.000000,640.000000,217.000000,142.500000,238.000000
38.700000,-3.530526,1.628137,1.035327,-0.001263,0.029007,-0.127217,0.991450,0.023530,-0.042648,-0.021364,-0.441287,0.533880,-0.556447,0.458917,551.000000,281.000000,641.000000,216.500000,142.000000,237.000000
38.800000,-3.533596,1.629701,1.034910,-0.000795,0.027887,-0.127565,0.991438,0.023530,-0.042648,-0.021364,-0.441287,0.533880,-0.556447,0.458917,551.000000,280.000000,643.500000,216.000000,142.000000,236.000000
38.900000,-3.533511,1.629940,1.034414,-0.001859,0.026648,-0.126881,0.991558,0.023530,-0.042648,-0.021364,-0.441287,0.533880,-0.556447,0.458917,551.000000,280.000000,644.500000,216.000000,142.000000,235.500000
39.000000,-3.532051,1.628113,1.034403,-0.003367,0.026729,-0.126363,0.991618,0.023530,-0.042648,-0.021364,-0.441287,0.533880,-0.556447,0.458917,551.000000,279.000000,644.500000,216.000000,141.000000,234.500000
39.100000,-3.526891,1.627115,1.033503,-0.003805,0.027708,-0.126986,0.991510,0.023530,-0.042648,-0.021364,-0.441287,0.533880,-0.556447,0.458917,551.500000,279.000000,644.000000,215.000000,141.000000,234.500000
39.200000,-3.520188,1.625372,1.033162,-0.002290,0.024814,-0.125179,0.991821,0.023530,-0.042648,-0.021364,-0.441287,0.533880,-0.556447,0.458917,551.000000,278.500000,643.000000,215.000000,140.000000,234.500000
39.300000,-3.512858,1.621219,1.033370,-0.003045,0.023720,-0.124411,0.991943,0.023530,-0.042648,-0.021364,-0.441287,0.533880,-0.556447,0.458917,551.000000,278.000000,643.000000,214.500000,140.000000,235.500000
39.400000,-3.503482,1.618301,1.032773,-0.003969,0.024440,-0.123715,0.992009,0.023530,-0.042648,-0.021364,-0.441287,0.533880,-0.556447,0.458917,551.500000,278.500000,643.000000,214.000000,139.000000,238.500000
39.500000,-3.490644,1.612942,1.033008,-0.006391,0.022128,-0.123152,0.992121,0.023530,-0.042648,-0.021364,-0.441287,0.533880,-0.556447,0.458917,551.000000,278.000000,645.000000,212.000000,138.500000,241.000000
39.600000,-3.479801,1.608691,1.033870,-0.006644,0.020823,-0.123075,0.992157,0.023530,-0.042648,-0.021364,-0.441287,0.533880,-0.556447,0.458917,551.500000,278.000000,644.500000,211.500000,138.500000,244.000000
39.700000,-3.465654,1.603574,1.035138,-0.003641,0.019140,-0.122299,0.992302,0.023530,-0.042648,-0.021364,-0.441287,0.533880,-0.556447,0.458917,551.500000,277.500000,644.500000,210.000000,137.000000,250.000000
39.800000,-3.453962,1.599375,1.036085,-0.003577,0.018901,-0.122255,0.992312,0.023530,-0.042648,-0.021364,-0.441287,0.533880,-0.556447,0.458917,551.500000,278.000000,644.500000,209.000000,137.000000,255.500000
39.900000,-3.440667,1.594801,1.037058,-0.005564,0.019061,-0.122840,0.992228,0.023530,-0.042648,-0.021364,-0.441287,0.533880,-0.556447,0.458917,552.500000,278.000000,645.000000,208.500000,138.500000,259.500000
40.000000,-3.428675,1.590826,1.037771,-0.004754,0.020015,-0.122913,0.992204,0.023530,-0.042648,-0.021364,-0.441287,0.533880,-0.556447,0.458917,552.500000,278.000000,644.500000,208.000000,137.000000,270.000000
40.100000,-3.413650,1.586169,1.038451,-0.003158,0.020783,-0.121949,0.992314,0.023530,-0.042648,-0.021364,-0.441287,0.533880,-0.556447,0.458917,552.500000,278.500000,645.000000,207.500000,138.000000,274.500000
40.200000,-3.399701,1.581962,1.038431,-0.002761,0.021106,-0.122458,0.992245,0.023530,-0.042648,-0.021364,-0.441287,0.533880,-0.556447,0.458917,552.500000,278.000000,645.500000,206.000000,137.500000,284.000000
40.300000,-3.384078,1.577075,1.037981,-0.003072,0.020248,-0.122626,0.992242,0.023530,-0.042648,-0.021364,-0.441287,0.533880,-0.556447,0.458917,553.500000,278.000000,645.500000,205.000000,137.500000,289.500000
40.400000,-3.371076,1.572850,1.037138,-0.003240,0.021765,-0.122487,0.992226,0.023530,-0.042648,-0.021364,-0.441287,0.533880,-0.556447,0.458917,553.500000,277.500000,645.500000,205.000000,137.000000,294.500000
40.500000,-3.356315,1.568028,1.035751,-0.003527,0.021565,-0.122314,0.992251,0.023530,-0.042648,-0.021364,-0.441287,0.533880,-0.556447,0.458917,553.500000,277.000000,647.000000,203.500000,136.500000,294.500000
40.600000,-3.341149,1.563193,1.034674,-0.003950,0.022951,-0.122624,0.992180,0.023530,-0.042648,-0.021364,-0.441287,0.533880,-0.556447,0.458917,553.500000,277.000000,647.500000,204.000000,136.000000,294.500000
40.700000,-3.323899,1.557727,1.033620,-0.002748,0.019803,-0.123188,0.992182,0.023530,-0.042648,-0.021364,-0.441287,0.533880,-0.556447,0.458917,554.000000,277.000000,648.000000,204.000000,135.000000,295.500000
40.800000,-3.309806,1.552740,1.033081,-0.001284,0.019192,-0.122742,0.992252,0.023530,-0.042648,-0.021364,-0.441287,0.533880,-0.556447,0.458917,554.500000,277.000000,649.000000,203.500000,134.500000,295.500000
40.900000,-3.292691,1.547021,1.032441,-0.003024,0.020505,-0.122761,0.992220,0.023530,-0.042648,-0.021364,-0.441287,0.533880,-0.556447,0.458917,554.500000,277.000000,649.000000,203.500000,134.000000,295.500000
41.000000,-3.278791,1.542363,1.032278,-0.002129,0.020951,-0.122990,0.992184,0.023530,-0.042648,-0.021364,-0.441287,0.533880,-0.556447,0.458917,555.000000,277.000000,650.000000,204.000000,133.500000,296.500000
41.100000,-3.264854,1.537367,1.031934,-0.003379,0.021430,-0.122652,0.992213,0.023530,-0.042648,-0.021364,-0.441287,0.533880,-0.556447,0.458917,555.000000,278.000000,649.500000,204.000000,132.500000,296.500000
41.200000,-3.247309,1.531496,1.031361,-0.002571,0.020533,-0.124231,0.992038,0.023530,-0.042648,-0.021364,-0.441287,0.533880,-0.556447,0.458917,555.500000,278.000000,649.500000,204.500000,131.500000,297.000000
41.300000,-3.229825,1.525607,1.030884,-0.004175,0.020433,-0.123130,0.992171,0.023530,-0.042648,-0.021364,-0.441287,0.533880,-0.556447,0.458917,555.500000,278.500000,649.000000,204.500000,131.500000,297.500000
41.400000,-3.215379,1.521000,1.030797,-0.001672,0.019258,-0.124006,0.992093,0.023530,-0.042648,-0.021364,-0.441287,0.533880,-0.556447,0.458917,555.500000,279.000000,648.500000,204.500000,130.500000,297.500000
41.500000,-3.197885,1.515363,1.030349,-0.002437,0.018399,-0.123411,0.992182,0.023530,-0.042648,-0.021364,-0.441287,0.533880,-0.556447,0.458917,556.000000,279.000000,648.500000,205.500000,129.000000,297.500000
41.600000,-3.183728,1.510905,1.029761,-0.003205,0.018069,-0.123525,0.992172,0.023530,-0.042648,-0.021364,-0.441287,0.533880,-0.556447,0.458917,556.500000,279.000000,647.000000,205.500000,129.000000,298.000000
41.700000,-3.168403,1.505918,1.029175,-0.003965,0.017178,-0.124939,0.992008,0.023530,-0.042648,-0.021364,-0.441287,0.533880,-0.556447,0.458917,556.500000,279.000000,646.000000,204.000000,128.000000,298.000000
41.800000,-3.153122,1.500799,1.028461,-0.004048,0.017661,-0.123987,0.992118,0.023530,-0.042648,-0.021364,-0.441287,0.533880,-0.556447,0.458917,557.000000,279.500000,645.000000,203.500000,127.500000,298.500000
41.900000,-3.137023,1.495077,1.028432,-0.004244,0.010740,-0.125236,0.992060,0.023530,-0.042648,-0.021364,-0.441287,0.533880,-0.556447,0.458917,557.000000,279.500000,645.000000,203.500000,127.000000,298.000000
42.000000,-3.123880,1.490088,1.028736,-0.007913,0.003215,-0.124709,0.992157,0.023530,-0.042648,-0.021364,-0.441287,0.533880,-0.556447,0.458917,557.500000,279.000000,643.500000,201.500000,126.000000,298.000000
42.100000,-3.114357,1.485897,1.029251,-0.010220,0.001498,-0.124046,0.992223,0.023530,-0.042648,-0.021364,-0.441287,0.533880,-0.556447,0.458917,557.500000,279.500000,642.000000,200.500000,125.500000,298.500000
42.200000,-3.105350,1.482119,1.029891,-0.009406,0.001394,-0.123910,0.992248,0.023530,-0.042648,-0.021364,-0.441287,0.533880,-0.556447,0.458917,558.000000,279.000000,640.500000,198.500000,125.000000,298.500000
42.300000,-3.100191,1.479898,1.030255,-0.010693,0.001185,-0.124187,0.992200,0.023530,-0.042648,-0.021364,-0.441287,0.533880,-0.556447,0.458917,558.000000,279.500000,639.500000,196.500000,124.500000,298.500000
42.400000,-3.096696,1.478406,1.030320,-0.012074,0.002094,-0.123652,0.992250,0.023530,-0.042648,-0.021364,-0.441287,0.533880,-0.556447,0.458917,558.000000,279.500000,638.500000,195.500000,124.000000,299.000000
42.500000,-3.095306,1.478007,1.029895,-0.010732,0.002395,-0.122923,0.992355,0.023530,-0.042648,-0.021364,-0.441287,0.533880,-0.556447,0.458917,557.500000,280.000000,636.500000,193.000000,123.500000,299.000000
42.600000,-3.095744,1.478460,1.029164,-0.010626,0.001470,-0.122318,0.992433,0.023530,-0.042648,-0.021364,-0.441287,0.533880,-0.556447,0.458917,558.000000,280.000000,636.500000,193.000000,123.500000,299.000000
42.700000,-3.098610,1.480011,1.027597,-0.008708,0.001838,-0.122354,0.992447,0.023530,-0.042648,-0.021364,-0.441287,0.533880,-0.556447,0.458917,558.000000,280.500000,635.500000,191.500000,123.500000,300.000000
42.800000,-3.102386,1.481757,1.026259,-0.007247,0.001748,-0.121606,0.992550,0.023530,-0.042648,-0.021364,-0.441287,0.533880,-0.556447,0.458917,558.500000,280.500000,635.000000,190.500000,124.500000,300.000000
42.900000,-3.108943,1.484554,1.024813,-0.009257,0.002047,-0.121332,0.992567,0.023530,-0.042648,-0.021364,-0.441287,0.533880,-0.556447,0.458917,558.500000,280.500000,634.500000,190.000000,124.500000,300.000000
43.000000,-3.116602,1.487683,1.023970,-0.006048,0.006098,-0.121597,0.992542,0.023530,-0.042648,-0.021364,-0.441287,0.533880,-0.556447,0.458917,558.500000,281.000000,633.500000,189.500000,124.500000,300.000000
43.100000,-3.124095,1.490951,1.023641,-0.004816,0.009005,-0.121519,0.992537,0.023530,-0.042648,-0.021364,-0.441287,0.533880,-0.556447,0.458917,558.500000,281.000000,633.000000,189.500000,125.000000,300.000000
43.200000,-3.132973,1.494554,1.024817,-0.005265,0.007575,-0.122514,0.992424,0.023530,-0.042648,-0.021364,-0.441287,0.533880,-0.556447,0.458917,558.500000,281.500000,632.000000,189.500000,125.500000,300.000000
43.300000,-3.143758,1.498472,1.027321,-0.010944,0.004172,-0.121397,0.992535,0.023530,-0.042648,-0.021364,-0.441287,0.533880,-0.556447,0.458917,558.500000,281.000000,631.500000,189.500000,126.000000,300.000000
43.400000,-3.154348,1.502911,1.031010,-0.010111,0.004474,-0.121244,0.992561,0.023530,-0.042648,-0.021364,-0.441287,0.533880,-0.556447,0.458917,558.500000,281.000000,630.500000,190.500000,126.500000,300.000000
43.500000,-3.164887,1.507487,1.035015,-0.011799,0.004711,-0.120794,0.992596,0.023530,-0.042648,-0.021364,-0.441287,0.533880,-0.556447,0.458917,558.000000,281.000000,629.500000,192.500000,128.000000,301.000000
43.600000,-3.178627,1.513634,1.040441,-0.010153,0.007671,-0.121171,0.992550,0.023530,-0.042648,-0.021364,-0.441287,0.533880,-0.556447,0.458917,558.000000,281.500000,629.000000,193.000000,128.500000,301.000000
43.700000,-3.191567,1.519300,1.045573,-0.006887,0.009550,-0.121314,0.992544,0.023530,-0.042648,-0.021364,-0.441287,0.533880,-0.556447,0.458917,557.500000,282.500000,628.500000,195.000000,129.500000,302.000000
43.800000,-3.204735,1.524357,1.050586,-0.004704,0.008869,-0.121356,0.992558,0.023530,-0.042648,-0.021364,-0.441287,0.533880,-0.556447,0.458917,557.500000,282.500000,628.000000,196.000000,130.000000,302.000000
43.900000,-3.217878,1.528773,1.055254,-0.006984,0.008321,-0.121672,0.992511,0.023530,-0.042648,-0.021364,-0.441287,0.533880,-0.556447,0.458917,558.000000,283.500000,627.500000,197.500000,131.500000,303.000000
44.000000,-3.229677,1.532144,1.058758,-0.007111,0.008867,-0.122387,0.992417,0.023530,-0.042648,-0.021364,-0.441287,0.533880,-0.556447,0.458917,558.000000,283.500000,627.500000,198.500000,132.500000,303.500000
44.100000,-3.244676,1.535737,1.061779,-0.010162,0.008185,-0.121569,0.992497,0.023530,-0.042648,-0.021364,-0.441287,0.533880,-0.556447,0.458917,557.500000,283.500000,627.000000,198.500000,132.500000,304.000000
44.200000,-3.256893,1.538723,1.063223,-0.011003,0.009789,-0.122100,0.992409,0.023530,-0.042648,-0.021364,-0.441287,0.533880,-0.556447,0.458917,557.500000,284.000000,626.000000,199.000000,133.000000,304.000000
44.300000,-3.270481,1.542091,1.063838,-0.011416,0.008174,-0.123669,0.992224,0.023530,-0.042648,-0.021364,-0.441287,0.533880,-0.556447,0.458917,557.000000,285.000000,626.000000,199.500000,133.500000,304.500000
44.400000,-3.285774,1.546304,1.063196,-0.010800,0.006682,-0.124440,0.992146,0.023530,-0.042648,-0.021364,-0.441287,0.533880,-0.556447,0.458917,556.500000,285.000000,625.000000,198.500000,134.000000,304.500000
44.500000,-3.291459,1.547870,1.062449,-0.011963,0.007137,-0.124250,0.992153,0.023530,-0.042648,-0.021364,-0.441287,0.533880,-0.556447,0.458917,556.500000,284.500000,625.000000,198.000000,135.000000,304.500000
44.600000,-3.314367,1.555119,1.058129,-0.011764,0.009700,-0.125003,0.992039,0.023530,-0.042648,-0.021364,-0.441287,0.533880,-0.556447,0.458917,555.500000,284.000000,624.000000,195.500000,135.500000,303.500000
44.700000,-3.325615,1.559018,1.054871,-0.010924,0.010464,-0.125438,0.991986,0.023530,-0.042648,-0.021364,-0.441287,0.533880,-0.556447,0.458917,555.500000,283.500000,624.000000,193.000000,136.500000,302.500000
44.800000,-3.341014,1.564248,1.049326,-0.009996,0.011192,-0.125123,0.992028,0.023530,-0.042648,-0.021364,-0.441287,0.533880,-0.556447,0.458917,555.500000,283.000000,624.000000,191.500000,137.000000,302.500000
44.900000,-3.354560,1.568779,1.043155,-0.010763,0.009386,-0.125723,0.991963,0.023530,-0.042648,-0.021364,-0.441287,0.533880,-0.556447,0.458917,555.500000,282.000000,624.000000,189.500000,137.500000,301.000000
45.000000,-3.368086,1.573383,1.036428,-0.011817,0.006700,-0.126064,0.991929,0.023530,-0.042648,-0.021364,-0.441287,0.533880,-0.556447,0.458917,556.000000,281.000000,623.500000,188.500000,138.500000,299.500000
45.100000,-3.381649,1.578192,1.029020,-0.012882,0.005886,-0.126346,0.991885,0.023530,-0.042648,-0.021364,-0.441287,0.533880,-0.556447,0.458917,555.500000,280.000000,623.500000,188.500000,139.000000,299.500000
45.200000,-3.395576,1.583269,1.021101,-0.012463,0.009183,-0.126207,0.991883,0.023530,-0.042648,-0.021364,-0.441287,0.533880,-0.556447,0.458917,555.000000,278.000000,623.500000,188.000000,140.500000,297.000000
45.300000,-3.409394,1.588570,1.013126,-0.012231,0.009595,-0.126009,0.991907,0.023530,-0.042648,-0.021364,-0.441287,0.533880,-0.556447,0.458917,555.000000,277.000000,623.000000,187.500000,140.500000,295.500000
45.400000,-3.422613,1.594023,1.005714,-0.011675,0.011366,-0.125416,0.991970,0.023530,-0.042648,-0.021364,-0.441287,0.533880,-0.556447,0.458917,555.000000,276.500000,623.000000,188.500000,141.500000,294.500000
45.500000,-3.435366,1.599597,0.999759,-0.010950,0.012022,-0.125173,0.992002,0.023530,-0.042648,-0.021364,-0.441287,0.533880,-0.556447,0.458917,554.500000,274.000000,622.500000,188.500000,142.000000,292.000000
45.600000,-3.447155,1.605103,0.995325,-0.009642,0.012401,-0.125091,0.992021,0.023530,-0.042648,-0.021364,-0.441287,0.533880,-0.556447,0.458917,555.000000,274.000000,622.000000,189.500000,142.000000,291.500000
45.700000,-3.459268,1.610786,0.992422,-0.005921,0.014044,-0.124781,0.992067,0.023530,-0.042648,-0.021364,-0.441287,0.533880,-0.556447,0.458917,555.000000,273.000000,622.000000,190.000000,143.000000,290.500000
45.800000,-3.468471,1.614999,0.992147,-0.006282,0.012880,-0.124294,0.992142,0.023530,-0.042648,-0.021364,-0.441287,0.533880,-0.556447,0.458917,555.000000,273.000000,621.500000,191.000000,143.000000,290.500000
45.900000,-3.478075,1.618513,0.994184,-0.005716,0.013808,-0.123502,0.992232,0.023530,-0.042648,-0.021364,-0.441287,0.533880,-0.556447,0.458917,555.000000,273.000000,622.000000,193.000000,144.500000,289.500000
46.000000,-3.488093,1.621084,0.998804,-0.008610,0.014341,-0.123735,0.992174,0.023530,-0.042648,-0.021364,-0.441287,0.533880,-0.556447,0.458917,555.000000,273.000000,622.000000,194.000000,145.000000,289.500000
46.100000,-3.495520,1.622860,1.003950,-0.007257,0.015918,-0.123207,0.992227,0.023530,-0.042648,-0.021364,-0.441287,0.533880,-0.556447,0.458917,555.000000,273.000000,622.000000,195.000000,145.000000,290.500000
46.200000,-3.503519,1.623326,1.011471,-0.005426,0.020659,-0.123498,0.992115,0.023530,-0.042648,-0.021364,-0.441287,0.533880,-0.556447,0.458917,554.000000,273.000000,622.000000,197.000000,145.500000,290.500000
46.300000,-3.508665,1.622968,1.017660,-0.003717,0.029191,-0.123627,0.991892,0.023530,-0.042648,-0.021364,-0.441287,0.533880,-0.556447,0.458917,554.000000,274.000000,622.000000,198.000000,145.500000,291.500000
46.400000,-3.512046,1.621062,1.025047,-0.006117,0.023073,-0.123250,0.992088,0.023530,-0.042648,-0.021364,-0.441287,0.533880,-0.556447,0.458917,554.000000,276.000000,621.000000,201.000000,145.000000,293.500000
46.500000,-3.512440,1.618526,1.029863,-0.006244,0.022987,-0.122610,0.992169,0.023530,-0.042648,-0.021364,-0.441287,0.533880,-0.556447,0.458917,553.000000,276.000000,621.000000,200.500000,145.000000,293.500000
46.600000,-3.511382,1.614042,1.035222,-0.007544,0.023869,-0.122738,0.992123,0.023530,-0.042648,-0.021364,-0.441287,0.533880,-0.556447,0.458917,553.000000,276.000000,621.000000,201.500000,145.000000,293.500000
46.700000,-3.508508,1.610583,1.038689,-0.007051,0.026343,-0.123960,0.991912,0.023530,-0.042648,-0.021364,-0.441287,0.533880,-0.556447,0.458917,552.000000,277.000000,620.500000,202.000000,144.000000,294.500000
46.800000,-3.503707,1.605949,1.041551,-0.008034,0.025887,-0.121983,0.992162,0.023530,-0.042648,-0.021364,-0.441287,0.533880,-0.556447,0.458917,552.000000,277.000000,620.000000,202.500000,143.500000,295.500000
46.900000,-3.495904,1.600568,1.043867,-0.007076,0.025213,-0.121580,0.992236,0.023530,-0.042648,-0.021364,-0.441287,0.533880,-0.556447,0.458917,551.500000,278.000000,620.000000,202.500000,143.000000,295.500000
47.000000,-3.488238,1.595700,1.044486,-0.006014,0.023975,-0.120916,0.992355,0.023530,-0.042648,-0.021364,-0.441287,0.533880,-0.556447,0.458917,551.500000,278.000000,619.500000,202.000000,142.500000,295.500000
47.100000,-3.478226,1.589597,1.044918,-0.006441,0.023194,-0.120490,0.992423,0.023530,-0.042648,-0.021364,-0.441287,0.533880,-0.556447,0.458917,552.000000,278.000000,619.000000,202.000000,142.000000,295.500000
47.200000,-3.467189,1.582947,1.045016,-0.005774,0.022082,-0.120743,0.992421,0.023530,-0.042648,-0.021364,-0.441287,0.533880,-0.556447,0.458917,552.000000,278.000000,619.500000,201.500000,140.500000,296.000000
47.300000,-3.455189,1.575948,1.045010,-0.008112,0.021279,-0.121128,0.992376,0.023530,-0.042648,-0.021364,-0.441287,0.533880,-0.556447,0.458917,551.500000,278.000000,619.000000,201.000000,140.500000,296.000000
47.400000,-3.442473,1.568814,1.044427,-0.009138,0.021026,-0.120729,0.992421,0.023530,-0.042648,-0.021364,-0.441287,0.533880,-0.556447,0.458917,551.500000,278.000000,618.500000,200.000000,139.500000,295.500000
47.500000,-3.428333,1.561122,1.043095,-0.008991,0.019749,-0.121464,0.992359,0.023530,-0.042648,-0.021364,-0.441287,0.533880,-0.556447,0.458917,551.000000,277.000000,617.500000,199.000000,138.500000,295.500000
47.600000,-3.416421,1.554980,1.041889,-0.008140,0.019693,-0.120776,0.992451,0.023530,-0.042648,-0.021364,-0.441287,0.533880,-0.556447,0.458917,551.000000,277.000000,617.000000,199.000000,138.000000,295.500000
47.700000,-3.402960,1.548296,1.040707,-0.007437,0.020529,-0.120625,0.992458,0.023530,-0.042648,-0.021364,-0.441287,0.533880,-0.556447,0.458917,551.500000,276.500000,615.500000,199.000000,136.500000,295.500000
47.800000,-3.388907,1.541443,1.039338,-0.007279,0.022229,-0.121425,0.992325,0.023530,-0.042648,-0.021364,-0.441287,0.533880,-0.556447,0.458917,551.000000,277.000000,615.500000,199.500000,135.000000,295.500000
47.900000,-3.372929,1.533588,1.037708,-0.007212,0.021429,-0.121378,0.992349,0.023530,-0.042648,-0.021364,-0.441287,0.533880,-0.556447,0.458917,551.000000,277.000000,614.500000,198.500000,134.500000,295.500000
48.000000,-3.361115,1.527587,1.036581,-0.006839,0.020124,-0.121295,0.992389,0.023530,-0.042648,-0.021364,-0.441287,0.533880,-0.556447,0.458917,551.500000,276.000000,613.000000,198.500000,133.500000,295.500000
48.100000,-3.344281,1.519300,1.034706,-0.007072,0.020743,-0.121379,0.992364,0.023530,-0.042648,-0.021364,-0.441287,0.533880,-0.556447,0.458917,551.500000,276.000000,613.000000,198.500000,133.000000,295.500000
48.200000,-3.327140,1.510545,1.033060,-0.007436,0.020501,-0.120937,0.992421,0.023530,-0.042648,-0.021364,-0.441287,0.533880,-0.556447,0.458917,611.000000,197.500000,551.500000,275.000000,131.500000,294.500000
48.300000,-3.312903,1.503111,1.032022,-0.006273,0.020978,-0.120616,0.992458,0.023530,-0.042648,-0.021364,-0.441287,0.533880,-0.556447,0.458917,551.500000,275.000000,610.000000,197.000000,130.500000,294.500000
48.400000,-3.295141,1.493513,1.030887,-0.007319,0.020144,-0.120476,0.992485,0.023530,-0.042648,-0.021364,-0.441287,0.533880,-0.556447,0.458917,551.000000,275.000000,608.000000,195.500000,129.500000,294.500000
48.500000,-3.280582,1.485743,1.029891,-0.010482,0.017844,-0.120577,0.992488,0.023530,-0.042648,-0.021364,-0.441287,0.533880,-0.556447,0.458917,550.500000,274.500000,605.500000,194.500000,126.500000,294.500000
48.600000,-3.262623,1.476709,1.028459,-0.008146,0.019526,-0.120191,0.992525,0.023530,-0.042648,-0.021364,-0.441287,0.533880,-0.556447,0.458917,550.500000,274.000000,605.500000,194.000000,126.500000,293.500000
48.700000,-3.248016,1.469350,1.027205,-0.006963,0.020484,-0.119951,0.992544,0.023530,-0.042648,-0.021364,-0.441287,0.533880,-0.556447,0.458917,550.500000,275.000000,603.500000,193.000000,124.500000,294.000000
48.800000,-3.229942,1.460462,1.024904,-0.008525,0.017325,-0.119728,0.992619,0.023530,-0.042648,-0.021364,-0.441287,0.533880,-0.556447,0.458917,550.500000,275.000000,603.000000,192.500000,123.500000,294.500000
48.900000,-3.213709,1.452584,1.021601,-0.008664,0.017561,-0.119750,0.992611,0.023530,-0.042648,-0.021364,-0.441287,0.533880,-0.556447,0.458917,550.500000,275.500000,601.000000,191.000000,121.500000,295.000000
49.000000,-3.199326,1.445598,1.017278,-0.009628,0.018384,-0.119978,0.992560,0.023530,-0.042648,-0.021364,-0.441287,0.533880,-0.556447,0.458917,550.500000,274.500000,599.500000,189.000000,121.000000,295.000000
49.100000,-3.184783,1.438928,1.011871,-0.009422,0.018280,-0.120762,0.992468,0.023530,-0.042648,-0.021364,-0.441287,0.533880,-0.556447,0.458917,550.500000,275.000000,598.500000,189.000000,120.000000,295.000000
49.200000,-3.167257,1.431039,1.003878,-0.006911,0.016679,-0.121340,0.992447,0.023530,-0.042648,-0.021364,-0.441287,0.533880,-0.556447,0.458917,551.000000,274.500000,597.500000,186.000000,118.500000,294.500000
49.300000,-3.149997,1.423166,0.994831,-0.006051,0.013569,-0.121315,0.992503,0.023530,-0.042648,-0.021364,-0.441287,0.533880,-0.556447,0.458917,550.500000,273.000000,595.500000,183.000000,117.500000,293.500000
49.400000,-3.135457,1.415909,0.985884,-0.008242,0.011493,-0.122253,0.992398,0.023530,-0.042648,-0.021364,-0.441287,0.533880,-0.556447,0.458917,550.500000,272.500000,595.000000,182.000000,117.000000,292.000000
49.500000,-3.135457,1.415909,0.985884,-0.008242,0.011493,-0.122253,0.992398,0.023530,-0.042648,-0.021364,-0.441287,0.533880,-0.556447,0.458917,550.500000,272.500000,595.000000,182.000000,117.000000,292.000000
49.600000,-3.135457,1.415909,0.985884,-0.008242,0.011493,-0.122253,0.992398,0.023530,-0.042648,-0.021364,-0.441287,0.533880,-0.556447,0.458917,550.500000,272.500000,595.000000,182.000000,117.000000,292.000000
